ticker,date,title,description,url,source
KOTAKBANK,"Sat, 07 Feb 2026 06:19:46 GMT",Kotak Mahindra Bank clarifies it has not submitted financial bid for IDBI Bank stake - The Economic Times,Kotak Mahindra Bank clarifies it has not submitted financial bid for IDBI Bank stake  The Economic Times,https://news.google.com/rss/articles/CBMigAJBVV95cUxOMnFraEZuYnhRSW9iMW1Db2Q5bVF5ank5TTYwNW1qR3dfaVFuTDhCbU1oM2VpZWIwbWpNcjNRUUlPREN4SVQ5b05DRHlsTkdQMTNGdHkwdGpXQ0dfWUw2bmYwclJpVTJLcXlFbThFVlAyUUdRRVZMRDdkdXY0Z3p1d0hqRUhhdXhFZDd1RGk1MWNfdE80aFVZQzhUSnR3RHpnS3JJREtuMzdzVFhRNVp3VERMOW4zNDhWemZmUi1jcXF4TmpURl9ScjJMWnFYOE5LYkFhZU5VSXlqZDhkMUNOSUt3ZDVSVUtFY3ktdFZteHNTb1JxbENCMmhjMi1zMGl40gGGAkFVX3lxTFBZNmRuU05QOUVvbWpkOUZwQnhZT0l6bkZxbjZxQXlEV2dBWkZtTFhoWnoyT3RGbWpwSG9uTDhka2ZlaTZvVW9PTW9vVVo5SVpvUnJYaGdFSlluZmJhZ2ZxMTdQdG90c2ZBbFdoVjY2TUN5YU5feXdwSkdJLWVySVh3ekk4c2JsY3RGTkNmY0JXZzVWTnJKQzVONXJRcVNuWExsTnYtWTA4LUNOMEM5cU8wNTg5eU1sMnhhaE5adHBGaUI1WDlqelYzTklkQWNZUElkNS1lUmtscWYyblZSWnNTZUFOYVBDdkNjeVhHY0pnSzNKMXRPcTUzWXNVWFlmLVdhanJ6dVE?oc=5&hl=en-US&gl=US&ceid=US:en,The Economic Times
KOTAKBANK,"Tue, 10 Feb 2026 05:46:09 GMT",Who is Bhavnish Lathia? Kotak Mahindra Bank CTO steps down within a year - India Today,Who is Bhavnish Lathia? Kotak Mahindra Bank CTO steps down within a year  India Today,https://news.google.com/rss/articles/CBMixwFBVV95cUxOdXMzN2sxdE5ldmVudDdaNXhaQUxoZmtDam5MeTF0NGZDbnVqczFHcE1mWExlc2JySUFXRGY3YktjNlptY0x1c2dLWDQzN3VnQTNlNllNQmw2ekRaYXY1YTlEaXM5QXdPRkdYQ3lIeHdmUXRDUnJJcmFTOGh0Z0xpSnN6a3B1a0FZblhUb2lpSVlKZVluaEdza0IwS1FuSnplX0tHaUVoODVFaFR3OU9GRmI4eVY0ck42bVA5R0ZnRlZXQkdWa1Jn0gHMAUFVX3lxTFBqcVRKVk15YkQ3Y3YxYXloUkJkR1lXNFRtODY5VE1oS2VCNnN2OFEyOHdLZHhPR0RGUTlETHNjS210WkRTQ01fVk9wYzhQcXN6dWxoY1loRDQtNDlrQ01rUVBiMm83SVJhOTZGVVE2dWpGYXRkZjJtMEM4UjMxOUtJYjQ3TU9ZZk5zZ0JNUkF4c1RjT010T2VLRno5VFNUMzJzZXBvSnRsUHh6NlVsbXRWYkRLWEFKeU5JYmxrTXRHb2h5bEJSaVRnc0huTA?oc=5&hl=en-US&gl=US&ceid=US:en,India Today
KOTAKBANK,"Sat, 07 Feb 2026 06:52:00 GMT",Kotak Bank says it is not in race to acquire IDBI bank - Times of India,Kotak Bank says it is not in race to acquire IDBI bank  Times of India,https://news.google.com/rss/articles/CBMi1wFBVV95cUxNLVVJNEdpb01YU1ltYXNMdTdwWUhlZmdJUUxDZFZEWWptS1BXaWk2aHVrejlObjdxeVVaclUzWENwN3hrRWlicmJBSl9uLWdJaWtIQmNKQzljUGFiX3A2b3B0SDdCQ3dpekdQd2x5RG1iRkZ2aUdNVUlyNnhKa0RPTXVwWEt1eXNoTXEwR1o5ektmbHI5MmlDSDBCQThETTZtZXBmS0xLN2ZDX244LTBUaWM1R0lKNy01eEtWSWw4Z1VTOHdqeExLcWMzSGRVOGNlNUlwaHI2MNIB3AFBVV95cUxNOXdTRjlyVm1Udld6a3FHYTVZcXRtNmZaaGkyekt0cHVzZExYcTFlMXljdVVhNGNTLWdfX0E3Rk0yNzFFUWR3UmRnLWszVExJWXpsYXI3cmI0MkNldEpNMkt3ZDlxNXN0dlBBQXlTNUdhaTFMZWJ3N1g3a1VLLU5RTnlZSUFZZHBMbW9xSlFVT1g0VFpjRTVrQXVnUWctVzZUTUZMNjFuUWJFd2w5RXdYRDczSnN1SFl6b2xYSGtGMUc0UUNqcEh3YXdZLVpvRV8yckNQVjc5dHJxRTdR?oc=5&hl=en-US&gl=US&ceid=US:en,Times of India
KOTAKBANK,"Sat, 07 Feb 2026 07:18:38 GMT",Kotak Mahindra Bank says it has not submitted bid for IDBI Bank - Moneycontrol,Kotak Mahindra Bank says it has not submitted bid for IDBI Bank  Moneycontrol,https://news.google.com/rss/articles/CBMixAFBVV95cUxQQm9GbExWMGt3VTlCNFdPam1rbmhlMkFLOFpxSVUzbTlLd0JCYnBuYWFGM1dCMnpnNFJNZG5BS0lGc1E4YnhEbTRpODU1bUN6ak5qX0cxUmNqcXA2LXhSc2JvT2hNLU9fUEwyeGtYVUJ2NWlvZXNaN0Z3X2YtYVlNUzVRZGpOOWNhNEFIX3NWMVVrOTdjbnRkNXpqRVRJOEFpWTZlYjlXN05NRWZ5NmFPdTZxWWpTY3o1VE9hT3JEWVppV28y0gHKAUFVX3lxTE5XNUR6em9vZVg2aUJQVUpSSWFNZHlCZ2tTcExtcTRES1JuaFl6U2ptc09LZXhhMHJuVU50UUszbFdleEFScHdUbFJKNTIwM0ROUHRvN1BsenRaenhGZHZ0Y18wMHdETDZfak9ENEE4WVhXSG92dTJva3BoTFA5YWwwSkpndGJaamw2aG8tNGxiTy00TjhvRjJ4RG0xSnpCZFI2VnVfaEp6TG51YnBHNXRPSmhiNWE1TEdBRDhqYktKNWxpc1lubVlEOEE?oc=5&hl=en-US&gl=US&ceid=US:en,Moneycontrol
KOTAKBANK,"Fri, 23 Jan 2026 08:00:00 GMT","Kotak Mahindra Bank Q3 Results: Date, Earnings Call Details, Share Price History And More - NDTV Profit","Kotak Mahindra Bank Q3 Results: Date, Earnings Call Details, Share Price History And More  NDTV Profit",https://news.google.com/rss/articles/CBMiygFBVV95cUxQcTVXUWRwamg4S0VWYllQN08yQ3FiR0hpNDUzNmNKQ1Y2dFlDY190QzZJaGNiZFl4a09tdlp1S1pXenVOMWRWQWtiVFB3THpra25jSUFmX2FibElxX3RQTWJBN1BfMExPZEFBYVg0NUtPd3RHVFJtR3dsWGUzZm1tSWQxRzBxOVlXU1c1cEFLdF9FRExYQkh2VjlZVDZxUkJJODFGUGFOZXFMaFRiaVhfRzMzbURRckVHVjB6bDdsbl9LR0NnVGJsd1BB0gHSAUFVX3lxTFA4R3p4YzNKb1c5OGx0dTM0bDNXY05HWHBPVWMxOGpaakx2UmJkaXBCZE54UDN0alhxTHhpdkxNN2c2bmk0YlZfQzZMdGhGUFpBaXh5VlY5ZEVuUGlLbFVzSVg1NG1kS0UzZS11NFltUWRpR24xckViSjJCbXNKUDQ3TGh3VzE1aWtaTUJZbHdyZkxlWlh5QVBqMDdpdTl3TURzaXVGUHZ3VGhPRnlrTzVLLTR5SFU5QXlhMHFtQV8tQlpNc2ozRE04cHhfelRSQTZrZw?oc=5&hl=en-US&gl=US&ceid=US:en,NDTV Profit
KOTAKBANK,"Mon, 09 Feb 2026 14:11:12 GMT",Kotak Mahindra Bank Announces Senior Management Changes in Technology Leadership - scanx.trade,Kotak Mahindra Bank Announces Senior Management Changes in Technology Leadership  scanx.trade,https://news.google.com/rss/articles/CBMizwFBVV95cUxOaTdHUXctZGFzX3BaT09GVTdPT1M0cDZDdkcyS1U1ZmktUWlvM3kzMml3OVJVODFEWjlWMmN6bWpWbk9WNGdnc3RGMFpEa3pITUlLM0hOOFpCbm1iRnVxeXlZVVBDM2VGc0c3QVI3QjhlUnpwQlNHRV9OdEMxSW14VXcxa0JLLUZVQS1EZ3RlUXYtXzVlczFGVUNhcDFaTTUzLVFSYVdUS0ExaEh0TkY5NF84b2VHcGZ3YmxCVVVlUDM1a3FBdGtLTTRMeEl0TEk?oc=5&hl=en-US&gl=US&ceid=US:en,scanx.trade
KOTAKBANK,"Tue, 13 Jan 2026 08:00:00 GMT","Kotak, Federal Bank lead bids for Deutsche Bank’s India retail portfolio – report - Retail Banker International","Kotak, Federal Bank lead bids for Deutsche Bank’s India retail portfolio – report  Retail Banker International",https://news.google.com/rss/articles/CBMilAFBVV95cUxPUWFRS2pDQ2pzSnRXLWE1WHNXRkFSVW15ZTkwcldsRUVLN2Zid3ByOEJFTkpDS1c5bzdVWDAwNzBtR0JaQUZfVC04VUtLT0RfUHctU2hMSHhTbFNFc3NrUk1xZFhVNmwxSDBiTklhenRlTE8tUDhFTmIyUnN3VjZ0QkVTM2JNX1hZZW1wc292WU9HNUZx?oc=5&hl=en-US&gl=US&ceid=US:en,Retail Banker International
KOTAKBANK,"Tue, 10 Feb 2026 04:44:05 GMT",Who is Bhavnish Lathia? Kotak Mahindra Bank CTO resigns within one year of appointment - Mint,Who is Bhavnish Lathia? Kotak Mahindra Bank CTO resigns within one year of appointment  Mint,https://news.google.com/rss/articles/CBMi4AFBVV95cUxPVnU3SjJ1WVZ3aVZjTXhHOGo1NjZTUkthNDY1ZnM2dzhobnR3aG9Ec2U0aGVhRXhPQ0VpenVxS3lkWFMxdHhnaGRNN1BmejJlcTUzLTQtal9SQ0czeXBvV05rOTRNMURWTHNEU0dkbDlwcVlTSEdjaTljdVUtM1JIQkxmNXNhS2Z4TUNPVERJMF91UW1fdWVPdDNkczlTSkNZMVY5eGh6RkdocVNrZVU4SU9UUnJyVG1JUzlJTm5KbEh2WlNpQUtwd3V1SWt1djZOREd5c1M0am1MSmhzYXlnY9IB5gFBVV95cUxNSFphYzdYNTNleWRfc0NzVUxCaFhMNm5fVzExRVpYRnFnWmoyUHMtTDJweDJIQzJkT3hFTjZrcWg5LXFVZHNQbG1FRmtXb2J2S2JKWEQtTWFMbGpLWHRZb3RfREtPcWMyVk5nRDEyTEdWQkE4dlE0Mlltdk1rSGxUSnM4UUNMZXV2SVR3ZDAwNFRudjEzZTI2MjFUN01zamdVdjdLUEtTZEc0M3dobVBiSERqOEtNR1dZQ0RKM3IwaW9MTnBqWl82SUxsbWhYcW9VWUJpVG1MT0VMOUdsc0NYSUpsMjNfUQ?oc=5&hl=en-US&gl=US&ceid=US:en,Mint
KOTAKBANK,"Mon, 09 Feb 2026 16:52:00 GMT","Kotak Mahindra Bank CTO Resigns, New CTO & AI Head Appointed Effective February 9 - PSU Connect","Kotak Mahindra Bank CTO Resigns, New CTO & AI Head Appointed Effective February 9  PSU Connect",https://news.google.com/rss/articles/CBMi3gFBVV95cUxNV1hZaTVmODVfNklFUWZqWF9JdEpSU3M0emk0M1k3UHJTSlRkQ2lnU2ZUMVp2NnpPVVZRVUFfM0NicXNUWkdMc3ltc21CMEEyX2U5cFZYNXJsOUVlQWw4N2FzajJyNFRxTTlkalNfQU5EY3BSM0NvcGQyV2hIQXUzRnNBSU9wQTRMejFyZGdBRkhSRU4yVkRLUDNSYmQwb1liQ2J3RnA1Vm5LRURQVU5DWlVzR1FnTF9TdGhFYkZXNkk0V1piMm84VEtHS2dvbGJKRGlsSWxHNEllbVlyUXc?oc=5&hl=en-US&gl=US&ceid=US:en,PSU Connect
KOTAKBANK,"Tue, 13 Jan 2026 08:00:00 GMT","Kotak Mahindra Bank shares trade ex-split in ratio of 1:5, check key details here - Upstox","Kotak Mahindra Bank shares trade ex-split in ratio of 1:5, check key details here  Upstox",https://news.google.com/rss/articles/CBMi1gFBVV95cUxOMkFSS2Jjal9JS3R6REFvY0pnaEVHY3F5VUNpSXlfdEpSU2JpU2dlN2NqemhZRThJVGlDWmlfS1lQNFNnYU96V18tM1kzX1VFRVJGb1RGQWNZeFlHaFQzWjdUdVhTcVVEN05JbHVHeVg5OGtCeFZ2V2dyaUhJakNXSnBwd0pzU0RsbWswMmhBRUI5aTdIZklGQUZtd3RURVRLRmZ2YmJHby03ZXQ0QU1Ra2VXZ3R6Mlh6NnFaWVZzWGVaT0k5WS16cjZNaEpSVHdpM0FzMnN3?oc=5&hl=en-US&gl=US&ceid=US:en,Upstox
KOTAKBANK,"Tue, 27 Jan 2026 08:00:00 GMT","Kotak Mahindra Bank Q3FY26 Profit Rises 4.3% to ₹3,446 Crore - India Infoline","Kotak Mahindra Bank Q3FY26 Profit Rises 4.3% to ₹3,446 Crore  India Infoline",https://news.google.com/rss/articles/CBMipAFBVV95cUxOVlFoLWR2NkYxeDlSa0p5LW9FUC0xU0t5OHBzYWVyU0xSRVB6NVllVk9hbGlJRnNTQnB1VkJGWE5rMXRPV3hGR3BVNldSMEx0SHZ6c3V3QTNZX2JTZnZRSXJ0bWxfc1gzT3RXS3lCVk1lWDVLbUlFOWNSeWtUd3hwNF9QQmRSSHRSS0Y3eFc2THZTeVFuVHhCU2ZHWDJiemdjY2RxZQ?oc=5&hl=en-US&gl=US&ceid=US:en,India Infoline
KOTAKBANK,"Sun, 25 Jan 2026 08:00:00 GMT","Kotak Mahindra Bank Q3 PAT rises 4% to ₹3,446 crore - The Hindu","Kotak Mahindra Bank Q3 PAT rises 4% to ₹3,446 crore  The Hindu",https://news.google.com/rss/articles/CBMisAFBVV95cUxNQkVpd2xNZXM3azAzUF9BU1BUZ1U3YVhLU0E4R0RvYmt5WW5TczluU25NdzRINThoNUc1OGlGSVc1cko3RnFsY01jSVA2NkxZRy1walN1TjJkT1EwZ0pEdHVlcDlpd1FJWkhDMGZ6VjlRZGx1bWtRWkZBV3hkT2tSWmFNaUE0dFhtU0hMTWdPQTRyd3c4eWpETVNoejhXdzZPOVB4RUpmR0NoclNaMVhJVtIBtwFBVV95cUxQdFJ3VVlZOUk1aTZRRThaMHY0THc0blpKYlRJZFpBTE93TEN5Um0xTUt6Wlp3a1lPeTlOdEtZUDFKZXFpUVEtVWhKcV91VXFRZzVIa2hjSFZNT3J1bnFZVEItbjRFNnVzU1JiSnhlQy10SEh2QWtyVUpxRnd0WHB5ak15MVZFWW12SzZ6VFFKcHA2c2R2b0ZDbmpwQ2pPMUwzMlI2RkYtWEhxUTdFUFQxaXozLXVsVUU?oc=5&hl=en-US&gl=US&ceid=US:en,The Hindu
KOTAKBANK,"Fri, 06 Feb 2026 17:53:35 GMT",Kotak Mahindra Bank issues India's first fully digital FPI licence - Business Standard,Kotak Mahindra Bank issues India's first fully digital FPI licence  Business Standard,https://news.google.com/rss/articles/CBMi0AFBVV95cUxNbUpwVzlqMUhkc3RvTzNVandzbWV6NWVyV04tMk5UME1aUm1EclU4VUZHTmRibmNXSzJpRjFGQ0pMQVdFRWJpdWZQMFJZcXZQNkNKVXVjc1VTUjNjbU5aMkwzUFBzUEpXS0toVVByemxiUHB5SDQ1cTB6b2hSS1A3U0MtbW9fbF9LdUpaZVM0NHYtTDIzdnliZmR0SVNSd2M1djZBMlNvVzVpTmZsbHVQSmNfcmlCR1JDN0hYcnJfVjEtdnhIS0hsX25jSThWSzN10gHWAUFVX3lxTE5Cd3B3X3RSNHBGWlA3SC1iejdvRGc0MWt4VkFZaTBucTZMc3RvUklMS1B6TUxaYnZXREp5dV9EM2lEWWNGbk85TUo1aTlpcll6RkpiSV9hTi1mSUJZMG1rSl92NW1wMEVmOEt2SWJ0RGVVVlQtM0ljM2VuY2xQeFNiWEhzQmN0UmVXVXUxR0FpUXhMeExYcjctdGVNZU5SY21QZktRTC1Ic1VwSzZlMFFHWXM4MG4xZDRuUzBIcGM5X1ZzTFpuNmw3N0dmNGk2WkNsQ2xiWmc?oc=5&hl=en-US&gl=US&ceid=US:en,Business Standard
KOTAKBANK,"Thu, 05 Feb 2026 05:52:47 GMT",Kotak Mahindra Bank's hiring spree means jobs for 500 engineers as it eyes ginger and cardamom in chai - The Economic Times,Kotak Mahindra Bank's hiring spree means jobs for 500 engineers as it eyes ginger and cardamom in chai  The Economic Times,https://news.google.com/rss/articles/CBMilwJBVV95cUxNVk1nUE5IcVRSV19qQTBaUzd3X1NXejhlRFBQb0hoUzhBUW5fR3UyZHJWTk0xakNkVlVSeHJwNFI1WW9RUlhkX0llUWlXUUoyRGl2THI1Vm1oaVFZME1xMjNKbUQwSklVNHF2LUtydmpwUldveHdyYS1qZzU1ZFFlWjh2Vk9ZeHpoOVlvMk13OFVlYVZsc2l1ZG9QVWN0TURoQ1pDREQ3Yi1CNkpoNTAyLUVlSEkyTDU0SElzaktoRjlNYUs4YzRzZ0UwczlwQlc5MWlpbkRYZWs0Q1ZFbFRUSDZMSnNPYmJzNkJ1NC1YSkdZU1N3YTlFRTBGcUJFNFNWUUx3OGVXZEtJRXZpVmMtdzA5NzRndkHSAZwCQVVfeXFMTThnVnd1UWJOd25aVDRGOUtpalBuUTJia09id0tndEVHUlhyejNQUzFzVC0xNUZNWkFiVmRiYnhnWlZaOGpBZE5ZekFyZ0R5T2kxbVFnM0hrT2ZTcDBWeGpRMmFTVm52SDE2TktiOGM1bDFRdkl3Wk5TbENtb19nSFRHeVBxZUV0cWhLLUFyal9XT0RJRTB6YkY3cEMxa1FuaklEZkVzNlVUaDNzb1JjQmhpX2dQV29acGkyZ2dmejE4NlZsTm1EWkVJdlVYNmRGcmdIWDFLQUtJOFc1cDNGUDVoRmNyRXhHam4tak9TY19USi1reGtQOFpUQmx2N2dPNWRFNDlwdU9CcVJYZUZPcDNXWElvZms4bmpuQ2Y?oc=5&hl=en-US&gl=US&ceid=US:en,The Economic Times
KOTAKBANK,"Tue, 27 Jan 2026 08:00:00 GMT","Kotak Mahindra Bank shares tumble 5% after Q3 results miss estimates: Should you buy, sell or hold? - Moneycontrol","Kotak Mahindra Bank shares tumble 5% after Q3 results miss estimates: Should you buy, sell or hold?  Moneycontrol",https://news.google.com/rss/articles/CBMi8gFBVV95cUxPNkpQMWQzajQ3ZFV6a0pNVVdSZWVnNmpuNzhHQ1hQd09RbzVGYk5wQ3hhRzJmYnJMNm9iS2hOTGMyYUZMdUtqbVZtWFFkYTVDc1NpLVQ4X0x0Wi1NV29jU0lyWUpaYTJUQkVySGRGS1luQlRZalRMN2djT01feko0RWtDYW1PNGRIa2hwQUVqWkwzT2QyLUdWa05YNjM0cEZ5TVVscWxNLUx4a3M3Q1ZZOUFsc3Y1RVJhVUNod2dRbFUwM1EtcjZfOTVpNXg2bkg4czFrLUNxaXJ6UkpONmQ2R2VZQVUwcVZXWHFKZVl6bFZmd9IB9wFBVV95cUxOYl95VGxnS0NEN2Y3UjNjcDhvek5LdE5XLXhrM3hiUmlNVUFYLW94UVFsNjR3eFRfbjloOGxnYVhtQmIxQ0ltc3UyNHZLa0hjSE1BZmhoS19Oa0pQMUViRU1teGRBVnNnSDdwTWZxU3cyVGZ2X0JvSncwbjczVnhIbFg5MmphaXQ5SjN0MFNtQTgzLVBwWW9rbFRoYjYwQ05pQ1VWSmw1TmMxOWRRQUh4M3RoN3VpcGRwRDExZUZuMXRXVHMwaVJqMURUcWFVZ3lJb2o0RXlVZUxkOEhlU1hJelVVNUVyX0RxSk45MmM5LW1kOWdJQmxV?oc=5&hl=en-US&gl=US&ceid=US:en,Moneycontrol
KOTAKBANK,"Sat, 24 Jan 2026 08:00:00 GMT",Kotak Mahindra Bank Q3 Results: Net profit rises 4% as NII and operating income improve - Mint,Kotak Mahindra Bank Q3 Results: Net profit rises 4% as NII and operating income improve  Mint,https://news.google.com/rss/articles/CBMi6wFBVV95cUxNRnltT1llamxyMmdlZmxOcUdYWUx0cmFhZFZzSTVNc3FzNXBEaHBNdmo0RVdHQ205U3lwOWh6cXBScW1QeDZoNFRVSVljLTA4RUpqbXBjS1RoZmRnWHZYajFfczVqMGlxd3dHOF91TzdkUnA4Y044emZpNDF6SExoSjFySGcxN1hJcjNhVlU3c3VraGpUVGFXT1FJZUk0MUFpRTFWTExtazlaYl94SlBTVlA3MzlodFZqdnAyNDdfVzhsS3c3U2ZPOWEwRzZPcTB5bzhRdTZtRDVlTXhCWXNnTWZjWHNFbmxBTmlF0gHwAUFVX3lxTFBBUXhMM3N5djNjOVoxUW9qbHktS1k2Tl94Wng4MDBWaHQ5MElLYmEtaTZDQWFhU3pZVkFaclhZZVhZVHVPR1ZodDJHY1NUMUZTdWFBc3haR1hoenBTSXJBOFl4cGZXSV92YmMxZVJ0U2dLbHBWMFd3bzV5X2JqeF9jUXNqVmdXZ3BEMUlJZkpiaVZfNnF3R2hFdy1TU0c3M2RlWTQweU9vRE9paWVOa1ZZdmdKQ2lvRGxmTnllUnhUWFkxeGd3MVpXMVpqMVM4RGNRQTA0TzhZdWxWeXdmaFVYbVZWazI3TmtRUWdGVE5pSw?oc=5&hl=en-US&gl=US&ceid=US:en,Mint
KOTAKBANK,"Mon, 09 Feb 2026 15:05:55 GMT",Kotak Mahindra Bank CTO Bhavnish Lathia resigns less than a year after appointment - The Economic Times,Kotak Mahindra Bank CTO Bhavnish Lathia resigns less than a year after appointment  The Economic Times,https://news.google.com/rss/articles/CBMi_gFBVV95cUxPbkM0cE0wano2amlLc0JkbGJqLVIwNnUwWUZTYmpzZXRBczdjT0hNeEtDRS1rMDV0dlNZRDVvYkdkcnlsZ3JzczFyM0dwVWNqQVZiT3NfTk9QeEItUkduem1jVXROOTVLWU5VRmRhTVo1TVRWdzJIb2lOY2hvY09OYl9fSk1RbHM3aVhhaHpyRnpXMlpjVHlRZExtY0xmeWVsR0pwcmRaUFRxanZ3Yy15RWY0ejRNZzhLTXhKTkE2WHpsb0pyNHJpUDhzLTBNc3Boakc5UlZhSHFGc28tSFpPYm4ycktTRkdLN3ZubXpKajlaLWo2RjZlZzFKbzlFZ9IBgwJBVV95cUxQTE1Ja2R4NEloaUhMQmJrcGljOENtaGpQRmhTSGd4RFViRTAwRjgzM2JTMC1UTmFCRm5WOFpoR0ZJZGlUaWFwWEtoSG8tQXkxSmJHRE1udmpjenNfLWJVZlgwa0F1MXM5MFZhd3JmcXplaGZHQTg2NGY1NTJ6c0ZKMmhIdXNnZ0JYSE9OclR4OWdOQXVyOU9MOThHZUZ0NW85OG5IbGNTdjBNR2tlZVBEWXJLMHhFZVpnNkMxQVgzS1I3dElZWHdUdmtoVFFnOG5hajl5dkphU3M2el85Qm44dS1ZVmp4NjNPajlWUTFnUG4wNnBtcDh0SmM5dVJzYnVkUFBv?oc=5&hl=en-US&gl=US&ceid=US:en,The Economic Times
KOTAKBANK,"Sat, 24 Jan 2026 08:00:00 GMT","Kotak Mahindra Bank Q3 result: Profit rises 4% at Rs 3,446 crore - Moneycontrol","Kotak Mahindra Bank Q3 result: Profit rises 4% at Rs 3,446 crore  Moneycontrol",https://news.google.com/rss/articles/CBMitwFBVV95cUxNY3Y0SUpzaXR5WklOZ0p6TUUya1Blemd1WC01NFdoRWkxSjNENHRJQk9VV2RVdUNCc2sweVFoenJKRzI3RWRDRzZ4cXlUdDlSMDVhVl9pZUFsM2RnWjYzX3NqeGRFekUzQWhfQk45R3ZsbzUtNEthbF94MTNJNWY1T0QtZ1RlT3pMLTdlbmRaUlV5N2JuWFBzaEY1OUJDcFc1RFpETnZCc1kwOWU5WGFkczFZWDhqbnPSAbwBQVVfeXFMTUZXdVl5azdJZ3dqVGRyOWtaS2xnYUpIeFU4eXN2d0FiZG5TOE1JTElWVXhoQlc3cmdRNElzYjNtZTBHOXBhWGgyNWI5OWFXSUwyeklyU1NIeHlsYk93NzJyZVJCQ3QxVlpXRi1YSzlKdmwxTFdfS2RwMmZNa0c0ZTR1bzctS3d0My1TY0dwMHZJT0l3YlBxTHNLMDBQdldHcGstdVI3X1RTNExwSWdGQlBHd1pKaEw2Y2E1Z2w?oc=5&hl=en-US&gl=US&ceid=US:en,Moneycontrol
KOTAKBANK,"Tue, 13 Jan 2026 08:00:00 GMT",Kotak Mahindra Bank 5:1 stock split: What shareholders need to know before ex-date - The Economic Times,Kotak Mahindra Bank 5:1 stock split: What shareholders need to know before ex-date  The Economic Times,https://news.google.com/rss/articles/CBMi6gFBVV95cUxQc2ZkOGRncXlTakxiTmM0ZWJiR3BqdXhHbVVsMUdqSlZqTWNjcmV2WTdiRkh4MHJpczVhVEV6S0Fqb0Q3T3Y4U0VVbnl3R2FQUEprOWFaQWwyX1J4bWZENldqQWdVMHZQcDRyTzdZWThSOW4wUVNmMlM0TzFsTFdRVHFzUDBpZEJ1aFFkWW1oWE1uSHR5OFhqZ011TXBTSG9kMTZlZVJVSUxMV2NNb01zR0NjVkk0WWlSeDFocmZ6Wng3dTJfUDR0Yk9qbVFWVGRkUG5yRmpKUDFsdzdqZUpxUEc4Z2FEWDVZV2fSAe8BQVVfeXFMTUh6c3hkcXFjUklNNVhrSzJySThNZlgzZ3FacklxYnZpaHpMTXFYS05xQ1A3U251dFo0WktkaEotN3d4QVZYWDV6d3Fhal9aMnRKQTJCSzNkVjVVNlhQRzNsTjFUdnlNM1ZjMzdrTEJSclVzSkxncXUyZFdlbThkQTBYeklMOTFrbTdwZXRjR1FabTFHazVndFVibmptOE9XcGVIS0hZOEF4NVB6ODI1SHZVdDIzWUgwaV9hbFBHSWZXQktuSS01eFNVNzN4WjlmbGVoaVhtR3F3QkJXckRXa1BhN3VKek9Ob3E3Z1B1M1U?oc=5&hl=en-US&gl=US&ceid=US:en,The Economic Times
KOTAKBANK,"Tue, 10 Feb 2026 03:34:35 GMT",Kotak Mahindra Bank CTO Bhavnish Lathia quits as churn at the top continues - Moneycontrol,Kotak Mahindra Bank CTO Bhavnish Lathia quits as churn at the top continues  Moneycontrol,https://news.google.com/rss/articles/CBMizAFBVV95cUxNN2hOVE5iQkNnc2VsbWpvWXlJeVZVUDVUcFdJbThoOHFPM1lLSzY3YVA0dnlXVUNmVGcyUzB1VnByOXJ5d205NnJQRklXZWY0MGltRUxPd211Q1hIaXJMTFRDOS0tUkJTUDhFanN1S3R0VlNKMzlHWHhqbzRyMnRhS2JYaTRfUGJTaEZSclNCTG96UkVGT3FEcU9HTzhNMXV0UEdEek5YMnpJWkdmUEdsZDdTN1FaYlNpbnlyb2poN1U3blZzcHdZOF9lakjSAdIBQVVfeXFMTkQ5Q3JnUlVCR0pVbEU0X0ROMXNTTG1WOG1yZkt4LTZ0NVpQTFEyamkyVVliNU1YdkI1UmdkR2JGZTY3NHl1TXhKN3phVlo4Ymp3YUJQWXlDTnVPY1NydGgwd1BlTmxIVXlPX19GNG9LQnA5QUFoOUxkcGx3RTRKT2JMb2gxbDZmUHpBNl95UXI0VDZaQ3ZtU1pTeWQyRmJYbGk5Z25qcmZrZ3VwbjN6VWdLNmttVUlRQWxyc0MxTmJDTnZnT1ZwNDRmZXk0M1Bwb0FB?oc=5&hl=en-US&gl=US&ceid=US:en,Moneycontrol
KOTAKBANK,"Tue, 13 Jan 2026 08:00:00 GMT","Kotak Mahindra Bank to declare Financial results for third quarter, will raise funds through bond issuance - PSU Connect","Kotak Mahindra Bank to declare Financial results for third quarter, will raise funds through bond issuance  PSU Connect",https://news.google.com/rss/articles/CBMi2AFBVV95cUxON2pVTjVLck1PSHlFb0o5Z202QnlKb3hnSUpla2Z4NXlZT0dydGhoOVV6UXZIVkJ4dmhPa2kxRVJEaXN2cDlNaGxyajB5eVMzYi1wc0V1bVJvWmhIRkJXbjU4SkF0bnZQRXRiTkdtZmpXcVl3RFZpeUEzSmRZaXN5UWk2N0NFSXZEZWp1eUdDWnVOeWNVNldWQ1pZSnRhTzQxTzkteU5KZDNxaDU2X01oX18yTXR2UGdDNzJkaFd1ZkJIWEljZkxjUUY1V2dKUXJrcUN6MzBYRzM?oc=5&hl=en-US&gl=US&ceid=US:en,PSU Connect
KOTAKBANK,"Sat, 24 Jan 2026 08:00:00 GMT","Kotak Mahindra Bank Q3 PAT up 4% to Rs Rs 3,446 crore; NIMs remain flat - The Financial Express","Kotak Mahindra Bank Q3 PAT up 4% to Rs Rs 3,446 crore; NIMs remain flat  The Financial Express",https://news.google.com/rss/articles/CBMi0AFBVV95cUxQTlEzSlRIWjA1dHpHd3ZBdXdGblNSM3BMNXJqNXMzZnVqaW56cUZlNllubHBCZm81LTNuNFBTaGNnNkZRX3BFUGlCZ3poaWt0Mm5laWJtX2lpSHpyYXZLQWxkSjNCT0VTWW5SREk2Z1VwbG83VE5zREtZTWdiRlFnNGItLTNKdThjWW16Und2dEU0VGVFNkRXOUFWNUhYeEphbFEzcHJmWi1iM1BHWE5ITWJvMTAxWUMteG5PVG0wdWxCRU5NWTJmOXBwUFpMd09j0gHXAUFVX3lxTE80Q0h0Z2Uxelp4ZWI2WDVWX1RrVTV2YXl1R3Bzc0NBaU5zazhoZ0pweVZMSjROaWJZeUZ3WEhxa2gwaU5FWjMzSV9wTlRicGVLVkZYaHo1clMta2FMVFduNTJuaUlXZE1WNVJ1dzNCZE1XQ3dhdXBaSTNLRlloXzBWUTg0UUJ5UGwtMVpZcDFheEtGUm5VV3FSUEtQZDBaLURTZ0h3TWlUQTZHQmp1US1ybFBOaG9NdDZJSHNaSFJldkxUTTBDam5SaTluOEE0NlNJN09mbV9F?oc=5&hl=en-US&gl=US&ceid=US:en,The Financial Express
KOTAKBANK,"Tue, 27 Jan 2026 08:00:00 GMT",Kotak Mahindra Bank shares fall after Q3 results; IIFL flags valuation concerns - CNBC TV18,Kotak Mahindra Bank shares fall after Q3 results; IIFL flags valuation concerns  CNBC TV18,https://news.google.com/rss/articles/CBMizwFBVV95cUxNWXl2QTFHR0hSQTRRWkxNRU85SVZwZHRFRWhhdENoaVY4b2x1MEFIOTd1Z0xfUUZ6eHpVX3Q2R2hfY3YzdUY1RF9GVmJZTFV6V01Lck9FX1VyMTBIQ09kbXRxdERMVWk0QTRkcjA3NnpURWFVT0FHeVZacmRaaHJIbmZSX0lLLUV2V0I4NzhpamtGWDdxUjRiQ3lYN2w2ZXhIUlhYMld5ZHZvdjhVaThRR2RVTnhObk9oTi1qaW9UNjVKYWhTSXhSVnVOOG1mMHfSAdQBQVVfeXFMTlN1NHJrZ1NOaHZmZHNmQXZmeXRRSm5oeHNiVjlBWFZ0NTQtTkVvZ1Q1SnpVZ1ZYbzdTSmtpUllLa3htOEsyYXFBSVVjSTEyVXpSMnh1VVBxUzZxOTd3UUh4bXNsckliaWsta2FqWTB6MW00X2FuOGRscmhjSmJRYnFkUXUxREhuTkplSm0zNzRnZXdJeUJQM0VNQmwxb1g3VVNZc2wtYkZhRVZ5X3cyNFRETDY2MzNyRy1MdUNrdTQwT2c5NFVTclVkNjR1Tm5TUGFuZHQ?oc=5&hl=en-US&gl=US&ceid=US:en,CNBC TV18
KOTAKBANK,"Sat, 07 Feb 2026 06:41:46 GMT",India's Kotak Mahindra Bank says it has not submitted bid for IDBI Bank - Reuters,India's Kotak Mahindra Bank says it has not submitted bid for IDBI Bank  Reuters,https://news.google.com/rss/articles/CBMitAFBVV95cUxPU1dFN05GUUNNenV0bUJvZHlpbWMtQlA3cFlUdTQ2Q3NnT3NXQk0wbU1IeHVmdTJqM1FYX2dzOExBWXppRTF4bXFZcVhFQWFFSnRFMXpvQUNDTEZIbEh0X1loYTRhNWEwN253RzZUR2c4VEo5NnVjblV0SmMzUnpocFR6RDdTek9kbWY4dEtxNW9mUEZfWHVjYmVkZmdBeFlzNDFobmpHelFhNUtnbnVpb09Qd1M?oc=5&hl=en-US&gl=US&ceid=US:en,Reuters
KOTAKBANK,"Tue, 13 Jan 2026 08:00:00 GMT",Kotak Mahindra Bank Appoints Anup Kumar Saha as Whole-Time Director - Elets BFSI,Kotak Mahindra Bank Appoints Anup Kumar Saha as Whole-Time Director  Elets BFSI,https://news.google.com/rss/articles/CBMingFBVV95cUxORUItVHg1Q1czWS03eUhOQmRwS0xqUTY0SkNvQ2lVTVhWTzh1c3pHOHFaelZRODEyWGdJTEt5ZF9zZzB6Mjg2amxXTXg5SFJTUk5ZR0JGTmxLWjFSTk91dzYtZ0U3TG9KeGtjc1RWNjd4WGhVaTNzSlVmOGJqcWYxNG5SSXVtM2VyMEJBU2M4U3pyR2g3RGJqQ3dfdHBDUQ?oc=5&hl=en-US&gl=US&ceid=US:en,Elets BFSI
KOTAKBANK,"Sat, 24 Jan 2026 08:00:00 GMT","Kotak Mahindra Bank Q3 net profit up 4%, slightly below estimates; asset quality improves - CNBC TV18","Kotak Mahindra Bank Q3 net profit up 4%, slightly below estimates; asset quality improves  CNBC TV18",https://news.google.com/rss/articles/CBMi5AFBVV95cUxOLXlwWkV3M0p5ZHNXdEFNcmNwTmFGVXRnUkEzdnpMYy1MZ3p1OXJvazc5LVVKMmtZYVg3M0pFREs3amVrYzNfdXVFRVRDdkVXVWtnYW9CeFg3cEk2NzRKY1RLa3pwMk9jNlVVRldwLW1Nd29PRFRsOUVINS1LUGxJN3UwcEVRU2R0ank4YlUxdVVfM0toOXJsYkNBUzRRMEZIUm4tazd3VVgtdDEzSUlrVExsRTFWdU5wNlNRVDkxNHpwWkJudE5veHQ3THBJX0xxcWc3QkhfUFpmTnZKeHl3amMxVULSAeoBQVVfeXFMUFJMWWhyUlR3OFUxZjhKbE9WN1BCaXUxMXB6RUZUbHlRYy1kMy1TTkdYdGV6Y08zbWt1YVp2ZXlpLWd1NlNWWW1ucnAyaDZrMEI4ak45ZFlGZ1RWcmZ4cm55UmUwcWpCcE15N2NjMnNvY2d3eDZDd2xzdlVoOEdzZ3RQUXpTVmladEpZM3lPUUxobjVKUW1RVkdQdHBBM3lldTZHRmg2V2dwVWg3bTNLeEdMd2Fpdlo0V2Y0VVN3MVpOT3pra2l4S1NPUEEyUDhkWWFEN1c2VzVRcTVGSldYZ29iU1EtM1FHNG13?oc=5&hl=en-US&gl=US&ceid=US:en,CNBC TV18
KOTAKBANK,"Wed, 14 Jan 2026 03:46:18 GMT",Kotak Mahindra Bank stock split explained: Why share price may see sharp fall today - MSN,Kotak Mahindra Bank stock split explained: Why share price may see sharp fall today  MSN,https://news.google.com/rss/articles/CBMi0wFBVV95cUxON0hxX0xwV2FENGVZRFJSSjdma3BrM1lZLV9HbUlmQkRKOGtHSk9wNUhFdUJiWW9LdUhuVS00ZFBxLU9va3psLWJLUFZUcHVFcGg3NVloWjI1TUpRSWp5Qzg5NmZ6YXk4ZXQ0bXlSWklhLTIzcEZHNzVWZDlpbHQ4T21EYkcyTkdvOWxhZHh1STRsLW8tVEN3SEl4SHNhN3MzZ0Z5SGdBWWFjZ1Y2a0lrSThSTkdlLXFnSDVmdzVwMnB4a3BjbVNLMEtycEFUejB3NGt3?oc=5&hl=en-US&gl=US&ceid=US:en,MSN
KOTAKBANK,"Tue, 20 Jan 2026 08:00:00 GMT",Kotak Mahindra Bank Allots 8.31 Lakh Equity Shares Under ESOP Schemes - PSU Connect,Kotak Mahindra Bank Allots 8.31 Lakh Equity Shares Under ESOP Schemes  PSU Connect,https://news.google.com/rss/articles/CBMiqAFBVV95cUxQbjd6dXhQZHFBeTdWYTBMUmtrVHZERUhkc0hHMlNITWQzc05hOVMtY0JLNldHcjk1U01TeVpHNEtvWC1aMGlBOVN6Ml8ycFFHRzJuRjhsRjVmaUlwM21JdGcwejdUUXVaT2lLVW80R0ZleWpMN1dOMkFjak5hQ1VlNWd5N3ozeWE5OUdsVkVzNk5oY3hSMFg3T2ZuSjlVemMyeFJ5TFZqbjc?oc=5&hl=en-US&gl=US&ceid=US:en,PSU Connect
KOTAKBANK,"Sat, 24 Jan 2026 08:00:00 GMT","India's Kotak Bank profit rise 4.2%, misses analyst estimate - Reuters","India's Kotak Bank profit rise 4.2%, misses analyst estimate  Reuters",https://news.google.com/rss/articles/CBMipwFBVV95cUxOa1BqbnEzeGhPVnE5eHRLVENtUDJxZkVLbnRnSVRlb3RHLWxBaUJ4SjA1b1NrUGtybUhJWTZmLWpHdFZSeVRnUVFKTVZ5RnN1Z0Q4WHU2WGxXSGwzTm9iTWdYNDhmU2dTYTFDZkc3SnhPc0lNeE1mMm8xYnFLVjgtcGFXdmt2Zl9kMmNtUHdLTEhaZTNiTzN0VXBISjVZczByRUd1VzAxYw?oc=5&hl=en-US&gl=US&ceid=US:en,Reuters
KOTAKBANK,"Wed, 14 Jan 2026 08:00:00 GMT",Kotak Mahindra stock split: Did private lender's shares really crash 80% today? - India Today,Kotak Mahindra stock split: Did private lender's shares really crash 80% today?  India Today,https://news.google.com/rss/articles/CBMiwgFBVV95cUxPbUpFX2VMNFdZY2Q0dVd2Q01yejc1S0VZb2ZFRllodXkzZE5sVTJoZlBBR1pIdEtIZmJhbjZuaGtNbHVpUTJiZXctZmdvTG1DNTNHQVB6TUMwQTh6UUgxRW9fck92VHNjNk1BR3d4emRybWYxd08tckktZVptcEFfaFktSENNT2F2dlNCM29jMkNVcFltbTUxUFFPaW80dldpa1dfbFkyMlQ2bVF6aGNpM1dLTWRXUzVpMGhZN25EQktOd9IBxwFBVV95cUxPTkdBdjkzYjEwMGtsbm1aVDlfM3VhaXRlcWQ3eFo5T2ktajV1aGFOdkRBQzAyUkU2elVQd0dta1NjUVlUczQyaFp5d2lUOF9KLXpneHBrT3hENWxRakN6cHdUZDBrcUNwRjl2TXVLeUpPSV9XWjF2QUxQeWd3MVpyN1l5SmZrZDdDWWZrVHJnQ3dKZHNYTDRkeVlkUDY5QmNYanJJQTZxUmlfYndITnJOczMzQmhxQmZuRlpGVUxpMDcwTmxrRi1F?oc=5&hl=en-US&gl=US&ceid=US:en,India Today
KOTAKBANK,"Tue, 27 Jan 2026 08:00:00 GMT",Axis Bank overtakes Kotak Mahindra Bank to become third-largest private lender by Market Cap - CNBC TV18,Axis Bank overtakes Kotak Mahindra Bank to become third-largest private lender by Market Cap  CNBC TV18,https://news.google.com/rss/articles/CBMi2gFBVV95cUxQbEtUYUtabWF0QXhfUWsyWjJzTmlncERYdmVCMm4zTDNuaE5RVV9VT0ZwUnM5RDh5SzdHZll5LXotbm4zUHVleVFPQnJzR2dPS3RNNDRBTy04Q3lJNG9pZEN3VkRCenhrODRQa2JIQWxlN2RPaHlNOS1qTHlfNVJUZ2wwcXJpUV9IY25HcVpqdHZMekJHMWVadWl4QmVEajV5TUpLVUxDMnludG9mTm5Fb3QtMV9TZFVHa2laSDNVS1VmMWxHa29FUDFSa01FOUdPXzJmRloxQ2VGQdIB3wFBVV95cUxNM3A3TG9BaHo1dlR1b0tIcjMxVVRDdlkzWE51M05XVGNrRGg5aWZ3cVJkZjRlUlhMUkUxYlk0WUdvbVRFbVFGM1I2bFl0Sm1Rczl2NHZDUzhrQUxfZmg4d3RRMnJSUTJuaWZnWnVLWmY2RmkyWVFlZ3RhSUhzQ0p2M053bkdCc0tDYjdmbVdpMnBoMXlSMk5ZcGxsN1RSRlJTZ0NGWjlCV1BORkhrTzQwNnNHTTNQbktLbHFWVGhsV0NDOEpocUhhQU5aLUpCZTVUNUdVSTNXNFA0SFFxejA0?oc=5&hl=en-US&gl=US&ceid=US:en,CNBC TV18
KOTAKBANK,"Tue, 13 Jan 2026 08:00:00 GMT",Did Kotak Mahindra Bank stock really crash 80 percent today? Here’s why investors must not worry - TradingView,Did Kotak Mahindra Bank stock really crash 80 percent today? Here’s why investors must not worry  TradingView,https://news.google.com/rss/articles/CBMi7wFBVV95cUxNYk1zWHlPT2ZQclJqclIxNDhaQTR0eGM4VkQzRk9aVTdfSk1fVjdIemxBUTJqcE1sZjZpRkxVOHhadlB2MlJRRVhPbTFQTkJkOElPajZEbHdQbGktRmM2V1BsNzlkZjU4d09zeTVfVXVSWE1NVGw5Ym5uOWFqanRGYjhVVzdZN0hXQzhoZThOdUVYV2R2a0NGb2w3SkMyTDRhdV9xVE1pY3JEMXVvWmdvNUo1NUNDUnJUbS1XYjNON1NKVDNoUzhNc1BhblNqbk12Tm1wV2IwbzA3Z0VSUGVnYWdwV2FqTjlMRkgxR2lqZw?oc=5&hl=en-US&gl=US&ceid=US:en,TradingView
KOTAKBANK,"Tue, 13 Jan 2026 08:00:00 GMT",F&O Query: Analysis of Kotak Mahindra Bank call option - BusinessLine,F&O Query: Analysis of Kotak Mahindra Bank call option  BusinessLine,https://news.google.com/rss/articles/CBMi1AFBVV95cUxOblk1d2xBTVNDbWQwMi0wRzYyRUhaZGJlaV95V2VjMjdpT19tczQ4aTd2TnQ2WWxhNWx2WTZQYUVBbUI1bC1YbDQwVG5PRlJONWF6UXgzTkxJVnh2Rno0R21CUERBZlkyM21zUXV1cDg0UHVuWVpjcFB5MEg1RTlCMFBmM0FTa2hVdVFDdHJiWV9md0hvcWRlMHNtYzdCSUo3eUtIOVNDdmlTXzlWYjVKM1otQUFHdHlzeDZ1Q3FrcTg3RXJuaXFNajRiZ0o5d21KRUNOb9IB2wFBVV95cUxNR3J3bFQ5Si13bDBuT1lUUTFuRHZ6TzNHYks4Y2FLcUNFRG1IR3VsaU9YM0NEZy13UldBMFBKdEYzWTZNcndKTjdPT2JobV9Uc1lSc3ZJdHNRU0FFVl9GaDhsZ055VnN1S0VTX0R5YjdibmFjTXNqYW1mZ181RkREeWQwdEVXVEN2R1JSM3ZfaUI1ajVNM1RvVG5xOEl2TGdrcDlrdHIxLXdpRmVGMlRNRmtQM1JWS2hRQjdfbFRIbEt2NWZWTVJiUFdtUDRDUnBpbXhpYUdGcWcyZnM?oc=5&hl=en-US&gl=US&ceid=US:en,BusinessLine
KOTAKBANK,"Tue, 13 Jan 2026 08:00:00 GMT","Kotak Mahindra Bank sets board meet date to consider Q3 results, fundraising plan. Check details - Mint","Kotak Mahindra Bank sets board meet date to consider Q3 results, fundraising plan. Check details  Mint",https://news.google.com/rss/articles/CBMi9wFBVV95cUxNd0FnUTNhMXZpVTNnZU5mdGJXMUpLSXBMdHBWNk5neXBXdDdzdzk4TndzMnRFeExPLV9aSFVVRGxmdUtzdFNWR3FvTjhkVHBkY2RCM1dDSEZiR21GVlFyTzZjUWxhSEZBdDl0UGYtUDRERVNaZGlIVkxhOGViZURmd3JUZE8zYmpTYjRZQTExQXVpS0cxNlRuRl91WXRLWGUwM0Y1emVSUkh2NkVDc1N6U1ZYNW9aRExvMEF0dFNYQV9HOGp2c2c4UVV4ZWhwM0hnS24tb29HLWVWOUZDMVQ2RnBXXzNpZ1M0ZjlOUzV4Mi1kblN2bkxJ0gH8AUFVX3lxTFAweXJfWEJiUHMxdnRzM28tdU16ZlVVNmhILTBzblFZYnFDaFdqQktsRDVJdTBJbWlvOHU4ZndvOG5WOGh2ZEItME9weDJsNmQ4UjU2aDB0eUw0Smw1eFBHUHVsZkxqU1Z4d01hVXFPSkVxQ2xfeTRzaFUzTVVDYVk1cENuTzdsU0tPT1YxUVJSMHVGV0pyem4tc1ZvOGJMUWRiMVJHckhjUXd3cnRCdjdRNXBfc3hrOUg5TXR0cHptUVZDbFdodDdnRDBJX0ZMalQ4cXNlR0N4UU9GYXh4M2ZlNGFHSXMxWl9FSlZWZTZCWXZEaDJKNHV6dWRidQ?oc=5&hl=en-US&gl=US&ceid=US:en,Mint
KOTAKBANK,"Tue, 27 Jan 2026 08:00:00 GMT",Why Kotak Mahindra Bank Share Price is Falling - Equitymaster,Why Kotak Mahindra Bank Share Price is Falling  Equitymaster,https://news.google.com/rss/articles/CBMitwFBVV95cUxPT19DLVcwVXdwTGZJYWpzcHAtUkpvMnFEYWpfN0dGU1hzZWhwTlJLTHp3YkZ0Y0tjSlpuQ1M2ZkV3QjNsdDFVRzdaXzZsX3phQTdKWjFsZW9wRDJURDl3cWlJR3o4bFNHUWJRTFFMOENNRFBSeWpreEtxY2NJV010TzhUemxHaXktMjNwck92Rzg4RHpZdUhWZ3J5RW1Oek10OW9IUFZEbVdINFluQmoxWVJUSnU2WWc?oc=5&hl=en-US&gl=US&ceid=US:en,Equitymaster
KOTAKBANK,"Sun, 08 Feb 2026 21:11:15 GMT",Kotak Mahindra Bank’s Q3 profit rises - Upstox,Kotak Mahindra Bank’s Q3 profit rises  Upstox,https://news.google.com/rss/articles/CBMimgFBVV95cUxOWUxTSk1FTU1zU3M4QXN4aGo2WjExTUxUZncwU2xkVFl6dkZxRlZIZmh2NmpQRkhJWUdxZ1ZUVkZrZHBjTWZLTnNMX2cyT3ZyUjVqX3c1T1lLbmlFSDRUWHEwTVpoZTV1NjhFRG1TRG5wVU12ZHkzd0djeEYxV3l2c2Z6bnVqelA1R3d3Z21FdGt3Q1cxQ3JScXFR?oc=5&hl=en-US&gl=US&ceid=US:en,Upstox
KOTAKBANK,"Sun, 18 Jan 2026 08:00:00 GMT","Q3 Results This Week: Eternal, Kotak Mahindra Bank, Tata Capital, DLF, Dr Reddy's, IndiGo, JSW Steel, HPCL and more - Upstox","Q3 Results This Week: Eternal, Kotak Mahindra Bank, Tata Capital, DLF, Dr Reddy's, IndiGo, JSW Steel, HPCL and more  Upstox",https://news.google.com/rss/articles/CBMi-AFBVV95cUxOVnI0WGVoWW01VVJmODAzWnJ5a0ZIdTBFWXo2QWdZMU5talV0bGczQVBqbzA3M1lOOG9MRWRsRkpUSFFqa0lpSlFicUZMcElnNXBhbnYzV0tVN243ZGVOX2VJd2IyOFpSM2tOLS1YYzMxWHk5U3V6M2tDSHl3dzM5bHdpMjM1Rmo5eGlHRHdlR0o5b0ItYlBsRHFPM2JlY1BkeXNLNEtrNzVJMlpybzhnOGtNNTlZbWlSZTg4SnlyaXA4Q0VCc2MyaEtIcU5jZ2tKLWJTRzZwNXhxRFkwR2VzWXpBMjlJcm5iR1BYZl91QWl1QzNoOWZnTw?oc=5&hl=en-US&gl=US&ceid=US:en,Upstox
KOTAKBANK,"Fri, 16 Jan 2026 08:00:00 GMT",Delhi State Consumer Commission Finds Kotak Mahindra Bank Deficient In Service For Auctioning Pledged... - Live Law,Delhi State Consumer Commission Finds Kotak Mahindra Bank Deficient In Service For Auctioning Pledged...  Live Law,https://news.google.com/rss/articles/CBMi8wFBVV95cUxPWWplZWNKVHNuOW5JQzgyWGhjWlZnVU9FUGl5aHdPZzFfMG04WmNVRVdjaHNSMnRRYTJtV2pJcmllV2hzQlZBU0p0T1JQRGpPVmkxM25WUG01cnZPNHM0QkpLN0R6bmNQLS1sbHdPeFhFeHVDSDhFZWdpODdJdUpLX0N4ZFg5U3otb1NXZXYwX1Z1cEpIZEJpSWkzU0k3NmgwM1V4Zk5XUURudi13ZmxhSFdlOHZMY0tWeXcwTjN1UzBHNy1zUDdpREVZSDg1bnR3MHg4djVsM0tmT0pycUJhWTluUk54OHpYVFNDbk9FRVFMZ3fSAfgBQVVfeXFMTUIxNWIwck5PaXgxMGpSU1V2eWJwMFdzRE5Ea0t1cHJpMVN5OWFOTEdJTkVVVURVQUQ3MGRFeHZUbkN1NDg0ZkFDcnRMbWltdzhKRHJ5LWVxMXNKcWoyVTE3RGQ2ZU9kLUNCNDBfUUhsMXpaUXctNFN3bWlzR3JFYXp6VUs5VE9aYlVmZ2swQmdJREt6SHBjZDNiY2s1QUhFd2lSRHZaOHNNak52OHBYZkFXdHVlSThLM1RRY3dxYXo0ZkV3MS1Sb1F4dm4ySjRCUGlkbVlONEM4TlEtRXdhMG5keTBGTzU4S052ZGw3dVRWdTNQdUJFMWg?oc=5&hl=en-US&gl=US&ceid=US:en,Live Law
KOTAKBANK,"Sat, 07 Feb 2026 06:51:27 GMT",Kotak Mahindra Bank says it has not submitted financial bid for IDBI Bank stake sale - CNBC TV18,Kotak Mahindra Bank says it has not submitted financial bid for IDBI Bank stake sale  CNBC TV18,https://news.google.com/rss/articles/CBMizgFBVV95cUxNakNtMXFVWUpSS3BNdWJkdW9WNy1CTy1qYmlOeFJPdE9aQmF6bkNlai1Yd1hILW1nNl9KWDREUjFoa2tMTEhWdFJIZUVnTUZWRzMwRksxTzhWcUpjSWU2UGU5X0ZpaGZsZ3Z0MHpERnFPZmFrejR3ZmpUR25wYTF4YkVBUkQwemlXUUtMaURRSHFUMWhiVm96anVPczJrQ0c0Y3RnS2Vua3pxaklGZGpMWUZRXzdtdWYzbWJhS1IwQUk3eUVKZGhremVhTF9zUdIB0wFBVV95cUxPMVpXUmtXNGo5Rm9sSEczeklfM1VIbjhPaXQwa0F6QmZqTU00TlRiRjdQWnZtbXN6a2s3RnJkYUxIV056LWVMdlBqR2VONVViM0ZPN3VWcVhIRUttbFZlNmo3ckpOV25iZ1d5elprcnE3a2FxY0FPdTEzUjRVV3dXLUR5VjlsVUdudWxrQnRUXzFUc1lYUzhOMk95VjhnZ1pxbE85SzZtZ3hZa0QxMWk3c21zbFF5aTNDWGNTSFZTY1JHWGhMbHFya2dCZDFqTGNaUktZ?oc=5&hl=en-US&gl=US&ceid=US:en,CNBC TV18
KOTAKBANK,"Tue, 13 Jan 2026 04:02:53 GMT",KOTAK MAHINDRA APPOINTS ANUP KUMAR SAHA AS MD OF CONSUMER BANKING - ICICI Direct,KOTAK MAHINDRA APPOINTS ANUP KUMAR SAHA AS MD OF CONSUMER BANKING  ICICI Direct,https://news.google.com/rss/articles/CBMiwAFBVV95cUxOQUNQUnBxYVpLUHlQY2VxbTEzdU9CTW5qQndJRE5CS2J3U2staGZNeXJKSk9FOWtTYzBtdlVDdWZINGppR3BJMF9WV0ZVc3NRLUo4UmVKWWdXTjJWNkpPMzRkNEhqWnRIdDdYajlRd1BtcklNakpBQU5vdUhwZ3E0QnJFNWlkV2dZQkYzQ09zU3RoNF9RblRhS0hRZDExZjNURmlGNGFhekh0dXpDRzRsN0VYaXFRRnhKWDNLNy04ckM?oc=5&hl=en-US&gl=US&ceid=US:en,ICICI Direct
KOTAKBANK,"Tue, 13 Jan 2026 08:00:00 GMT","Kotak Mahindra Bank Shares Fall 1.81% on Ex-Split Trading, Appoints New Director - scanx.trade","Kotak Mahindra Bank Shares Fall 1.81% on Ex-Split Trading, Appoints New Director  scanx.trade",https://news.google.com/rss/articles/CBMi1wFBVV95cUxPM2tMd2lFeEFFVTNMeW0wdlRUMVQ3eGFEb2NCNTZSbXRvXzE4ODFGNUxnaWV6SjczbC1aeDdKeVhiS0pSbHBqTVBWVWozcXR3ald1UjZwQmM0ZW85Rjh1bDJ1Qnl5QlFCQldnNmZUYmpDWld0TWU4T0RkOGtuZDktVlUydDZMMFlpUmM2QnNPV215Nzk0MGJZaFlfNG41WVM3b0kxRmdBVGR6QjlVdjZoSzhqdUVKQWRsMVU3MGdEcnNOT05lZ0xZSVo5VVJhbnFRZDhxNFZNSQ?oc=5&hl=en-US&gl=US&ceid=US:en,scanx.trade
KOTAKBANK,"Sat, 24 Jan 2026 08:00:00 GMT","Kotak Mahindra Bank net rises 4% to Rs 3,446 cr on advances growth - Times of India","Kotak Mahindra Bank net rises 4% to Rs 3,446 cr on advances growth  Times of India",https://news.google.com/rss/articles/CBMi5AFBVV95cUxPTThOX2VjdUkyZW1hRlQzSWNEZkI1V0pDUnZLNDlleENKV3drRjZQa05DRG9XZUQxazM1amhpOS1ZcVhMczRKbENZaXFkODJMNzRTMzF4dzladEtRa3Z5UU9EaFNTVE8zYTBWSWg4aHUxdVhoZVJsY2xLLWdHS181b09neGplWURLRjB3cmswWjI4ZDRlcURCUGx1Y0UwM082azB1Vno0azZyTlJaN0RRendZY1BsNzdvRmlnTnVnWlNpTEtPOUdFYjU2cXRQemVGYlV5Ymc1WThRSHNuZEJGR3ZJQWY?oc=5&hl=en-US&gl=US&ceid=US:en,Times of India
KOTAKBANK,"Wed, 14 Jan 2026 08:00:00 GMT",Kotak Mahindra Bank shares fall after adjusting for 1:5 stock split — All you need to know - CNBC TV18,Kotak Mahindra Bank shares fall after adjusting for 1:5 stock split — All you need to know  CNBC TV18,https://news.google.com/rss/articles/CBMi6wFBVV95cUxPUW54NEs2aTJIOGJRLXc4NEU0RTVjUzFvNERDbXQ5WTljYkNHWHNscW9MOU9WcmgyWkY4TUE3cXVaX0JYdl9tUWI3MHV6M3doNEd5VC1uZVJOa2xZZ0ttMHcxQlczaV9fZk5OSUZobV9XYlZPWDUzMWFxdmNtMHF2T2pPckE1aDB3VW1lR2NVOVpLZDI5ZktnZmxidWFEalZWaUZvTHJYMmd6cVVrVmJETUV4MWM5aEdQdFV2ZjQwT0hPMkpucXdrSVhSNkV2WU1wSnRPWDRleUo0am1vYUNGUm1DMVBHVkdvbXR30gHwAUFVX3lxTE56NGZveTlmeXYwa0lXNmFya1NqcmVkVG5MblM3Tk5PSFdSV2RkekMzeFJXSVJDd19Eam8xUEZ6bDlNY1ZBSVhrSmRxeUR0bXVkdTlOeWsyWEQ5SXMzQlFZT3RDSXVCSTV4S2VzYlpQSnNaSFRfelB0RHBqT3Vyd0d1UGUtYXIyU2MxeU85cnpWLTU3WWZVV2xyLWRDWkJxRGktZ0I5b3dNT0MwVEZjZ1dtcWZJN1Z2ZTlDU2hRZmJxeEtWTHVBeUxIRnJnOWlSLWNwNjdaWlItWDMtazBUV0tXVHFVeldGU05wbmF4dFdSbA?oc=5&hl=en-US&gl=US&ceid=US:en,CNBC TV18
KOTAKBANK,"Thu, 05 Feb 2026 12:34:14 GMT",Kotak Mahindra Bank to add 500 engineers amid tech push – report - Yahoo Finance,Kotak Mahindra Bank to add 500 engineers amid tech push – report  Yahoo Finance,https://news.google.com/rss/articles/CBMifkFVX3lxTE04SFpaX2dBMFBiYlcxa1FBQ2NKR0hXaFEySWp2Z1VaalA4QUNfbDJDbndvZURuZWxmajBpMzg3SUNPeFBjcFZxc1Vta1BRT1VJM21lLVpzQkdDWUR0VW9YeHlYRGhIX3NELXFTSHZQMDZ4V1VkSTNmdTM1ZnNIZw?oc=5&hl=en-US&gl=US&ceid=US:en,Yahoo Finance
KOTAKBANK,"Tue, 13 Jan 2026 08:00:00 GMT",Key facts: Kotak Mahindra Bank shares split; NCD issuance resolution planned - TradingView,Key facts: Kotak Mahindra Bank shares split; NCD issuance resolution planned  TradingView,https://news.google.com/rss/articles/CBMi0gFBVV95cUxPZS01cDV3X0JkUE1aX2pjOVZiM0F3Sk1fd2pNbTRmd0p0MW9UTHdCVzJIdWhuZkg0dXdsdE5sM3pORTFER1dEZ0RwTDVxT3dzenBUNlZRNnNTZ09CSExvamdMQlVCeVBBZkpvUXl1NVJVRUZKTFgteEw3b0FTOG4za0dOdzBMallrYThTdEdnb1lnMXBYUDhZVVZZamJTbXozT2gtZ0N1SHJLMmFKeVFUOXVXSlozUWcwUmFQQS1PTlh2OENfcTRmUW5Yclo5Y2l6Z3c?oc=5&hl=en-US&gl=US&ceid=US:en,TradingView
KOTAKBANK,"Sat, 07 Feb 2026 07:31:59 GMT",Kotak Mahindra Bank says it has not submitted financial bid for IDBI Bank - The Economic Times,Kotak Mahindra Bank says it has not submitted financial bid for IDBI Bank  The Economic Times,https://news.google.com/rss/articles/CBMi8gFBVV95cUxNMTB3Z0U0MFJfdjBTVU9EVGhudE1pcktMejBsTTlKaDlOLWFyNjRLWWt5bkVoTU9qVEcwS0lZNGgxeURLVjdkRW9NSlA5Q21aTk5pSW1acW5lNEJNTXROc3hZU2gyWlNpWVRHS2w2WjN4UTFTUVoxOHRfZlJoaU00Q3VmY2VuLWVjR2hQdTFxZFJJb09OZmFSN2xIV1BWRVJSOGtoeHhWYzdlWGxwX0ZYQ1ZOZEFTc0xQV2h0RFc1cXlBakpYbDhaVzZhc2FrQ2JJcGQ2TGVMeThEb1BMZkdtNlpmc0dxcHMwQVhSejFXRXlKQdIB9wFBVV95cUxNem1qc2JlQ2hScmo3Ul96ZVVoODUyUDJZNzRDS2FRZUV4cm9yNXJfVEJyYm9rS2NSV3ZWbXNOMmdRZV9zWlpzOHNJZUh6eUh5X1NyU19yYkZSZWpjY2VtRmRaZTlMVDNxWkRZMmhaaDhWQVhhdGZTTmI2MW1BSnFvNkl6MmM3SmpUX3BCOVNrZ192ak84MjFYV0hJdVFQaGJVaElFYjNIR2hGQ0tGX19UdF94X3oxbkpMdHltWVpKbFNtLXoyN3B1RUotckN6WGliTEREcnRoTXY2SFJUb0syYm9TWkhOaUlmaENtaDR6TGZNTWhvMHN3?oc=5&hl=en-US&gl=US&ceid=US:en,The Economic Times
KOTAKBANK,"Sat, 07 Feb 2026 14:10:40 GMT","IDBI Bank Disinvestment: Kotak Mahindra Bank dismisses media reports, says no participation in bidding process - Zee Business","IDBI Bank Disinvestment: Kotak Mahindra Bank dismisses media reports, says no participation in bidding process  Zee Business",https://news.google.com/rss/articles/CBMi_AFBVV95cUxNOGdDLXBqS3hCaVdzMDFiRFdyM0NmNnVDVWtXTW9UV0Fvb2tHSndPa3RWcVp0cTM1azg2ZmF5ZVVSVno0Mk43QmxYRWNkVFFCWXlhRnVrN2NRQ0J0dGJ1VnY0dGNBM1owNi1QYVZzOWNzMlRxUmtXZkpyLTFLYnNwWTA0eE5uWVkzT1RxdmhWWnZMREthclNsY2hpMXE5QnRRMTkycXBNNWxwRm1OY0pkV3lsZU5rNXJPRVZRRW4weDdhb0d0dk5Wa2UtWUstRy1FMjhWdko4cTFLLVd4VTlSVjk4dW5FYmFLdHFFVWM5U0R1OXNUMW13ZTI0RHE?oc=5&hl=en-US&gl=US&ceid=US:en,Zee Business
KOTAKBANK,"Fri, 23 Jan 2026 08:00:00 GMT",Kotak Mahindra Bank Sees Sharp Open Interest Surge Amid Mixed Market Signals - Markets Mojo,Kotak Mahindra Bank Sees Sharp Open Interest Surge Amid Mixed Market Signals  Markets Mojo,https://news.google.com/rss/articles/CBMizwFBVV95cUxOcjI2Rk9uM29CN2U4SUF2MElhYkRscE1IcmE3ZjI1UlVBcVRjQkNTd05JaUc3RDNpckNsSmNraVVzUGZyR1JNZ0wtU1BOQ3czdzloaEIxNGVhTDNFZmU3bG5ObGJfQnZaOXYxSm9felRhWXdJTGxxRHotOXhZMUJKNUpMdHJEX19qbUcwanpVRlI3bDl3aUl3R2pkcDZrYlpxR1M4YTA0SjJ2M0JfZFkxRWt5c1ptWXh6UUtZWkRWUEdldEJESTI3MHk1S0VWR0k?oc=5&hl=en-US&gl=US&ceid=US:en,Markets Mojo
KOTAKBANK,"Tue, 13 Jan 2026 08:00:00 GMT","Kotak Mahindra Bank Share Price Today: Q3 Results Date, Board Meet Details | Stock Market Today - Samco","Kotak Mahindra Bank Share Price Today: Q3 Results Date, Board Meet Details | Stock Market Today  Samco",https://news.google.com/rss/articles/CBMi-wFBVV95cUxPWDF3M1JJRElvUlZsMWNmXzM4cVhHMkNTRFJ3eGhwSlFhOUx2Qzh5TkdQVXRTb1ZJZERlbHdNMWM5STEydlExZktTNjlKUVFHUTlJTVNTQ2hsM25TTHVoSDFVQjJ5d2RSWXptNmFELUtZaTVkNjdCR3FXdnJOc2pEMVhIdjdHUXc3MEl5a3dTTVlEQ1k5ZmdxSHN4N1VhMkZ2UDYwbDgxTE9pQ21tS3ZqYkRWTTJES0pKTlp4OWN4YU5TOTVYYU1idzJPdEFmTVZSTHd6cWt5QzJRRHZ5WG5lTFBaYVkyVlJPSjJWQnJmazVuXzNYQmI5SnV2RQ?oc=5&hl=en-US&gl=US&ceid=US:en,Samco
KOTAKBANK,"Wed, 14 Jan 2026 08:00:00 GMT",Kotak Mahindra Bank shares: Why the lender is showing up to 80% in some trading apps today - Business Today,Kotak Mahindra Bank shares: Why the lender is showing up to 80% in some trading apps today  Business Today,https://news.google.com/rss/articles/CBMi7AFBVV95cUxOUTlfLXZrWFcwVUY1MkJTMXB6ZUJsOTVQUHJES1U1RWRLSm5kcEtyczRCSG1qM1hLV2Y0VFE2d0IweG5fSllVcWxDVkdOZkotbmloaHlyc1J4aWtjaDhpTkI1SlR1UTZYNWl3YlpEenlRcmNzUXJPUHg4WTBWbFRlbGJqYWFLTDJaMEtLcHo0MXN0Tk5nMWdmb0hORXg1QXk0ZzUxNXd6ODBHVWlfbVhpR19VMTNYRVlNRzBQdFU4ekVBMS0tVFRkUzR6S2tDWUt2VU41MndoejFyR0JfejJ0MW5lWnpUTXZ2ejAtNdIB8gFBVV95cUxNbnNfZFNKNzE1ZGZzTEJVSU8weGJxaW1XODNTNDBISGFid3U1OWY1NjlfMTVneFFLX21jT3F5SGw5OXBQVG9ROGFRa1RITFlxQkhGdlNyamZjNWt1MnhjckNndE9qTGdIM05pM1dfT3B4ejFlak5VR3VPcW1ja0o5WW8wazF1ZjYzMmVDbUlNQ3ZpcGQ4Q0F2eUlJV3ZTOXAxdlFWZmxzdkdJakJ1NnJDbzlwaEdvZ1hSOTBpelM0bGFJeVNPX0dUSDBMV09xV2htV25FQTgzVnAwdC01SXJPQmxoYi0xVUc2THE4UEltclVIQQ?oc=5&hl=en-US&gl=US&ceid=US:en,Business Today
KOTAKBANK,"Wed, 14 Jan 2026 12:43:42 GMT",Kotak Mahindra Bank shares: What analysts advise after today's stock split - MSN,Kotak Mahindra Bank shares: What analysts advise after today's stock split  MSN,https://news.google.com/rss/articles/CBMixwFBVV95cUxNbEZTOVdGdTNYNkhRSXFZNW5tekNvaUJXVklIVEQtdW1MRWRMZ3lsdUZQZ2R0NFRjTmc3d190U2o2TFpKWUdTaTQwQVYySFZZZFdqamlianB4MWlaNzExamFHOWhNSGtuTVFqcWVzMjlGRjlWZ0p6MnRyWUE1dDhGYkhUTGFzXzhlMGFmZE02UUV3eGFveXBPTW94NlI1Q3Y1MHJaZXM5ZFNjQkJKQVRPU1dmMUloai1vaFdLRTd6MmpCZVpUQWlR?oc=5&hl=en-US&gl=US&ceid=US:en,MSN
KOTAKBANK,"Tue, 27 Jan 2026 08:00:00 GMT","Kotak Mahindra Bank share price targets: Buy, hold or sell KMB post Q3 results? - Business Today","Kotak Mahindra Bank share price targets: Buy, hold or sell KMB post Q3 results?  Business Today",https://news.google.com/rss/articles/CBMi3AFBVV95cUxNZ1JvRXItdkNsSWIxczFRRG0tRXlCN2Eyay1ySUw3VWl2alo1bkxsS2JhcloxUTMyczVWa3plUDZCM3hwSDZmVkNtdjNaa3YtTllOa0p6TXQyMjczVUJJWW5lRkJHckhUb1RNRm9wR0xkeEtHcTZJczQzLWhFUXNzbU50R0ZlakZQeE5LTzN6QkpvMHU1b2dFS2V0RFlHUHB3TGhKMUJZcVVjUE9zOE92UzJwcWIwSHhnc0VXN1dLUG9WQzB5aUgyeWpSN3U2TGMwUXhtdnB1cEU3bUV10gHiAUFVX3lxTE9ZWm5rWG52azdBWGgxc2d0LUh3OWZ6LU1hUkw1RjU5TWhlYlA1MjBrMjlNY3JhemwyWE9RekxObUQydGg5MzVzcDhJOVFfTWczQUV6LVJMc2RwOF84eS0yN0ZzSVpJTjhqV3gzZmlacnlrZ0ZTX0F5RGwzeFlZVUtpZU1uS0s2LTZtbndoWnZHbWZubmVzR29Hb0xZNmxQODBBSHU1NlFkNm1SbC1GUUl4M00td3YyN0gtM19DOTlWNXpHdmFUZWFzY3RidGhzeFlyMFpDSGhBVVZ6YzR5bFFfQVE?oc=5&hl=en-US&gl=US&ceid=US:en,Business Today
KOTAKBANK,"Tue, 27 Jan 2026 08:00:00 GMT",Buy Kotak Mahindra Bank; target of Rs 500: Motilal Oswal - Moneycontrol,Buy Kotak Mahindra Bank; target of Rs 500: Motilal Oswal  Moneycontrol,https://news.google.com/rss/articles/CBMisAFBVV95cUxOM3lFaW10dmVmYXZ3eDMyZkFzY3Q4WF80NDR4akJWWWt1U0FzcVN2ZEFBdS16OGtiVmVBRFRBYTNJN3lWTDJaWGZUTVJuS3g1T1NNdDJqNG84WEtrdWRzUzY4bHFnYWFlQU1KTlloajBlOTBsdENZRENsb2NlX0NjYThYWTdTaC1hUlNwUVhqOXBoN1hPRjRXR2FnZ0tSNVJLWjFva0FpZnBvNVJmWmxsSdIBtgFBVV95cUxOS0hjQ0RDZklwbXZXUXZZSHJjOWhCMWdUY0ROald3UzlrM3ZhbkduU0xLYzZheWdpb1BEeWY5VVVNQldNbl9mT2t5MnJMOWM0TkVpS29jdko4Y3RwbF9tbUpuTTBaWWRiZG9TX1VZS1QtYWw4SDE3bU9udVJuMGlzTHU3WmNWZ1M2dFBrQnJfLXNCRTJKcjZ4VmhQVHliel92c2l1eVpJcGZpNXZNSE5XaG1wSFVLdw?oc=5&hl=en-US&gl=US&ceid=US:en,Moneycontrol
KOTAKBANK,"Tue, 10 Feb 2026 01:02:50 GMT","Stocks in news: Titan, BSE, Kotak Mahindra Bank, Marico, Tata Motors PV - The Economic Times","Stocks in news: Titan, BSE, Kotak Mahindra Bank, Marico, Tata Motors PV  The Economic Times",https://news.google.com/rss/articles/CBMi1wFBVV95cUxNT3ZkTEpua0F4M3VrbTBDMk1jRDZvVkR3OUJ3em9BZEdSaGlqTC01cDZKajYzNHduTWpxSG93ZzA2eURVNHp6dlVJbVZsTnJ5Qk9kcVZUOFZtZ0dFUEluQWRzQ3N0OGZoY1EtYUxtNV9UVVJRdFFnQ09PR20yS0cxY24xSTJtMnNfNzdYQjVSdF9uc0FmVGQ5Z2lwM0dGWm9BMmJWcE9HbEhCU210Ty1MRFc3aS1sYWZUUWFUX1BoY1NCalhkejBxanNmUWZKQkxaUkUwaW9tQdIB3AFBVV95cUxORG1rb2xaRTVBRE1wM2tGUHNqRl9keVFDSFdMQ05TckhmYXpxTXRxZC12TFZyV185U3Q0a3lGYTBKd3JqVDgtWGg1NlVtRnpjZjJkSGFnYTRzU0NPYXdUdHIzSjFFQ2RJWEtNUFNVaWl1eVFKLWJhYVNjVlpBMmpQc0NHQmJQZV85M2hvM2tQcFVMTTRtZXJUd2ItUi11RzVXdU9rSVpMb1ZiX2pVeG15MVZFUDl6X0JJcUpoRnA3R0VDNjlSMWxOSm85TmQ2RnlRNlBfTmdzeUd2VnM3?oc=5&hl=en-US&gl=US&ceid=US:en,The Economic Times
KOTAKBANK,"Fri, 16 Jan 2026 08:00:00 GMT",Kotak Mahindra Bank Completes Equity Share Sub-Division from ₹5 to ₹1 Face Value - scanx.trade,Kotak Mahindra Bank Completes Equity Share Sub-Division from ₹5 to ₹1 Face Value  scanx.trade,https://news.google.com/rss/articles/CBMi2wFBVV95cUxPMEVUWmQxbkx5NVBHVkVxT0FWR2h0U0paNXFTYUZtUUw2c05Rb3lZUUVZR2xoemd5Y0wyUkRzS3BIa3lDUldCYWpHLV9MN0ZyQzZKazJmcjM4UFpHcnphUHg4WnpuV1JmT2JxSmpIS2ZsR3lSTUFtdWhMTkhrdEpNVFRnNDl3RHVyTV9HY0xGd0hua0NpSFZVSWk1UUxZWWdCZDM3TUozR2FzNFBDZEp6a3FCVjEzN25VbGNRTGxtSVM3T2Q4bEd5YlVIMTN0Q1FhSW1KX3RTVFdwMDg?oc=5&hl=en-US&gl=US&ceid=US:en,scanx.trade
KOTAKBANK,"Wed, 14 Jan 2026 08:00:00 GMT",Kotak Mahindra Bank marks 30 years of listing on National Stock Exchange - Business Standard,Kotak Mahindra Bank marks 30 years of listing on National Stock Exchange  Business Standard,https://news.google.com/rss/articles/CBMi1gFBVV95cUxPejNzT0gtUjV6czhyc2tkVmQ3cU5IOHVLX21PaTFRUHQtQ0VBVmp2aU1TX0Jfc1g5N3hpeHQ5Q2NJT2pSRWFSWWVyQTNaY2Q0UWo1Q2cwTjdlbTktcFRrQ0JQbFF2dllxQkZhd2swSlB5TW5POTRKVm10T3RhWFR1ZWZtNkx2ZXQ1aUE4TDNVYk50b2IyTER6YlRSX0ExQXQ4Wk5PQUszRHJVNjNPWE92NTI0Rnp1SnZXUG9DOWNXdUVOMFVOd2VWZnhfUVBWT29OUVJnMDdR0gHbAUFVX3lxTE1xdWdaYVhSMGdKdUptbnNkdVQxS1RLbUZJVDF3dTZFUTlWVzZZMUg0Z181TXplOHlKVUktQkJHNHFTNVZGMGN3em5iWVZLb2VDT1RFOS1wSGhyNmlPVTdmbHZMUk9RX01UYzh2OVF1ZDNwcEliUWRIWDhCNXIzNFpSMTlqX0Rxb0V1N3F0UmR4Y0FocUJsWWFaaGdWYkRXMzVaRjd6VDJQZUFwaklpLU1tbjBHMFlWWlIxYkFOemc2S1AtMWJGSmxlYnZyVUhISmUwdUtGeVVuUlBnSQ?oc=5&hl=en-US&gl=US&ceid=US:en,Business Standard
KOTAKBANK,"Sat, 07 Feb 2026 10:38:03 GMT",IDBI Bank stake sale: Kotak Mahindra Bank says 'has not submitted a financial bid' - MSN,IDBI Bank stake sale: Kotak Mahindra Bank says 'has not submitted a financial bid'  MSN,https://news.google.com/rss/articles/CBMizwFBVV95cUxQRFpOb1FJVERKRlNaczc4U29Sb2VIa1FvbDRjQV9EREhkWjA2OEtQQ0NnbkVTaVh0R1p1Ml9jY1RGek9vMHdhMDZfU1czVXR3UkEzTXNSaC03Z3d1UHlFcWJtUGc3TTVJRW9rZlRWaElMQU52Y2hvWE9KMks4Ui15LU9GZWFQWVk1MGl4WVZKZFd1Y2wtTEdjdTZMLVgwLWJvWDVxX3dzUVpBTjU1VDgtQTR5S3M1QThwMUxhMHgwRHVmeEdKRUhpLWdmekl2cHc?oc=5&hl=en-US&gl=US&ceid=US:en,MSN
KOTAKBANK,"Sat, 24 Jan 2026 08:00:00 GMT",Kotak Mahindra Bank Submits Asset Cover Ratio Compliance Filing for December 2025 - scanx.trade,Kotak Mahindra Bank Submits Asset Cover Ratio Compliance Filing for December 2025  scanx.trade,https://news.google.com/rss/articles/CBMi0wFBVV95cUxPM2NJN0xEbzd6Q3RGTEVsMVQ4T2NpSTZBRDFoVlZyNTVjckFZdFU1ODNzcWVzZDEzVC1NaC0zNkFfNXQzRlRQdnhzcTNxTzBrYW5aZnBXX1J5cFotUGdnOENLbXp0amVXejFkM2xjaVh0WjNRUkFsZ2wzaHBtcDFJY2oxWjBhWTlZbkJ1V1poM25FZ0xJZGE3dmI1LXdRZjJnOS1UMDJwRDNJRTRyT05ZOTlTVVh4Z1ZxRUJ2aGplNEFQQzE5UkQ1cFR2YURRemVZcDVZ?oc=5&hl=en-US&gl=US&ceid=US:en,scanx.trade
KOTAKBANK,"Tue, 27 Jan 2026 08:00:00 GMT",Kotak Mahindra Bank shares decline 4% after Q3 results. What should investors do? - The Economic Times,Kotak Mahindra Bank shares decline 4% after Q3 results. What should investors do?  The Economic Times,https://news.google.com/rss/articles/CBMi8AFBVV95cUxNWEktOXV0d1piVE05N2JfdGtjc1BUc2dveGZRY2pjcHF1eDNrRTRPTDl5RmlOcElpOUQ4V0t0TXRyNW1NVURBTGRTaHJzN1BNeEhPZlgzVUthVWpsQ3M1RlU2cmdoVUU3UjRRbXBKeGY5NmR3MTFPeFBIVnB1RTZVbVN0cnVJMlNabkR6OEVKckMxUW1jRzBWLWJOYjJxSHdYdTVvZUl5S2N5Si1YSklINTliWXBsSTFEX2FWMVNjXzV5OGRxSFkxZ09KRDNhSDFIeDNBWGFoTUhHNnJzaEVIcFBzNDc5RjBFWFd3ZTVYVDnSAfYBQVVfeXFMTUNIbWRJa2dQNVZuakVUQVF0MFRTc1loNkVLV1Vxc19fRUUxNDdHWTlhSTFoblFoSjhsZHJvc2V2T3A0TTNyWTlaNWJNTmNxWloxTE4xem1sRWVHYzk1aEZDQ25VN0dQd29hSGlrZVVkNUc5aFhpbVV4TndzN040a1owT2xqRzRfVzVkZy04NnJTdEtmTTNhS0lXUERSd2FCOG9rZmxpZTBUbnMwZkpsMnBzYk9NVTlWVFg0UWc3RVJ1a2pmdEVNZ3R3dVhLOUc0UmtWNXZDSjJRRU8wd0dyV2w5UXl1NXFPanBhd0l5YVIzQzMwc19B?oc=5&hl=en-US&gl=US&ceid=US:en,The Economic Times
KOTAKBANK,"Mon, 09 Feb 2026 15:55:13 GMT","Kotak Mahindra Bank CTO Bhavnish Lathia resigns, Nilesh Chaudhari steps in - Business Standard","Kotak Mahindra Bank CTO Bhavnish Lathia resigns, Nilesh Chaudhari steps in  Business Standard",https://news.google.com/rss/articles/CBMi0gFBVV95cUxPR3VoS0FYUmYtcUNpMUFjaGdnb1VySTFYbkpaM1I2Zml2eFRLMTBUVWlhbUhOUkxMX3Qxbm1LMkxySG83UnBPVjY4ZkIxbWo1NzRmUFB5U0oxRVMybFdCM2FfMTRIcmpRdjF5aUdYSGpQTkhYTUZvVllGVFo0cEhWZE91aDlWWFpPV2hwZGxGV1cwbnFKVjY5aHhmaUVwRjlFWWNjTGZQOXU4WHgwTHZleDlRRk9mRVFBVFlYa3N0cUtyeERubThTTm9wb2ZzZEhVMVHSAdcBQVVfeXFMTWxVamluYjVoMVhLSlVxWnlyRk01dUZxeEQtS3BxdlRtblp3Y2JvTm9aYVFHUWp0cG53TDJWTmZTWGIwUjBQZ3Zmdkk2blRZa3pPVUpVcUp3MGJKbXhYMWJrQXFhWWh0VHA5eXMtN0tQSXRjT3pMa3N5TU9RcXhSa242dkplVXVHRW4ybTB2Q2UtajFNeFg0eC1CRkUxOUhQWEF6TXc2U0NiclpfUEkwWEVhcEEySzBlbllWOEQ0Y1l3V0NSNTMxRTJNN21IdVBSMFBaN08yR1U?oc=5&hl=en-US&gl=US&ceid=US:en,Business Standard
KOTAKBANK,"Tue, 10 Feb 2026 06:46:36 GMT",Kotak Mahindra Bank CTO Resign: Bhavnish Lathia steps down within a year of appointment - Storyboard18,Kotak Mahindra Bank CTO Resign: Bhavnish Lathia steps down within a year of appointment  Storyboard18,https://news.google.com/rss/articles/CBMiywFBVV95cUxOMTFsUDV5M1liZllEbW94dFRTeEhfOVBROGZzNVFxWlFydjBEbmtMX0NDbzZGLVdjbGRRQWo5b2RsSnlDaXZKckxsWEJqbGxNQWp5QTJsUEJ6ZERDbmhqZC1xVlpDWVBHYk92VTIzY1B6c29KSWMxcUF1cFBuSjhubkx4Q0JUS2NSbnBhZ0FlUjE2ZGlGTXl6c1ZWRGlZOWl5ODF5R2Q1bmxPWExuMXJUTWZ6djJUa2dTanVqS19PVnpDV0o0MDFxN0V4QdIB0AFBVV95cUxNLUNodEFhcmd4MVhLUzBDUnFJNF9JWERVN0wwV1lWeF9UYldyakNIb084YlFsbDVxWGRHLWRnU2J0eXlVVF92QUhqbl95cWlJLUpaeDhETTFPU2VZZmVsUG9CY2xDbFB1NFJaM1JrZ1ZwRHNERnQ5Rk1MeW94RFQ0WHI5Mlo2amloU05vQ09zWGhsMGdUa05wZDZpMjJ5QXotY1EtR1JHVk0zcTFVVDk0N2dWUUpXV2hqcWlEa3psOTVkSWRXYzJ2Z2tJSlpMREpQ?oc=5&hl=en-US&gl=US&ceid=US:en,Storyboard18
KOTAKBANK,"Tue, 27 Jan 2026 08:00:00 GMT",Buy Kotak Mahindra Bank; target of Rs 500: Prabhudas Lilladher - Moneycontrol,Buy Kotak Mahindra Bank; target of Rs 500: Prabhudas Lilladher  Moneycontrol,https://news.google.com/rss/articles/CBMiwgFBVV95cUxPeklpTnFUOEE3Y1dHM3ZleWlWZjd5OUtjNzJxY1JObGxkcDAyVGhhN0ZiUW9IRDRybUZLZzRBS2RxeEpMSlNlY0xaYWVYNE9yU2FjMVVsdTNPSmJLMWNMd3RYRFJIZEIzTUNsbnpLNHFMby1nUlc3TWlOT2NGQUNMZlBUNGtjQ2dPa29sM21Ic18yT1NyQ0lhRkdYSGlEVjIteDBoRkZuc1Utd0FjWU9zdUZuZVF1YXNaU3IxbUhkdjB6QdIBxwFBVV95cUxPWi1qdEhZV2ZFS3A3aWNpN3l2d25qZDhjek1lX0ZJekxKM2lNOE14RkdOVnlDTEE1eldHNktrQzFjQWNGS1BwY0tJdVV3SzFMdkhqdnJ0cDZzOGN5MUVDemFGZjg1b2hES3BlTzlaSXNNT1pPeUdkck9LcWNjcFREMDJHWDNPYXdBTk94a1FlVDhIRVNoTVV0cURCWlp2V1Ayd0E0U05MMjY3YmJ0eTFXOFhncDQ1NGEydFVXRTlPdW5JRHM5R0Rn?oc=5&hl=en-US&gl=US&ceid=US:en,Moneycontrol
KOTAKBANK,"Wed, 14 Jan 2026 08:00:00 GMT",Legal Manager (Two-Wheeler Finance) Vacancy At Kotak Mahindra Bank Limited [Ludhiana; Apply Now] - Live Law,Legal Manager (Two-Wheeler Finance) Vacancy At Kotak Mahindra Bank Limited [Ludhiana; Apply Now]  Live Law,https://news.google.com/rss/articles/CBMiwAFBVV95cUxQWmVsTXNPTE84dGsxbTRRTDhlX2Vsb2lBRW1SZkUxOUFtZkMtMHFlT09rdldkNk9RV01KcXVXV3R0c2dFT0dJYzc1ZWoyZ1NJZDVxRkRlS0pKMFJYTGwxNFdBempBVVlkUHBDSjV2eTB5TkJkLVp6VlhDdU9WV1hUZGprUFpITC1HUlZheE9pSVVzVzdIWHRhMHMtQTVFNVp0VUlYdUFyMVB6TS1LcUdmd3NEdWJKTGc0b2EzUzRRUljSAcYBQVVfeXFMT2Zvd1V4OFl1U090UlAzeXFkYmZFc0g5eGEtZ3U3ZjFOaFNkcm5mRHoxUlJEMTJreVFWMzZtR3k5SnZzVi1zYUZRQ1NKMm9nQ3NPRGlzUDIwbGFmZkFyaHZwcU51dWFFRWpBTXUwSnl1Q1VvUGhBRmNPanl6S2w5MG83SUpiQkV0b1ZSX2pVMWVFQzFEWFlHTS1OUW02Y0tOQTA5a2YtLUxDaXNGUjlwMnlNRnJFTjV3a1hMNU9pdkNjWTFzbmZR?oc=5&hl=en-US&gl=US&ceid=US:en,Live Law
KOTAKBANK,"Sat, 31 Jan 2026 05:07:47 GMT",Kotak Mahindra Bank Ltd is Rated Hold - Markets Mojo,Kotak Mahindra Bank Ltd is Rated Hold  Markets Mojo,https://news.google.com/rss/articles/CBMioAFBVV95cUxPMGZBM2oxMnNiVFh3aDlLcFl4SkQxajllQ1ZFSGJXREJNanRNV2FueEl5SGFxWjhqTDZsSUNRUTNrZ3I3cy1LZ1hIU3BmR1cza3dVcUhiVHBQZFhjMkRGSnpuYTFmeHlseVZkN3ZTMnBDUG56RGpRNThyTXhTOHhQRDB4VndLLTZFUjZnUVFJWTNyU0xCMlFqMnhvbDRmWV9B?oc=5&hl=en-US&gl=US&ceid=US:en,Markets Mojo
KOTAKBANK,"Thu, 22 Jan 2026 14:18:56 GMT",Kotak Mahindra Bank Sees Significant Open Interest Surge Amid Mixed Technical Signals - Markets Mojo,Kotak Mahindra Bank Sees Significant Open Interest Surge Amid Mixed Technical Signals  Markets Mojo,https://news.google.com/rss/articles/CBMi2wFBVV95cUxQZkhuZC1ScEVXX3NJSkEycFJiS3B6bG5aN2x0ZG5HZTJRcTd1UjVQLXdVN3FMOXppNXNXb0FTYl9GMklDRzc2Q21UZDdhbGpOeW1Pd29Nd3k2M2dfMnJvamdyTnN6YlpmMFFlS2tOZDRhUFVNSzdiX0RER3dVcmJkRnlFX2V6dDVIVE1KWmRDN2h5MHV3S0dPdGk3ZmtvRTlVa0JQUk5EZW05bllKak1zNzBVSEs3SmFLQThrbnpNNV9YT0M1VFdSYndBV092M29hTk90RU9OVGVVRG8?oc=5&hl=en-US&gl=US&ceid=US:en,Markets Mojo
KOTAKBANK,"Sat, 24 Jan 2026 08:00:00 GMT","Kotak Mahindra Bank Q3 Results: Profit, Net Interest Income In Line With Estimates - NDTV Profit","Kotak Mahindra Bank Q3 Results: Profit, Net Interest Income In Line With Estimates  NDTV Profit",https://news.google.com/rss/articles/CBMiwwFBVV95cUxPRlU0WFVTMmp2aVdRUUJ5ZDJ5SXNETHdRemZsZUZpVjlqOXNzUTdxc2VsYy1sMnpYSmxRcWt5MTBaUklHNmNqYjRENzFKUHJpdGxHOFVrX0JWUDBRbFl2eEducWloWWFGd0tLcGMtc096SHhPekthNXdoWXZQT09jS2pjTWZyd0NPdXMxWVE2MUhRYUoxR0pvTFlEaExmQ0FhMzZNUXEwYkZ4QXc2U3FLT2YzejVrbF9fR19vMjZYckZYZzTSAcsBQVVfeXFMT3RlWW1iN2otNzZNMkhRM2QzQ2dCOTdDOVBRQkl3WWJqQXBORE5Pc2toV0x5R1dXZmJLdGZPblg2MW83Sl9nUnQ5N3RaN0NwTTJpZ3JIeGFGaElBbHU1Y2pNU19GTVV3M3N2RFRBQ09ZMkwxZVQ4SFlMbUJQMzhMdl91ZTdXZVRTYmFMcFZIMl8wVWVkeVBZVzRBLUVrSkdicmZobDltNXBVNV9QRE56NG9ZZDk3LWFFZ1EwMFIxSXpsX1NUYkRPRG1xeFk?oc=5&hl=en-US&gl=US&ceid=US:en,NDTV Profit
KOTAKBANK,"Sat, 07 Feb 2026 09:40:06 GMT",Kotak Mahindra Bank Says It Has Not Submitted Financial Bid For IDBI Bank Disinvestment - Swarajyamag,Kotak Mahindra Bank Says It Has Not Submitted Financial Bid For IDBI Bank Disinvestment  Swarajyamag,https://news.google.com/rss/articles/CBMivAFBVV95cUxOWXltWEJTekN6NkM0N05CRTNJV0EzUEdBa0pnQ1liSmFDZXJLdUFuUTl2RXpjdFRCa211T1pqWVhQZHF6TUdpNkZkdzYwSllwbDFzMFB1cFFWc1g4MXF1d09IU3dMUTFzdzh2bkg4YzRqT1dIZWRNSVFlck1WRDB3bDQ5Q3dyY2pSaGFFZDNWcWhjUU1ISmRqXzlHTU84OHJJSWRWSnVlYU9iMGl6NVB5bEV5M2RJM2laM3U0NdIBzAFBVV95cUxOMk9rWnJ3ZFVZN3hQenQ2ODAwMTJ0aGpSSTRJZUJDb01iU1M5cUU2X1RneHVwNXFqbXZSX3VqZEpmWVJ6cWpQYWxHRHJGQXpzUFA1dkM1YkNzeDlMQzFIa09IX1FuN3BQS0RQSHVtNXNrdFU0S2lETk9XajFnbVJvT0tpbUNZZWJ5NW45ZWxFM1ZVcFlrdGdHRGRBVHFlUWFfVTdvVFR6YVFJWTdaUkt6UlNwVTgxRzZqaXZ5VmYxSmhaYnNPN2RZeEQ2V2c?oc=5&hl=en-US&gl=US&ceid=US:en,Swarajyamag
KOTAKBANK,"Tue, 20 Jan 2026 08:00:00 GMT",Kotak Mahindra Bank Ltd Sees Robust Trading Activity Amid Market Outperformance - Markets Mojo,Kotak Mahindra Bank Ltd Sees Robust Trading Activity Amid Market Outperformance  Markets Mojo,https://news.google.com/rss/articles/CBMi0wFBVV95cUxOdXliUTFFVmtQTVU0ZWg2YUNwSHpkUGdERDNsR1RaWjhWT0Uxb0FvcFRKdU9HdVg3NUloQkZ6QUFBdVVJMV90WjVHa0NjampUSmo2OVN5cmR5TzBzQ2xVdXFBTWJrcVp3WC1mZGdJcjdUc3NyM1dLQVBqZUlaWUN3aVM0LTZtYWlKTENSYUFkdWJkRm03YnFTZm9hVTdlTFU0dEUzaFMxRmFrRi00aDEwT19CMHpYWEFfZXVhMTFwTWlycUtQMEZGQ3RpRXF3OU42Z2NV?oc=5&hl=en-US&gl=US&ceid=US:en,Markets Mojo
KOTAKBANK,"Mon, 19 Jan 2026 08:00:00 GMT",Kotak Mahindra Bank Ltd Sees Robust Trading Activity Amid Market Volatility - Markets Mojo,Kotak Mahindra Bank Ltd Sees Robust Trading Activity Amid Market Volatility  Markets Mojo,https://news.google.com/rss/articles/CBMizgFBVV95cUxPU2NwMXNlMXEtaW40Y2dZd1lkejhFV0ZtNUpPM0tuSWY2WFpnNWdyeDJSbi1NUktRVlN0b2hXb3lpUkN4WWVZU2lfdk5TWDZIRWt2ZjJQQzhmcTlrcnI5cnRTMlRmRllkZVFpLWc5QlRBR0dyeHlwRDdKeTdjMkNoSmhsbVdkb05GR0kwRjdiY2NsN1NpdjhfLUFYUFpLcWlNWU05NmJ0NWJGb3dlNDZGcUE2SkRIX29QV1pWb01wQWs4MUR1c1lWUmd2MjBKZw?oc=5&hl=en-US&gl=US&ceid=US:en,Markets Mojo
KOTAKBANK,"Mon, 26 Jan 2026 08:00:00 GMT",Margin dims Kotak Mahindra Bank's Q3 halo | Stock Market News - Mint,Margin dims Kotak Mahindra Bank's Q3 halo | Stock Market News  Mint,https://news.google.com/rss/articles/CBMiygFBVV95cUxQRTM0THNSc2ozWlZiVkJRX2wyc25HZW92cTNFbEIydW5RM0ZQT0Jac0dnNUJfZngwX1RHM2lEUGg2WWg3dmNTX1YxM09WMlVIamJZcnBORjZKeDBRNlRfaUtiZjNFMDdhd1hpaEhFbWtrbi12d0NQUjNzZkF3b2dmSl9xRmM1NWhiZ21XRXNSaW5nX29EbEZ1NFl3Y01GTkgxUHJlOW9LMG1XZnByNG1jS0NiSjJtcF9wMjVOdzBORWkta1VsaEQ5WDNB0gHPAUFVX3lxTFBiX0EycXUxc0MxYzdQNWFRZmZadHlRWUFyeENjUXBCbHhGX1F6ZXBVVkpvRjFqclNSZUVEOGZ6ZnBHQ3ZGaUtrN2lvZlVrdWxtaE9VejNwcnFtdWNlTHdUdW1MX2xmSjZhcUlpcU5IUEJVWDY2YkRCd2xINDQzZ3VEN2hLbXUxSVJ0UWx1dDE1VFVZY210X2kyaGcwck5XWXhaQVp5VjdHT0R2Zjc2aV9TZ3pzWGtlNThhVzdmZTA3bUhtSlNXTldNYS1HZ1J2TQ?oc=5&hl=en-US&gl=US&ceid=US:en,Mint
KOTAKBANK,"Tue, 20 Jan 2026 08:00:00 GMT",Kotak Mahindra Bank Sees ₹81.73 Crore Block Trade on NSE - scanx.trade,Kotak Mahindra Bank Sees ₹81.73 Crore Block Trade on NSE  scanx.trade,https://news.google.com/rss/articles/CBMitgFBVV95cUxPUkhEUGpBWVpGMjBER01LRmZSZUVlTU1yQzRvYlNpdFk0RVlDNHF4clFad3Z2VGV0QWJSRWktZ200NzJieEZ1LWVLS3g4WFlLVml6OEZuTHJWcFlBdDhDZWFFWlJvbm5ST29nVU9MLVQwOFBiclhHN2VpdGVLUkI1bE1RQTRHcUdyOENxaGRpRjNVMk53czVpa0Fkc1c1ZzVITGx1NGNiNGtVbE5ZbDRjYTZHYlRlUQ?oc=5&hl=en-US&gl=US&ceid=US:en,scanx.trade
KOTAKBANK,"Fri, 23 Jan 2026 08:00:00 GMT",Kotak Mahindra Bank Sees Significant Open Interest Surge Amid Mixed Market Signals - Markets Mojo,Kotak Mahindra Bank Sees Significant Open Interest Surge Amid Mixed Market Signals  Markets Mojo,https://news.google.com/rss/articles/CBMi1wFBVV95cUxPeFpKcDU2UDEtWF96N1RLQlA2N29rak9WdWR1LThkRERtN0lFdzFOdkNkNFJmLUVHTFNabERIOVVyZ2JKOHpndzduc20zZzQxY1VDdENJOVVLWGRIalRtSDBNTWNpTzl3cHVuT2F5MXhEeTUyV1M5NVZ1dzZvejdsWjFQbkx5bjNQSzJ6YzdwUHZCcmlpTms5amZzZElCTWJlSW8wZC1RenZEbEpwZjI2WWJvNVhTcnBRMzg3WnBJOWVWOHpxejlucDV0MzJEdW9aYWJvZnFGaw?oc=5&hl=en-US&gl=US&ceid=US:en,Markets Mojo
KOTAKBANK,"Tue, 27 Jan 2026 08:00:00 GMT",Kotak Mahindra Bank Ltd Sees Heavy Value Trading Amid Declining Momentum - Markets Mojo,Kotak Mahindra Bank Ltd Sees Heavy Value Trading Amid Declining Momentum  Markets Mojo,https://news.google.com/rss/articles/CBMiygFBVV95cUxNbElHa0R2Y3NGS01kdVdLYXhtdzhPS0RWaDh2X2JkNTltT25aU21xQll1bkJ2LWlPbFdsaFpjYUNVTzNKWkxJY01qSER3ai1DLXM3dHdYejBxWlE4Z3dEX2ZHamtFWjEyaXFLbWhxUkJ3Nk5Pb0U2aXRIOGp1NVo3WUVBMDZ3Y04wLTVzaEtvMzYycFFOQ0R4LWg4cndpdlZzZl9mbTVCOHVKdU43ZDRJV3Q4RTY2YVdIdm5mR1NvOVNGOWJ1Y3RKVmlB?oc=5&hl=en-US&gl=US&ceid=US:en,Markets Mojo
KOTAKBANK,"Tue, 27 Jan 2026 08:00:00 GMT",Broker’s call: Kotak Mahindra Bank (Reduce) - BusinessLine,Broker’s call: Kotak Mahindra Bank (Reduce)  BusinessLine,https://news.google.com/rss/articles/CBMipwFBVV95cUxQdk5uODBCaTJrMmNESjZsclcyRjItOG9pZmdkeUFGa0hWQklpVThsckw3Vnk1SnVDOFpNdTY1YnU0WEdqMUw0WWRPdXpRRnRXZmVDNmUxeVZGWUtYUGtrMVhvcDZLSHdxQ3dLQUFvdUVSSWJ1b2NXeFp2YUFBeDIyMTUxTnRvNVRUQy1QM0h4TVRUU2N1Nmd3RjYwOTJRWldyYjYwYWwwTdIBrgFBVV95cUxNX3JRSDA5eEhtUzh3bThZQ05YNlpCQnRSYkN6V1E4TlIxSjdKUkdlT2x5MTdCeVNCOU1vQXczdUlSM2RGbUx5N3VNbWhQVndSSk4zQkVtZU55NzMzQUJ5MVFCNVNWbzFDTElsaUdLYS1fVmJWSkRoa1pTVEdSZDdqYlBOS2JvenVtU0ZqRDhiYVdiZFNxb1Y0cHpibXJ1MWZSczdiUXZ0UHhteTVmalE?oc=5&hl=en-US&gl=US&ceid=US:en,BusinessLine
KOTAKBANK,"Sat, 24 Jan 2026 08:00:00 GMT","Kotak Mahindra Bank Q3 PAT rises 4% at ₹3,446 crore - BusinessLine","Kotak Mahindra Bank Q3 PAT rises 4% at ₹3,446 crore  BusinessLine",https://news.google.com/rss/articles/CBMiwAFBVV95cUxPWHdFamF6czdxOWhmcGpXeGY0SWdPV3B2Ungzc3BXS0UybXpwaFdzQ25tTDc2cGxfRTBOUUhPWVowdHd2RTQxZzA3a1FSLXFhZ080czFlNHdUWHRvS0QyNXczdk91NTBwWFVyUTg2dENFU2dwWGZObE1UMWowUkFUYnduelZDMFdmb3F3akFNWjNIaHVvRjBaR0dVdjVtVGpURkRmWHBaQWt5MHFTcFhoQkxPT2hUb0NpaTdReWJLbHLSAccBQVVfeXFMUG11U3NEWlJiX0pwaTlGaFhGVnI4S1ZDSnFIRVYxakZpU3o4MXp4a19EREM3aG5pVzN3T2N0ckhMMEdtRTVNQTZSZHZVOUYtRml2NWtTNkcwYUNweWdzTUN2Yi1CRnpsU1UwUWpnck9nNnJNN3hlRWN6V2N6bVJWdml0UTZZZUNoZjNaRHl1VnJ4eXNsekN5ZnNZai1BZWtmRzhCQTgyWTcyMGR2Y1B4NEpBYU9uMVFzTjk0VjhfRXh1LV9fYWdiQQ?oc=5&hl=en-US&gl=US&ceid=US:en,BusinessLine
KOTAKBANK,"Tue, 13 Jan 2026 08:00:00 GMT",Kotak Mahindra Bank revises fixed deposit rates: New FD rates effective today. Check here - Upstox,Kotak Mahindra Bank revises fixed deposit rates: New FD rates effective today. Check here  Upstox,https://news.google.com/rss/articles/CBMi6gFBVV95cUxNazJCLWtkT3VjOGRHNkV5UWtWdEdmRGJtWk95ZEVRSVJSTFZYR09zaEREMkxHa1BkMmFCaHJyV2gzZnF0NXpBNUVtWXpmZldmLV9HS0RyUDR2LUttY1c4YVd6RGl0c2xoZDluRExRRmh4M0xhd0duMmE1blVXLVRuS204RGpYby1lc2NnZUFOaUI4OFlnUGYtdnJpSzhCLWFRRTYxTlVyb3IzTUtUSUhic29pRUgwRXJDMVMyT0RJVk1taDNhcERiZVZGc0dhUTJBM054aGpKRE91eFlWaFN3RVZJbm83LVZtcGc?oc=5&hl=en-US&gl=US&ceid=US:en,Upstox
KOTAKBANK,"Wed, 14 Jan 2026 08:00:00 GMT",Kotak Mahindra Bank share price: ICICI Direct sees 22% upside post stock split; here's why - MSN,Kotak Mahindra Bank share price: ICICI Direct sees 22% upside post stock split; here's why  MSN,https://news.google.com/rss/articles/CBMi_AFBVV95cUxONTNqcDVEUnNaVTN4bE1iSXRCRHRPdkhJZTJNcy1FeUxHU0dWeFRUWHhfblh6OERIYXMxSlNIUHRXQWRVUDhNZE1jQVFOb3JfUUNvUHE5VW9HUXhBT2thd1VaX0xVVUthSXVtNkxFSFBkVE9paDA5Rk9Nci0zLXEzZk9qZ0NmdW5BSFctWWJySktXZXVRV3V2SUZZNVdEMDJxS3FfS0d4VURzOG5PUWdqZGVNTm0tV2FrV3BTalJCRHM3bllEV290eFhxNFRXYnZTRGROVlBHZGxhc0FRbGFINUdvcEFIUVJLOFcySFhPZXVpNENKeDJvamZVRng?oc=5&hl=en-US&gl=US&ceid=US:en,MSN
KOTAKBANK,"Wed, 14 Jan 2026 08:00:00 GMT","Kotak Mahindra Bank 5:1 Stock Split: Record Date January 14, 2026 - scanx.trade","Kotak Mahindra Bank 5:1 Stock Split: Record Date January 14, 2026  scanx.trade",https://news.google.com/rss/articles/CBMixwFBVV95cUxNcXZaWEs5Ri1CV0tqbG1nR2QwakNFZENWbWtHOHY1Mll0UTRRYVNNVEdValp3VGtPUnhEaGdTWWxMZklTRGhHcTdhLWJsVktMVGFOVHo2UjY5Ul9ja2Jfdkl4cnZobDBJOGlvMFlwM2dWWUZXdS0wdkEybmhYR1JqSVBLbkJiSWNtNjBrS1hkYWFTTjNERXZrZGdaWm8xUjN0aXNHUGFDOGh2UXhSTHNoY1Q3OTZIZHEtdXZYRlpKTkRhNktva29B?oc=5&hl=en-US&gl=US&ceid=US:en,scanx.trade
KOTAKBANK,"Wed, 21 Jan 2026 08:00:00 GMT",Kotak Mahindra Bank Sees Sharp Open Interest Surge Amid Bearish Price Action - Markets Mojo,Kotak Mahindra Bank Sees Sharp Open Interest Surge Amid Bearish Price Action  Markets Mojo,https://news.google.com/rss/articles/CBMizwFBVV95cUxNUHVtWGMteXFfVWlFMUJ2cVhGMXFfUzVYaEpVX0IzMXhlLTktdFhOTUJ1MEFsSlMzUEw4Tk5ScWstMURRdi1LMzhleS1FOEtNbUpCMXppV2N5dHpYMVN2b2tWU3VNWVltbUN3aTdfeXlVRWpmWUdwN2xwY285REtTSEo4UHFlNm9LeHFmRDRpYnYxaTJxSmJYaF83alpnVUJBeVVRYTRHQ2V6Q1RlX1FsSTNvMTkyaktPeGRJakk5OGZ4SFdtanlydjZpdlRrbUU?oc=5&hl=en-US&gl=US&ceid=US:en,Markets Mojo
KOTAKBANK,"Sat, 24 Jan 2026 08:00:00 GMT",Kotak Mahindra Bank Q3FY26 Earnings Call Transcript Now Available to Investors - scanx.trade,Kotak Mahindra Bank Q3FY26 Earnings Call Transcript Now Available to Investors  scanx.trade,https://news.google.com/rss/articles/CBMi0AFBVV95cUxQMFhNRmg5TTROMVpxaFlLRmU0WGlpYkk4VFB5YWZLZjk4OE9hZ2ZUZVU5Um1wcFBzRjBpNFdoNHlzUUxhOUtMcUdYT09HZEtRX2pSRVJobGVZbmRjMzhUbjkxRW9VQjhtbjZSZks3cktLVlp4Ym5kV09BU3Q1cG9ickdfRkVZQ2NhYTB2WFRzNTlGbXcxaHpBTHh0TnVaRFpVWlhqVUJhTzV5eFJWZE81ZTc3LWczNGQ1eFdWU0E2SzI0OVAwTi1ZUTlheW5ZWEZa?oc=5&hl=en-US&gl=US&ceid=US:en,scanx.trade
KOTAKBANK,"Wed, 14 Jan 2026 08:00:00 GMT","Kotak Mahindra Bank Revises FD Interest Rates, Know How Much You Can Get - Outlook Money","Kotak Mahindra Bank Revises FD Interest Rates, Know How Much You Can Get  Outlook Money",https://news.google.com/rss/articles/CBMirAFBVV95cUxQRVdRUnhmU2VxTmdBSmNhV1ZWTTNHWEdtOWUxZDlLUFJnTGluVDhKejZMdjd6amlqZUNUZC1HMHZ5YW52ejBvdUxLS1BTLVlGTTZhUTY3UDZGVVpNQ09qTW16SkU1cFVMYmNWSDZ0SFVuVXFoUmNad2N5bFkzalpfVFV3aF84OUw2MXlXTWJYZzVqQnYwbVdRdU12TTI2Wi0xVmx6cVNjRExiTDRU0gG6AUFVX3lxTE5MdU5FVnF3UEdPWTI3ZUlxRkg3X2FVVUVsZ0dfQWJ0MUJha1hrMUNxMjV2X2l6MHAxVllfalZ0azlaR3h4cXZzV3FBZUtTYjRfbC0wcnp4cl9fS21UQUN5ejlSN0QyRk9XNjZ0UURybXBEYnVod2dwUFMzVnlFYVlSRGtjQUNDT2xNU3FtU3RqQ1ZOTmFDWHdYLWxvSW5xRjcyejBtSENPdElxVDJGQk1sWGJsUmFoYzl4QQ?oc=5&hl=en-US&gl=US&ceid=US:en,Outlook Money
KOTAKBANK,"Mon, 09 Feb 2026 02:12:50 GMT",Kotak Mahindra Bank shares in focus after it clarifies on IDBI Bank bid - CNBC TV18,Kotak Mahindra Bank shares in focus after it clarifies on IDBI Bank bid  CNBC TV18,https://news.google.com/rss/articles/CBMipwFBVV95cUxPQURuZ1FRdTBDaWY0TmVKZUEzWm14TFJ1ZTVicVNYVUM5MGJydlpJc1JyTDl3aEl5VzdDYnVYSEFRelFQUmZfYjdIeUdISFNQOGVCM2lGM3BhT3M5ZUVINk9vU3JUaVIya3pzRG52UkpCZUdRUk51NFVrN1I5WWhSRFUxTEppbVo5VFY4MXUwSjlMeHN6ZF9kRzFwOU9oNXJyeVRBLUtsb9IBrAFBVV95cUxPUVQ0RU9jUFVsNUtteUF3SWNYdW40S2R1Wmw3S1FGZzdNcTN5UDR3RU9VYk1lOVJwS19hUEtSazJsT2dmbGFqMHpybV9kNjFuNFRxUWcyd2U4ZDN4aDRvRWFwSnFqM0dWZHNVQ3NXMDM0bGlSajV1VUQ2Zzk0bkRwV0N4ekZxZ0pzYW92bWI1MnJNZnQyV0hILXlOYm9DZHkwTVNTdjhmTlJ3WkhE?oc=5&hl=en-US&gl=US&ceid=US:en,CNBC TV18
KOTAKBANK,"Wed, 14 Jan 2026 08:00:00 GMT",Legal Manager (Loan Against Property) Vacancy At Kotak Mahindra Bank Limited [Bangalore; Apply Now] - Live Law,Legal Manager (Loan Against Property) Vacancy At Kotak Mahindra Bank Limited [Bangalore; Apply Now]  Live Law,https://news.google.com/rss/articles/CBMivgFBVV95cUxOd29XdkZ6Ym9QU1VwcW9tNy1TUG1BNE9DeW5mWG5VWlpibTZBYzNNYnpnTEhteU9fVDEtbGJra0piRTl6N2tuOTdWMnVtQURQWk82Z1FHWjRtZHJpdnZvOExvOGZocWdNamR6RmhhZEYyMHRkRFhkY1IwWWNNWFUyVjVPTlRqaEV5TjFDeHpydmMtWDYzNDZWV0F6RlFpUDJ4dDd0Szc3dkMzUmZIeWVTVnI2OC1rcDVLdWlBcDh30gHDAUFVX3lxTE5RTDhPZEJYT0NBUGM2MG9kcVdZWEFFb3plQ1dxZWNZekpOU2JmY3BCT2tvdlhYRWlSbzBYZDNQYXFyX1dkRDR1ZkQ1bzliQllQaXRXWU9RODRDaWRRMUlhRmpVVFJVd3FUVUh6eEhsTUctX2ZTcVE2anFfVWFlcXotMEswV0dCdzdUa0I5eXU1R1JyOUhsNi1rWEZyMWNoQ1JhdWpCVUplVlI2bFk1VlVtSzZGdnVwR1ltT0d5NHQ4LUdYYw?oc=5&hl=en-US&gl=US&ceid=US:en,Live Law
KOTAKBANK,"Tue, 20 Jan 2026 08:00:00 GMT",Kotak Mahindra Bank Allots 8.31 Lakh Equity Shares Under Employee Stock Option Plans - scanx.trade,Kotak Mahindra Bank Allots 8.31 Lakh Equity Shares Under Employee Stock Option Plans  scanx.trade,https://news.google.com/rss/articles/CBMi4wFBVV95cUxOUC1FSzZMN3ZxaWJHb1B1WGxoZXBJdjJIZGd3R3FfOGNIQ3d4MXlIbjhOUmRKVTlwTFJEWm56MnZiZ2lfU2R5NFJiejNKUWtHRjJBbUJwazR2OTlRZHAwbksyems3MnJSajdvaFJES0k0dUJHbkxLbWdwaGtEWldTUTFJTDNUUzRFLUxmQm5GLWV6dkFmbmxLUUgzTDhtbktYenVOd0plNzhaQVZqaDVndDJpMWxmM04tNG9rN3JhanMxZXFpQTR0Yjk4cUVSc21nTXB2dDl6bmNTRTNFOFRpbDBXbw?oc=5&hl=en-US&gl=US&ceid=US:en,scanx.trade
KOTAKBANK,"Tue, 10 Feb 2026 07:05:13 GMT",Kotak Mahindra Bank CTO Bhavnish Lathia Resigns after 11-Month Stint - outlookbusiness.com,Kotak Mahindra Bank CTO Bhavnish Lathia Resigns after 11-Month Stint  outlookbusiness.com,https://news.google.com/rss/articles/CBMirwFBVV95cUxPYW02TjdMNXBlaXVPYW5NVnN2VHczZ0N2cmFYc1hLQnI5ZjNNOFk1c0w5OVNyYjA0VFI4VmpRejItY3NuN1VwT3Z0Tjl6a0RRUFE4ZFBXOVg0LUlDTkdWcUxPY29DbHA5TGlwZTE0SDB2Nnc0TVRaUHQ5RTVlNzlicEUxamI1QVREalVoZDlZRnNUY1p6WVY5eW9Bc2dWZnkyUVByVHFLRVAyS250RE530gG8AUFVX3lxTE55anprZFRYT0JZcU1yUy1ZN3BxXzU2aVYzMmM1aVExRnM4N1lnakxNZ2o1N2ZQWTJXSjhnYTFldkxMVGc4ajF3SENxby0tcGZGY3VwdDU3Nmd5TzZnTmVydnpRYkpkd1ZMNWRDSTRaeTFpbHk3QlAzS0RHc1Exa3FkQVlrbGtZWHBmV2tGZTg5ZUFyaVFHRG1BcmVrOXFGaENjTXVpOGRrQkJ6ZHZuSE9Hb2NieXhBdkc4UnlE?oc=5&hl=en-US&gl=US&ceid=US:en,outlookbusiness.com
KOTAKBANK,"Thu, 15 Jan 2026 08:00:00 GMT",Team Member (Central Legal & Tax Unit) Vacancy At Kotak Mahindra Bank Limited [Thane; Apply Now] - Live Law,Team Member (Central Legal & Tax Unit) Vacancy At Kotak Mahindra Bank Limited [Thane; Apply Now]  Live Law,https://news.google.com/rss/articles/CBMivgFBVV95cUxOa1Juc1U1cVhvX3pDOFNWdVJaRXVWUUNaRnBoZ29VWXdXalY3dU5CcmY1YlFtTDNWemhfQlVNalhJYUZiVnhDSkVnNUJVRVlud2xVeVdxRDZTMVJkUV9sVWwzSWlkZGo5Si1vMkg1UkJMSWdlQ3dvbXlhMWI3WHBuX0RkR0xodjFBN1RPaGZiSnpJLU5iNElfc2dNQ1RlNVVoMzFMMi1hYThjbE9DUWlkTDdYd1FiVUVCYzZoTVpB0gHDAUFVX3lxTFBRbmZXTG9IdDRvRDEwN3pJY1NQdkJicHBFaHQtZnVHSGQ3S0FFNVByM2tRNVpWUXpneVpjTkxGNTZaMWN1d1dsSDM4RDloTnRZNTRtWnNjVlRDdEZySnpPTWtFZnhVU1NiQTdUaVEzUk9BTTJxWExOZTkzUklHeTJmUE83cE1lNGJjTUlxNzYwN2M0Z3ZucEJzNjNIejNQUi1CbGFtN0lXUHExOXRINUR1dWpWeVFyVGY5REFkMk9EbEpGTQ?oc=5&hl=en-US&gl=US&ceid=US:en,Live Law
KOTAKBANK,"Tue, 13 Jan 2026 08:00:00 GMT","Kotak Mahindra Bank Stock Split Alert! Record Date Tomorrow, BUY Call with Rs. 2,500 Target - Goodreturns","Kotak Mahindra Bank Stock Split Alert! Record Date Tomorrow, BUY Call with Rs. 2,500 Target  Goodreturns",https://news.google.com/rss/articles/CBMizgFBVV95cUxNbWE5OTluNndSNnZyVUF3UVI1RmZUWDRKRXRWNUFMWUxoSXRscnVFVjRBdUNnVTNNN05OaVdFcE5INW5nTzVqazZVdE5KMkNiU2djcGpwbkVmYURZbnRxRWs3X2hOcG5YdHNQOXRkNmtfVW5kN2Y2R1cxdU1LSGdYLTBiNFBHRFlDV0dKZmRaX0tkU05ha2dHZjVYRGVEbzVoWkdZY092d0dLd2ZUNG00b1Q0NjROamxPaWsxWjhBdV91QW8wd3F1RVM2QVhUQQ?oc=5&hl=en-US&gl=US&ceid=US:en,Goodreturns
KOTAKBANK,"Wed, 14 Jan 2026 08:00:00 GMT",Why did Kotak Mahindra Bank shares decline 80% today? - Trade Brains,Why did Kotak Mahindra Bank shares decline 80% today?  Trade Brains,https://news.google.com/rss/articles/CBMigAFBVV95cUxOU1ZyUXhQQlpVM1kwSk1ydHZ2RXR6QlFiN1VyUFA1MTg5T1g5MVRZb0hhZHJYU3pvdk5tQklKSWFiT19uYUlKeHEzZG0yRjdTQjNmQVdzTE85NlZLSnUwU29IRzRFeThvOWpTNldrWUwwVk5pQThaZUFvdFJ2bXJvUw?oc=5&hl=en-US&gl=US&ceid=US:en,Trade Brains
KOTAKBANK,"Tue, 27 Jan 2026 08:00:00 GMT","Kotak Mahindra falls 3% on margin blues— Brokerages divided, some see up to 26% upside - The Financial Express","Kotak Mahindra falls 3% on margin blues— Brokerages divided, some see up to 26% upside  The Financial Express",https://news.google.com/rss/articles/CBMi8wFBVV95cUxPVUhOY1NkWXJJZkNIT2hJa2hzTGJwRmhyZk9CZVF3T0RvSDc2dnhFR0VnaHZEd2sxRkNDOE5zZ2x1RndvYVU4QmFQZE1VN2xOcTNBdzZwbWdITDZHUmFfMmRFWHh6Z2lkWnZnbzlMdnhMZEFmZTlxTTN2M3M2dmttREZVeVFZdlFpM3cyTlB3dGxHTGJnUEhzMlJ3U0lSR2tqaWQ5MkpWdjZPY1J2TnRsbXhyZVhIX3NmcUdKMmVpVC11U19FSlFXWlRuYzdQRnc4bEt3NE9va0VMS19pYVE1QW8xZjNSd2tjUElsSkJRYnNKTXfSAfoBQVVfeXFMTThHMmhZY053d2x4NnhIX2w1eFlqbEdmVFZPY014ckJuY2ptb1NRUmdfUndvdlloMEpIM1g4Y0JyOWZ5UVVYTmxJNVliRHlNQ1NDdE04UzBmTzFQTFpyQWozbGI2UFRqT2RqeUhDQXhoZlNuc25IaVZrcngwYW5EZmlOampod1RFbzZTOEI3bk01YUhPdEJCb2lUbXltNEp4T1M1MTh4ODN4eWhiYVU3RDBBMlBwZjJvazNZWUd4SWFqY0lXaTUtMXdpQlM1OHpzNndPRTVlVnYwRG5QeDMwYXdQVHRNSWlZRUpYYjlGeF92b3NCaFN2UXFQdw?oc=5&hl=en-US&gl=US&ceid=US:en,The Financial Express
KOTAKBANK,"Sat, 24 Jan 2026 08:00:00 GMT","Kotak Mahindra Bank Q3 results: Standalone PAT rises 4% YoY, NII grows 5% - The Economic Times","Kotak Mahindra Bank Q3 results: Standalone PAT rises 4% YoY, NII grows 5%  The Economic Times",https://news.google.com/rss/articles/CBMi4AFBVV95cUxOaTNOZS02NjI3a0thRFh5dmtJZXdJRFozZndzZkEzMFNDN1NaZmhBWTZ6OFNnN1lZNE9mVUpQWVlTbU5ubVdsMHJfVUVLeTAzZmJhSkJTWXplMGx2QldBWGNrS1RZenh1SnlfNW1PVEYteUE1dVo4UG9lQmp4NUhaWmNoNjZ5c29QSEc2TDFzZThHV3M4VHp6c3B1WDNNTTh0TzJrU3lSZFZJXzhMU2t5Zl9mUTRnRVp3b1Y5a1VzSmNxRHdMYURHY2hLTDM4YUFZZGVOQmlPb0R2NXdCT1RKUtIB5gFBVV95cUxOWkNNNHpEZTBRcU1CWDMwX1EyeVptXy1KamNURHZPaGFrWGZleG9qNnBTa2w2dGZzVkRqaWpDODI5OTZQLWVUenBSbGZUTFc0SHNfbHVEVGZ6RmFuLVB1dDc1RmpVbFMwRllSWXlHWk1JdjBBcUwtYlJqRVZyZV9pMjVDcVh5U0lWajNXbF9JNVlsZk1zbTN4ZGQxeEdHWVBGcmpycHZ6QV9GTnFEQkxwV2dIZXloV2t2VFZ5RGR4emM2TEJiZXZvUjV2ZWphMkRVckp4RHZ4V05rY0VSZDF1OVZWZmhxQQ?oc=5&hl=en-US&gl=US&ceid=US:en,The Economic Times
KOTAKBANK,"Sun, 25 Jan 2026 08:00:00 GMT","Kotak Mahindra Bank Gets Target Price Hike From Systematix On Robust Q3 — Check Rating, Potential Upside - NDTV Profit","Kotak Mahindra Bank Gets Target Price Hike From Systematix On Robust Q3 — Check Rating, Potential Upside  NDTV Profit",https://news.google.com/rss/articles/CBMi3gFBVV95cUxONFRXdExIMlF4eGZtNExVSE51czVTWm1uNmN1b1I3TG9xd3hIYTZZdTZDaFVJS1B2WnlFWl95ZlNMTG9GczlMNTg0V3EzM3dKM0k2dE1fdXpxbGZWSEpKaFBMaWdERDA3a1piUE1jRDQzQ1UxeTNWVG9HTW5wZUd3bDVhWXEzZFdIeFpyZDFrdnk5Y0V5LWMyQzhDbGhldmJBQV9VOXR0RE50S1dUX3BfeEhzbTdWOVRDOFBhWHNMTUoyMVZlN3RDRzRxd2FUY3B0bkJrSHNFNFhLM1lJUUE?oc=5&hl=en-US&gl=US&ceid=US:en,NDTV Profit
KOTAKBANK,"Wed, 14 Jan 2026 08:00:00 GMT",Did Kotak Mahindra Bank shares really tank 80%? Here’s why investors do not need to panic - The Economic Times,Did Kotak Mahindra Bank shares really tank 80%? Here’s why investors do not need to panic  The Economic Times,https://news.google.com/rss/articles/CBMi8gFBVV95cUxORHkycTlJZWNLNGtaWU9yWnZYUE5GUVJOMXdfSWxVa08zV3dYUGU3TnJkbnJHbEo2bldldXh5eG9oNWtsZW1BQXdMbDBaMVpFdkNYOWRIVjZRZkpCOU1pbnkzdW9wMFlMM2dzbG1Ea1g2Y3lSallZeUp5ZVRiZ1l5T3BockdZRW11b2l0b3kwNFZ0cHRadVRTOUExYVY3aUZVdHk1ZExSTFpLQVJsaU5JM1k1QmVJbTVXLUZnYTdRbFZ3NXRnSThVdGhXS25iWXFJZEYyLXJqVW1JczNXTkJRaVUxLUNwWU0ydDVmekM0VFhBQdIB9wFBVV95cUxPZEFiOWlxRWgtNUg0b3dwU1lrY0JycmtwVFBjU1ZxemZkeU1RZTl2MVg1blNlWHZtLXNUUVpBLTI3bWpEZVVMd05EX2lqNEY1dHhmM1NfcHplYTY5cFU1WElfQW0wYW1CeVdhWHUyZEtWdy1zTUdheXVabnRJekR0anN4dTg0ZWVhMms4T3JMMFEzSlBJNHowbHNVOEpSX29wRXIwdkpOX2FyZFpwNllVMFZkanRSak43MFZ5MzdmRDlZU0ROb0h0dnEyLUJ2TXdTUE5VRnkxYm9yR1JySkhILVZ4ZmlxNjRIT0lTWW9XRElQSGJHUGJZ?oc=5&hl=en-US&gl=US&ceid=US:en,The Economic Times
KOTAKBANK,"Fri, 16 Jan 2026 08:00:00 GMT","Kotak Bank 5:1 Stock Split Completed, ₹1 Shares Credited to Demat Accounts - PSU Connect","Kotak Bank 5:1 Stock Split Completed, ₹1 Shares Credited to Demat Accounts  PSU Connect",https://news.google.com/rss/articles/CBMirwFBVV95cUxQVVhDX1hfa2hHel9iSXBjZ3BERllTZXB4bUs2bzBoQURBSXl1Y0dRSWpfeE1EaDN4R2hCUXdiWnBoWnhIUlVNU21iaW9zSU9GYTVENzdTbmJtaE9mYVhOVF9ZRm9UejBFVmQ0SVpUcXRLUlNFdjFDXzI1VFBoSE5ldjhKOUJxam1hVE50clRtTXRFcG5zWkFLVDdlLXFtUVJ3MXJGa011eHdkYmJ1QW9V?oc=5&hl=en-US&gl=US&ceid=US:en,PSU Connect
KOTAKBANK,"Wed, 14 Jan 2026 08:00:00 GMT",Why Kotak Mahindra Bank Shares Appeared to Crash 80% Today - outlookbusiness.com,Why Kotak Mahindra Bank Shares Appeared to Crash 80% Today  outlookbusiness.com,https://news.google.com/rss/articles/CBMingFBVV95cUxNNWFPb1Y4d1ctejBDcHVMdXljc21YZUFkTVJId2RiUGJrOXBHR1N6TzJEVVV0Z0ZvNG11OW1vUXo2Y3BwbHl5RnlodU03VzJLWGRFRTlteDJFMXA2T0FaWTZfbHNGZlU1N201enVBUWJfWXhFVkJhWno0T0lqbWFoakNNbkVDUkt6TlBGSVRhY0JjcWI5RlNjdzBrMmJ4Z9IBqwFBVV95cUxQLVFzb25NT1FibGtyZ0Q3N3ZqeVduUThaVHAwckdsRk5XWEk2UVRUdHo1c0pGR0FNamlicGdsaVhpdG1MVHYxUF82ZURWM1RrVk1BdUgyU2h2NE1CNFAwVnpLcEZWU25ISUxNQWRVdmpVRzMxeVJzc1dPZ243SmVTMm9pbEJTR0IzZThEendtR0RPa0VhbEx3cHIyaU9adnRlcTc2T244WWZEb2c?oc=5&hl=en-US&gl=US&ceid=US:en,outlookbusiness.com
KOTAKBANK,"Fri, 23 Jan 2026 08:00:00 GMT","Kotak Bank Q3 Preview: PAT may grow by up to 3% YoY, NII to rise up to 5%. 7 things to know - The Economic Times","Kotak Bank Q3 Preview: PAT may grow by up to 3% YoY, NII to rise up to 5%. 7 things to know  The Economic Times",https://news.google.com/rss/articles/CBMi9wFBVV95cUxNWTZTYkZNMDNCWUd5V0tLdHFvRFhkVUNQbHNUUFpfWHFTN3FsUXBpMnAxbVhsTDZrM2E5Rnd1bjdPLWVLZUttTmRoRm9fTGVOWU1uT0N4YnRaSDR2Q0stMk94ZUlFVFRVbmhZTnpqYW1EZ2dOZ1NrbkRPTm9fd2pmNXNHQTJSVXlOSUdicWprZ2hwZmoyalliU0I0SExqVDB0LWxfV25VX3NhT1Z2bTM5QTFlR0hVU1E1OVMtQTctQVhMSDNRcEI2eXhleE1fTnVfNURNakNCT3R5cF9CclZNcmppWEgwc2IxalM4MUJLUEZFdm81Ym1r0gH8AUFVX3lxTE9semhnWlkxWGRFZHozRWtHNEd1R1Q2QVktR01rMHNzek91Vy1xRTVTbkVnYVdDQVpkV1IyN3czalp1Y1RPNWR0VTV2b2FQMGdJMFh5c1NRWHNnQnRDSEFFMlFhZjVHX2dURFlZMHB1Q0lodkJZVGJ4WkVYOWJ6WlhjMXJqWmdvUmR2N29NMHhzYzNsV1c4Z2g5bGF4Y0ZUVGtHNmRIV19UY1NVTlo1M0lWS2hBQi1oR2tOQUc5RzlqNWM5WXB3eXNUS2hmTDRIMGRSMkRPS1Z6S214VXlXdDJZVy0zRU9mOHlvekhkS21OeVZCTWNIRXRNd0o5Qg?oc=5&hl=en-US&gl=US&ceid=US:en,The Economic Times
KOTAKBANK,"Sat, 24 Jan 2026 08:00:00 GMT","Kotak Mahindra Bank Board Approves Fund Raising Proposal of Rs 15,000 Crore for FY 2026-27 - scanx.trade","Kotak Mahindra Bank Board Approves Fund Raising Proposal of Rs 15,000 Crore for FY 2026-27  scanx.trade",https://news.google.com/rss/articles/CBMi6wFBVV95cUxNTWpGSjlBdFRKcDRBN3ExM2tKckw0UjBBUmFvWmRXYlRNYk4wZEd2eEZRaGp6MWJWN240RW1lM2ppSWU3SEdmN0JscHZCcGhiVDlwREpyYnRKdXcyWmYyQjRfUFRpcjJ5d2VqaEZudXk3UmlOS1B0eUd0clVjb2g5TVR1cEpUWmZjUmdDSllFMTA2a2ppNzBYbkRHdXZPMHh5M1BlUUdXZmhOWkFVOHlkVGhkbmxVcEZjbGRhUjZLazAxWDlFaFlPNXBDVWJ5YUwxamxVTzdHTjJHcEliT1NqNEJjOS00VGlhMTZj?oc=5&hl=en-US&gl=US&ceid=US:en,scanx.trade
KOTAKBANK,"Sun, 08 Feb 2026 12:19:50 GMT","PNB, Indian Bank, Kotak Mahindra Bank, And Two More Revised FD Rates, Seniors Can Avail Up To 7.90% - Outlook Money","PNB, Indian Bank, Kotak Mahindra Bank, And Two More Revised FD Rates, Seniors Can Avail Up To 7.90%  Outlook Money",https://news.google.com/rss/articles/CBMi7gFBVV95cUxOSkxZb00td0hRMFpHY1ZSREN6VEdFbG1yOXRjenF1ZUpHWl9xNGlDdXZGZTZHdWJQVXBodHJvNW9pOU5QbFcxbTRZUnVfSENUUWlPcm04ZkF6T240WnppakxWWGY2THNGNk1OOFNpckVPMWxsSHIyOWd6R09CUG9ERENSaC1TZF9oaUxXRmZmbExvZ3ZJMTU0VHBWZEtGaUxxWDZXX1BpZC1JMkVuVE1wRXd3d2VhbmFycnl0NVBMMDk3MTRqNTV3Mm9scUtILVBFQ2NreHFNS1JVLW9rTEJSaTBTcEQ3UVJEcUJuQkl30gH7AUFVX3lxTE95SkpxOEgweTFLRk9WaWl0ZW5id3FrcnY2NzhBUkdzQk9NRGE1RDFnQnRabjdkTG5MTmdXQVdKRFBJNjFxRjRTTTFxaHlrTlE4c1UzbVM4QklLWFkxbEZkQ0JyLXBkTVVvdTJZZ3MyRTFaSGh0MnJYUGZDb2pjTmN6bGFmVGs2R09xVmVua09iRTRxaFlFT1RVNHRTZEs1WG9uRVZSSElOelVIUU44UkpMZFZEeEhIcUdzeFVLR19taUpHWDFxcTBjNm82N28yMEdJOGwtczlrdXZaYTNRYWlBWUZjWDkycmhlOHd6UHpqWmhHVUFtMnZRTU9v?oc=5&hl=en-US&gl=US&ceid=US:en,Outlook Money
KOTAKBANK,"Mon, 26 Jan 2026 08:00:00 GMT","SENSEX drops 450 points, NIFTY50 below 25,000; Kotak Bank falls 4% after Q3 earnings - Upstox","SENSEX drops 450 points, NIFTY50 below 25,000; Kotak Bank falls 4% after Q3 earnings  Upstox",https://news.google.com/rss/articles/CBMi2AFBVV95cUxPWGE3NWFJMlBQd0lSbE1HRkttSDhTbmtlaEFIb1loRklUY3BPUS10V29keXhFT2FyMU1lbld6UEVoOU9ha0ltSk5GY0NGWk5pekpBTlAxeVR0eldLT0RqZURaZVhhVjc4Sk03U0FQazQwcng2SEpHUTJwRnZsMHE3TWt5MGJWSjJ1bGRJdkhITTdYMmotVUVzWlJHbjFFZmtYMmQ1eGNGS0ZnQmR5WVhOSHd0ZElGV08tZWdfQVJlcmdYeWtzR3Zfa1lQcXNJTEJmMTF2Y1RSWE8?oc=5&hl=en-US&gl=US&ceid=US:en,Upstox
KOTAKBANK,"Wed, 11 Feb 2026 04:59:46 GMT","Kotak Mahindra Bank Limited's (NSE:KOTAKBANK) large institutional owners must be happy as stock continues to impress, up 3.2% over the past week - simplywall.st","Kotak Mahindra Bank Limited's (NSE:KOTAKBANK) large institutional owners must be happy as stock continues to impress, up 3.2% over the past week  simplywall.st",https://news.google.com/rss/articles/CBMi3AFBVV95cUxPUGFQNi1MVm5jcDlWSEdGUkdaUFBBcWdoMDlIdG5iREVJU0dRQ3FCQWZqeHF2elNlMUVSWFZUY19IbHl2eG5FdFMwVzZLU0V0dHBCNEYxMkRkSjZUOFQzU0VibmdkM2s5OTFDTEcyRUc3NTBYcUZvR1FueVdZbUsxNXVNOHdvellNa3BweWQ0LXg3OWotendSaXZkLVVtdmJ2ejYxdkRDcnFURmhwUk5zbUZ6ZWxnZ0NEUXBMRHBZQ1pDc0x5UDUtSExFRGJNcWIwTHN0OGFOMXI2MjVu?oc=5&hl=en-US&gl=US&ceid=US:en,simplywall.st
KOTAKBANK,"Thu, 15 Jan 2026 08:00:00 GMT",80.26% drop: KOTAKBANK.NS Kotak Mahindra Bank NSE pre-market Jan 2026: key risks - Meyka,80.26% drop: KOTAKBANK.NS Kotak Mahindra Bank NSE pre-market Jan 2026: key risks  Meyka,https://news.google.com/rss/articles/CBMipwFBVV95cUxQaHJiMVhJVkZCTU02OERxaW14Z2UxLVd4ME51TTNlMEllUzluQ2JxVVRZZFU3WVJ1QVd0OVAyMVhDNGgtTFFxNFhJWFBNcDJVTkN3Q21uelBFVGJDOExIZlNtQTVreC1hSVFTOXdPZ21kdGljX1c4OTNXM2xIeEljWHZlMHc4dm84YmlfM0pEdmhJdGhWVGpMQ1hFVExVYkk1RFYwM1JaVQ?oc=5&hl=en-US&gl=US&ceid=US:en,Meyka
KOTAKBANK,"Thu, 15 Jan 2026 08:00:00 GMT",KOTAKBANK.BO Kotak Mahindra Bank (BSE) -80% intraday 15 Jan 2026: watch INR 419 - Meyka,KOTAKBANK.BO Kotak Mahindra Bank (BSE) -80% intraday 15 Jan 2026: watch INR 419  Meyka,https://news.google.com/rss/articles/CBMipAFBVV95cUxPTm1UamxXUGpsWDA3eHA1N1ZEVUNoQlZIRXEyeHNOclYtUzZjLUZsWGlkSVF4d3pKUFNiWDVxYm04X0dydy1nVXBlSndfLVBRcTFoaEhfZjRIRXBhVW81WjBvQ2Fzcm1YN2cyUWtZWnpCaVRGbkJycDJVV29OWE9XX1BhNEFrZ1lTdjZ6M1U1VDhLWDV2ZUF0ZDhnanczYzFXRW1lbg?oc=5&hl=en-US&gl=US&ceid=US:en,Meyka
KOTAKBANK,"Tue, 27 Jan 2026 06:20:00 GMT",Buy Kotak Mahindra Bank; target of Rs 500: Prabhudas Lilladher - TradingView,Buy Kotak Mahindra Bank; target of Rs 500: Prabhudas Lilladher  TradingView,https://news.google.com/rss/articles/CBMiwAFBVV95cUxONHZheWh6aE50NHBDMzNLWmJvdzlqQnZZc1JIQmJ2MkJlaUFtS3hhM3IyY1pKTzg0YTByczFXM3FsTVVUNDZ0R1pYVF83OUtDOXBheW9OcFFIQ1YwMVNzMGFEREROUmlBTDdqLXVGdWo4SWY5dzBFaWRzYkIzaklOc3hCVzJmWjYxSDEzYXlaREVaVXBydzluQzlWTTVWNHlnY1FwR2JuUGdjeWZwTGgyRFNUS2llbm13SXl1aV8tcEc?oc=5&hl=en-US&gl=US&ceid=US:en,TradingView
KOTAKBANK,"Tue, 27 Jan 2026 08:00:00 GMT",Buy Kotak Mahindra Bank; target of Rs 500: Motilal Oswal - TradingView,Buy Kotak Mahindra Bank; target of Rs 500: Motilal Oswal  TradingView,https://news.google.com/rss/articles/CBMiuAFBVV95cUxNdkZEcEJvbFhjVFlpMFRRMUdvLVlvcU9WUUpweHh6Vnh1eU9oMnNjbHI5SnpqZ0ZJOFlRUFdMOFh4RDZUMHpFdjBDMmxjcXN6LXZZeUxGTFRNZXlCMGtSZEp4dzd6SXk5UjdrMnc2d3dFeUVXVzMtTHZaRTZEXzFhMTlNajZvNXowOTE3aXgwTE5PYzRWTEkwRGJQREZIQ0UzUlk1a2RZcU51QXpYV2dEUVBmTE5LYTlO?oc=5&hl=en-US&gl=US&ceid=US:en,TradingView
KOTAKBANK,"Wed, 14 Jan 2026 08:00:00 GMT",Kotak Mahindra Bank shares down 80%? THIS is the reason - Zee Business,Kotak Mahindra Bank shares down 80%? THIS is the reason  Zee Business,https://news.google.com/rss/articles/CBMipgFBVV95cUxNMzl3SG5YV1AydUVIUnpTTWhQRS1FZ3FXRzlka3labEFTUDRQUXQ4M2JPaU51SGU0b25qbk1FbHBpZGtOaUtHOUVWRXFWUVVTTUFYV2tVbmlmVGJQeDhQZGxrYjJVTnBlcjdVMG9SQmJKZ0dKT1EtWmdUdUVGeTFmYU9QbmZzek9yNGgxUllIdThQdG5QY215LXdRa3JrMjZQT2RKRjhR?oc=5&hl=en-US&gl=US&ceid=US:en,Zee Business
KOTAKBANK,"Wed, 14 Jan 2026 08:00:00 GMT",Kotak Mahindra Bank shares: What analysts advise after today's stock split - Business Today,Kotak Mahindra Bank shares: What analysts advise after today's stock split  Business Today,https://news.google.com/rss/articles/CBMi1wFBVV95cUxQZWw1ME91YW5ycDU4QzNqa3NmMEkwUFVqMlByNk44TEFITWdyZE4wQ0RfN1FOT200TEZrV1dFY1RGYnJJYkVVMnVwdFo0RjdNTFRhenFnRi1DcUZ2RFpsTVJWM1VMeGEwOXFsb25IMFJQbFVKYVd0V3RCSGllOG4zZnBtVDVUSXZuYkJTSHlCNVlGWlp6QmZDOUl3OEdpV1ltaS1SVU15RDJlWFpNZC1NWDFobF91eHFqc2NxdHozemhOQ3dYZDJqbFlfV3FGOVVTS1hiRUs3NNIB3AFBVV95cUxPNVVleXd0aUl0OFMxLXRiZFVrX0IzdXFJQU01d0hTZ3VHeVM5Yk1JS2N0RGJIeXhuT3RmTU5FRi1zUHlFekFfR19lWUJkLVBKNXdDSndGRFhhbGdfSGdBbmJxNjV1M3ZBUm9oWTd3ZHI1Z3VoVzBVX0JUbUxMcFdLRU56ZDg2cDlKMDdNbEduMTdLMHNMNDBrSDFZX3NncXh1bnl4RWdoY3RpbmJnMXVwWU9fTlRWTGl3NkJwMnQ1dFVJSG5rVHBYRWYybG1iTWQteWczUjFpZXY2LURX?oc=5&hl=en-US&gl=US&ceid=US:en,Business Today
KOTAKBANK,"Sat, 24 Jan 2026 08:00:00 GMT","India's Kotak Bank profit rise 4.2%, misses analyst estimate - Yahoo Finance Singapore","India's Kotak Bank profit rise 4.2%, misses analyst estimate  Yahoo Finance Singapore",https://news.google.com/rss/articles/CBMihAFBVV95cUxQcE45Q3RmVUNsMGZQQk5lYjl6MTg1VzhfbWZBM0hxX2xsN2tXQ1F1aEpWMG9zVC1pTG9zTERNVW1xTk9WMGZ6TzA4ZjNnLV9fRUhPc3d4alQ0cksxNGl4RFFfbWt4bnpFRnRlbG5TVTNLRFl1a19iQVN2UTViUWdtV3JEWkI?oc=5&hl=en-US&gl=US&ceid=US:en,Yahoo Finance Singapore
KOTAKBANK,"Tue, 13 Jan 2026 08:00:00 GMT",Kotak Mahindra Bank Shares Trade Ex-Stock Split Today with 1:5 Ratio - scanx.trade,Kotak Mahindra Bank Shares Trade Ex-Stock Split Today with 1:5 Ratio  scanx.trade,https://news.google.com/rss/articles/CBMizgFBVV95cUxQWEdmSDFaaGNndUM1RlJhRjMyMnlRWEtITDY0cGtncUxranViVWt6NzRXcXFnTUZnQ3BHZ1Nwc1BiLXo5T3dhUVdPN0pfSGpNM2l4anhLcXM5d0JJSUNUWnI5Tld5Y1RRc0pLdmhGOWtGbDA4ZlFfTVFCeVE5em9tSG9VRFg4blViUzRibU16RWZQUE9xZE5ra2FYUllIT2Y2YUhWdzZFSkNSYzdGYWFSVE0zd2M5SlVDQm00NW1TaTVudUgtM1RON1huRHFuZw?oc=5&hl=en-US&gl=US&ceid=US:en,scanx.trade
KOTAKBANK,"Mon, 26 Jan 2026 08:00:00 GMT","Stocks To Watch, January 27: UltraTech Cement, Kotak Bank, Axis Bank, textiles, auto ancillary stocks, Marico, PVR INOX, HFCL, Asian Paints, TCPL - Upstox","Stocks To Watch, January 27: UltraTech Cement, Kotak Bank, Axis Bank, textiles, auto ancillary stocks, Marico, PVR INOX, HFCL, Asian Paints, TCPL  Upstox",https://news.google.com/rss/articles/CBMinwJBVV95cUxOS2x2MXZTTzFBZFlqTTFkYzJseU0yOGRjb2pXRXFLNFQwMF9GTWk5dWpOYlZkZ1BMeWJod19sdWlnMktHMjNxclp1UXhVTjhMQ3BhdkIwOGZCdjMwUmVuZTRuT3hFLV9DV216aTluWlV4NDhORWROTGRjWU5od1dBeHRXd3VJYWN1Y2w5aTU0eml6RlVPZS1DUFRJOFZFWGdqUDhlUDd1TWxaYUxKYVk5QWtpenVCWGhZVTU1V1BnOVVVS2Q2bDc2MU14UDdtNm1HdDE2Y3U5WGw4Smp1T0wwd1BfS2VrMWNiUUlKVjdlVXNrSVQwT2ZxQ21xR09zckJMM0JlakVYNHlNZTd3ZUl6TW9qamJDQmFPYXdwcFpPWQ?oc=5&hl=en-US&gl=US&ceid=US:en,Upstox
KOTAKBANK,"Sat, 17 Jan 2026 04:30:54 GMT","Q3 results: Kotak Bank, BHEL, IndiGo, Hind Zinc to post earnings next week; check date - MSN","Q3 results: Kotak Bank, BHEL, IndiGo, Hind Zinc to post earnings next week; check date  MSN",https://news.google.com/rss/articles/CBMi9AFBVV95cUxNNTFPaHVfazRJdjMzQjNqWVcyem1GSGJfMXE5aXhxWVhSakxyTXM0M0RXS0s3dHU0MkJxU0lQNkVvbmRvWGZldW1zcHh3eG5GTFJwbmFmS2lKZXdwdURmZ01ieEFvUTFLcXF4Y2hMTmkxQ0lhcnlSMUEtZXgxRzV3R1VMTk1yY1lrdnJ1RUZ2R1RvM2ktTE8wdGx3TGt1elhPcmE2dE1jUmwtM2VEdFlTdjg1R0wyNGNnVlhkSDhCQkU3TUpTUk1ES2pBOXp4MXMwM1I3QWtRNUdGdi1sWGRvOXVmM1VBZ2pMVnhZU0djSmpKakdR?oc=5&hl=en-US&gl=US&ceid=US:en,MSN
KOTAKBANK,"Fri, 06 Feb 2026 11:01:59 GMT","Top gainers and losers, Feb 6: ITC surges 5%, Kotak Bank up 3%, HDFC LIC down 2%; check full list - Upstox","Top gainers and losers, Feb 6: ITC surges 5%, Kotak Bank up 3%, HDFC LIC down 2%; check full list  Upstox",https://news.google.com/rss/articles/CBMi4gFBVV95cUxNUzgwcTNVVWtfMXdzNEs5ekNBclM4em1DNzNNanJrVWdPS3ctVzhxa0d2ZVNoMEYyejJMbnRtcUEzZ3NPNW14NEloLWpBSmxYaEc3bzE2YzZuZjBHd19XM3RXdzlBSGEtWlg0ZTdKa1ZfdGZpTV83cWw4S0FHX19MOXVZSDNNcVV1N3F6ekU0WkZEbHRPWFJ4MjZaRmpENUl0YnNxMk5mbzZuNE0wa2h1U0RMRzVJd1M1bExFY0tLTHFtbDc3YllCaGdFLVRZQWNBaHgyRU9IWm9EckdaRlJTb2NR?oc=5&hl=en-US&gl=US&ceid=US:en,Upstox
KOTAKBANK,"Thu, 15 Jan 2026 08:00:00 GMT",Kotak Mahindra Bank Records ₹29.12 Crore Block Trade on NSE - scanx.trade,Kotak Mahindra Bank Records ₹29.12 Crore Block Trade on NSE  scanx.trade,https://news.google.com/rss/articles/CBMiugFBVV95cUxPV0lZckdzWG9QckI1TDhsaXk0OUhSUHoxV1VvdndBT2hlZmpESGl2ak1kcENTazVDMk5WZ3czSmFYSXU2TXVOOUJRNWtBT3h3VUsyM2txejlTd2I1eWVHeG5VaFhmajYwbWpiNE1fVk5zVm1IMzZRend3VmFsXzFvNThtVUY0WGxCU0ctWUdfWktNSWN6TlRubE9lZTJiYXlxS3drdkVvbDhoRFRsRWR2ajdaRW5kN2xDUGc?oc=5&hl=en-US&gl=US&ceid=US:en,scanx.trade
KOTAKBANK,"Wed, 28 Jan 2026 08:00:00 GMT",KOTAKBANK.NS down 3.33% intraday on NSE 28 Jan 2026: Watch INR 400.50 support - Meyka,KOTAKBANK.NS down 3.33% intraday on NSE 28 Jan 2026: Watch INR 400.50 support  Meyka,https://news.google.com/rss/articles/CBMiowFBVV95cUxNaEl2OEVlMVpCVER2c29ueTFhUi0xdFE4cVFhUk82Mi1SbXZ1RnphcDhwNXlFaHMxLWxOQ1ZQeHdNYkhlX3lmMXFrcmNRemRvclpaTTAzdTdzUmhOc1c1Ri1TdHA1YklWS1Vwa0oyTV8zd09SWDBJc1AzTHFUd3JEaE5IcGNxMkFJcGFockhLNm82T1hqT0hGZ3gxeEtSdE1ucWlF?oc=5&hl=en-US&gl=US&ceid=US:en,Meyka
KOTAKBANK,"Wed, 14 Jan 2026 08:00:00 GMT",Kotak Mahindra Bank stock split explained: Why share price may see sharp fall today - Business Today,Kotak Mahindra Bank stock split explained: Why share price may see sharp fall today  Business Today,https://news.google.com/rss/articles/CBMi6gFBVV95cUxOZmFmQXJla2JhanZJRGNvNW5HallLQXUxYUhBLWxFMVlIM0pXWW5reGs5ckVWWEwzd0xGQ2xPWk55NS1uTE41VTFMZWlqOS1PVXBxR0pJZ0pUb3dORE9BeDBibURrZl9CRmpTUzc4X3pNYkJDM0pEOV9hdlYwNVpaOS10NHhXaHJHQk8wNkFRbldyZEFna21tcTE5ODVabUVrdndQejJmbk1XRmZYaFotX3Z0ZmM5LVZSNmdmeUNaVlQ0V08yUDZsTUpzMk4wMWQ4S0RVRzJqeHoxYkRaM0ticGNMaUpiQVptNGfSAe8BQVVfeXFMTUVPcDg0cnNBTE5lMzUxSjVEVjUtUlNVblJqZDBuYm1IeEExLUxSVlFkWE5MY0tMNjU1QldXTUg2Z2VNWUNXWDJMTzV1RlMwU2pMdWhMQlRrN2tDNU9LcW53YUtnc0lFeHdqMFFncDJTVHR5N0w5TWpUYmRFRXdUM19tRUNzRmk4SjFtNTVDeTBxcndZX1o3NzhGWDRmd0JoZ09aM0xhNzhMRnJQYzFjNDF1UEl4OXNFcVNIRGVZYmJqOURnU0V4SFFfRW1CMDh0TGpNaVB1Z0JGaF92bHdGLXFGa0l6N3pQVHJheTJPM0E?oc=5&hl=en-US&gl=US&ceid=US:en,Business Today
KOTAKBANK,"Thu, 15 Jan 2026 08:00:00 GMT",Kotak Mahindra Bank share price: ICICI Direct sees 22% upside post stock split; here’s why - Business Today,Kotak Mahindra Bank share price: ICICI Direct sees 22% upside post stock split; here’s why  Business Today,https://news.google.com/rss/articles/CBMi6gFBVV95cUxOSzNZNFJ6VC1MS3RkaGFseUdJNFA2eXdaVGN6dFk5T05fejFYQlkyWGZZUkdQTEZyZ25wZ2dDazc0ZjB5RVF4dTN4QWtaNTExODVydjdiOXBSckJJZzJZRUhxQjdsU3lRd0N2NlJUekhha3hMUGh6T2otSXRBN09JdGlZOVZaTGJtSUtLZHVUWU53ZzMydDNsS0NLeGluNjVNQkcteXlQbjlsRTkwTGtNM3dWZG1iamlTeXEwSnF6UHA3ZG9qQ3BVakNfRTdVeWtrd1kzQW5TYmQwOXVHMFFxelI1dGxET09KM0HSAe8BQVVfeXFMUFY2UWpSU1N3SDFHTWVGbjNQQXFxc1NJS2xxSDkxYnU2N2RsZU1va01hMENVb3llb3VwaHFZUU80dTJ0ME4zZjBhLVRvTnpINmFCUWxKRzU3TUxmWFY0NFdqdVp6cGtZdDhMdTExTV9tQXJpNVlrNUthbGlWNDRheDlobFNiTl9qYWtGN2Jta1dsOGVJcDlvQVF5X052V0xkM2xVZzRvR0xuQVFSUVZhSllweGdzUU1qMnZhOUVYOTdZQ0p1ejBiMjFUZ1hxdzN1UFRJel9lY3oxVzg0MVFvcjZHRk1SZzdIa2cyTkwwUDQ?oc=5&hl=en-US&gl=US&ceid=US:en,Business Today
KOTAKBANK,"Sat, 24 Jan 2026 08:00:00 GMT","Kotak Mahindra Bank consol Q3 net profit up 5% YoY to ₹4,924 crore - Business Standard","Kotak Mahindra Bank consol Q3 net profit up 5% YoY to ₹4,924 crore  Business Standard",https://news.google.com/rss/articles/CBMi4wFBVV95cUxOTlgtUUllbzVmdUR0ZGNBQVREcVlUalZtR25HZkJEb0dLRlZWaUdFOVFubEEtNXRNWGpKMnpVcm1BM3RMVUJuWkVqdVZUbjZ2ejJIMm5HRERFQlRvTzVDNVRwTU1ERkptRVN0T3BBendZeVAxVVJCamJvaFNIRTVfbjFTWnAyVkFPSTZJeTVJS2dFM3M1TXB4Uk9ETHROQURzN3BTZ1NtcF9oQV9uNVFESWpJOVdnXzdES05KbjQ1ajJQWkZWdm9lWWRQMWVxMDdlSm1jQUVhckRrVHNZMjBOcHpwWdIB6AFBVV95cUxPOWFwdmI3Y2lmY3dKTWxIZU9zMUZhaWltU3l5aEwzUTBoYi1FU1VRWlp0eEE3dXd0eF93bzJlUVhIUnJpQnI3a29WOXZ0eHFwSFdWMlJuMWVkbnBGVXVQSE9YcWlnZWNja095TlduWnJJYlNSNDM4WjV4T2xsclBRRjN6YUdNdlNBTDhsVUNHc0xhT1Frdy1nTHQtTkFZNmx2U3J3LWczSEdvTlpvMUtFZkxoZlgydTRkOGNKMjZFaWh4cjk2MTF0WVVrZ0Y1ZHlvUEliM3h6TGhNZUtVMXlNdXI0Z1F0Z2JZ?oc=5&hl=en-US&gl=US&ceid=US:en,Business Standard
KOTAKBANK,"Sat, 07 Feb 2026 07:32:55 GMT",IDBI Bank stake sale: Kotak Mahindra Bank says ‘has not submitted a financial bid’ - Business Today,IDBI Bank stake sale: Kotak Mahindra Bank says ‘has not submitted a financial bid’  Business Today,https://news.google.com/rss/articles/CBMi4AFBVV95cUxNTFNaME82UFYwSjBmM280ZHNMeUJZbjI0OU8td3hpQUlyT2xCNTRhR0Y3ZkducUd4MkpwTHNwVDItamZWMWpDLUlDMjhLWWxrUW5JVlB3Y0h5djF2WEhXMEVERnhzWk9NME1UeW9ETngxMjczcnRVSkdYUUlwNHlGLUxSYUZpbm1yLWRXWkVETlZOZnRiaWs5SkdkZHNkSXFNTV9FMWY0UEMwZnNfSlotS0t2cm9GbTFMeThCTWdoX01ZVDRtQ19Zb2xyMG5tQUs5cEdUV0RsYW8zajdhVnVHctIB5gFBVV95cUxPa3pXR3FMYXBYQUUySjRhWGczRTJra092ZmFCVGMxNkNXaWJHVl9hWFdaV0xmWFRNbVVGeVluWEQ1N3lmMU9UeVZsN1YxUkd4WmgzNFMxS3JYbnIxZmxMLXZjRlYxRkgwY3c3YlpHajNMRG1iaG5WbXNwNEJaeDlUemFIaVowdk5Bd0FLbkRHNjE3aEtFcFBUTEx1YURfOWp1aUxjbmh3c09NM0pHQTg0QS1oVlZISnBfM0RkRkE3Z1NtQ042US10bmVoZTZDZlA3ZFc4THVtRVNQak40TTdNYm92QXE1dw?oc=5&hl=en-US&gl=US&ceid=US:en,Business Today
KOTAKBANK,"Sat, 24 Jan 2026 08:00:00 GMT","Kotak Mahindra Bank posts Rs 3,446 crore Q3 profit; NII up 5%, asset quality improves - The Financial Express","Kotak Mahindra Bank posts Rs 3,446 crore Q3 profit; NII up 5%, asset quality improves  The Financial Express",https://news.google.com/rss/articles/CBMi4gFBVV95cUxPcU1ZT01zMW1qcDRRZl9YWlpQVWdCRzk5Rm1RMnFaTml3Yjc4WHZsVUVnenpQVXZsUnA0NXpJSDV0T0xVTGVkdW01bHFwWHVIQjFxSjBIZW1HY19lV2t5djF6cUctVnJqeWp3QXp1OXZGc2swYmwwV1huRVpOX0VUT1ItMndReTZEcUtlWkF2WlRTR015ZFIxQ2o5bUVDbFlPdFRiRWFWaEpJZjVDVU16RUlGYnpqcWNXWk9WN1RaWkpzVGQ0VlBoYWN2a3pDaWxiSl9JdHg1QUYyMWRKSzI4T2RB0gHoAUFVX3lxTE5Lc3lsNjBHRlR3VzhYSk54aGdaNzdQR3dOQVdOU2ZZY3V4Ny05VHZheWM1VC1lVmlKcXlNdlA4bFF5X2I4cHdPaHVKeHd5THBPR1ZESTBiMVk4YVNuVUJ5WWlwM19vdEFWSHpMR0p0XzRJYi05MTlGWnBxNGxYVHBCT0ZDeUxIV3dxckFyVUNtOW9OamxlUlNWcUFKdE9kUHBTUFhjam5ZWFVnVm5vdjZ1dVFFaDJ4eWxjVzRsY2NHb1h5WVhGaE9OUkVhVm40YTh1VHdLNGtCam1ETmZuODZoMUNaSk5RMlI?oc=5&hl=en-US&gl=US&ceid=US:en,The Financial Express
KOTAKBANK,"Sun, 18 Jan 2026 08:00:00 GMT","Q3 Results This Week: Kotak Bank, Eternal, IndiGo among 100 other companies reporting - CNBC TV18","Q3 Results This Week: Kotak Bank, Eternal, IndiGo among 100 other companies reporting  CNBC TV18",https://news.google.com/rss/articles/CBMi3wFBVV95cUxQWEZWLWlDdFhIZXlxVUt4RTBka2N2R0ZPQXZ5S003M3dwZEtnSUVKRk5UUmgtME9ibTJDb3VfY0J6aks2WnRWU09yZzZZVjl3SGwyVV80bmFxTmxUS3d4X1h6RmNxOTRqN1RVNXgxd0pSSkxFRGFKNm5XWlliclhUVDZwenJSYkMwVHRzZ21vZXJFV0pHRUZuRWQ3dE1LOE90N0hYRW1ZeEVENHpTXzRDcWdmSTl0OXA0dDRSaS11S0ItLWZCZ3Iwc0xDbDlHX2J0SVBhZU1fQ01vMW5CMXBF0gHkAUFVX3lxTE5kaVM0bGM5R28yc3FhMlZPeUVQM0FzdXFiNjBNOTlRRnBocUs0blRTcldkd0xQRkVyOWJEczR5UzBzMWdNUjZEZng4ckQwNFV3Qm95a0xEUlJDVEdRdTFDWTgzbG8wWWdhYzJKRXVMN2J5aU85aUdBenVSVjNGZW9MaDdveUNGa2F2RG1xbTFSN0JSbEpoMm00TDVVb2tWQ2l3NDRPOWE4YkhXcmt2cXdULXhELXVhVmM5RWVoWWFtbVE1Um1hUEx5MllFczFkSVU2d194eTc0N0VoWkpKWElCeUxZYQ?oc=5&hl=en-US&gl=US&ceid=US:en,CNBC TV18
KOTAKBANK,"Wed, 14 Jan 2026 08:00:00 GMT","Stocks making the biggest moves midday: Coal India, Hindustan Zinc, Kotak Mahindra Bank, Groww and more - The Financial Express","Stocks making the biggest moves midday: Coal India, Hindustan Zinc, Kotak Mahindra Bank, Groww and more  The Financial Express",https://news.google.com/rss/articles/CBMi4gFBVV95cUxPNGJXeWxVMDlqeEtlbE1LMW90R3U4cXN6c3hvVndYUzl1bWE5VVRCZEp2NFVWZjFwd3ZQazhCcHB1cHR4WGZ5bGI2VVNpLVlsenR4bzk2UVhxc2VFQlFBSmdwVzlzTFpkTGxHTHRVN1RPU0haU1FiaXNVRnUyVHdJV0d2cy1FVmpuWUFidk5jX0l6dGxPTkFUN0J1aFFaU1NjNzZoR1YtTDF5N2dfMVRSeEdwY25rOUNUQ1kyVEdXLXZrYWExSDIzS3N3b2M3NGxWYUpjT1luQ3JyX2NKX0loV2Jn0gHoAUFVX3lxTE9mc0wxck92amhQazdiY3lUNldsd0tYMXllbFJTcGZNVEFSMUdtMndTRG1oWXk3QjF5R2gzWlZwZFpUSm9KVmV4UUNwRE1ZOEZITlhJMnYtak9yYmdCQklfVEExUm1ZSFItdWMtaWlPVy0tUXZvOGZQOFhvMm1nUTloR2hHSjVDdTUyZ2RHTFMtTmZNSVAwSVNVNTdkQzQxZzV4bmNfLUJJcmdUN2g5Y0NLU0UwYXhHdUcyaTh6M3VKTXRpYzB5WllDRlYzdmVncDlJWEhEamRrWUlQcVNyLVpTWmY5NXUtUXA?oc=5&hl=en-US&gl=US&ceid=US:en,The Financial Express
KOTAKBANK,"Sun, 18 Jan 2026 08:00:00 GMT","Q3 results 2026: BHEL, Indigo, Kotak Bank, BPCL, Adani Green among companies to declare earnings next week - Mint","Q3 results 2026: BHEL, Indigo, Kotak Bank, BPCL, Adani Green among companies to declare earnings next week  Mint",https://news.google.com/rss/articles/CBMigAJBVV95cUxPdjF4SEJySWltNTIwbmx5ajFQdlNwYm9kSUs3U1BFUU1zajVPWXRuNmJtQkk4aE0zSWpGSTZlUl9YNUhLUU1fNlhCTDBqOWFaM01MOHNjZm1CMnBPak9Yc2VRUFVONXNCMi1QRVNzZDJyZVc1OE5HQi1BZERQVWNZRE5LRjVwYlZoYi13Z3AxZU1TTmdPNmppNjhUVmFxQTBEcTFaLW00VzBGM1NNQ2tMNWZETUExRlk4VWhUU2xjZ1BIeEU5Z1RRTlJpdFl3UDlua01aaWRGS1AxSkZHbm9FeV8zczdLTGNReVN6U21ncjhkWm40d2dxMWp3S1Y4eGYw0gGGAkFVX3lxTE1mTDEyTGZuN3Fsck9rSW9DZ1RORmd0anNRclJPOF9GRDUzMGVqWS1rWml2Z05KQU9VQUk5NTVoQjN4a2twRFhvdUVwbC14cERtUE1jaWY2emtxMDluek5UNWNyLUpGVWdBbXFsZk1aSmlQbXFvR0VEOW91ZjRXRU5MeVQ3eU5xU3BBdTdBTnh5bFlGU3NXaWZCemVicy1hUHVtcXBVUm5ZSXZJVkZRdGh2ZUhIZ0VyZ3dqcFhhaDR3eFBzSUtxNWlKQ0VraldwSWhpakJoUVpobEtlRXNDbVhkZW5od1pmeFM5ZzJYYWxHMFhnZm9OV0JmeWFROVFEN0d2ZDRTV2c?oc=5&hl=en-US&gl=US&ceid=US:en,Mint
KOTAKBANK,"Tue, 27 Jan 2026 08:00:00 GMT","Kotak Mahindra Bank Q3 FY26: steady show, a great long-term story - Moneycontrol","Kotak Mahindra Bank Q3 FY26: steady show, a great long-term story  Moneycontrol",https://news.google.com/rss/articles/CBMi2gFBVV95cUxOX2pwdEE5RUpSZExlNHQ5Slo5N2FMdVNvV05SenRMbnRIbTJaYnF1a2dWR0RBTUxhRW5DbXRIdmQ4RDVWcGkxVnV1Q2c0U0EwcHpOdW9zbUg2aEFaN1NWUnB4a1NhN0VkY0lpTUZXNkFiUDR1WGNKbDFudzRadkdzYUJSMjBzelRoTGJTdG9fV3pZeHZIaW1rSTdJWXNQS2laVlFIZnJOb1U4aDItYWg3bkk0VmlRNjdNREpWQTRVbUpzQVprNm9JR3dPZXliSFczSkxhUEllTTMtZ9IB3wFBVV95cUxOUVJ3aU9BS05pTkR6cVhxZkwyYXhLV2o0R080WmVkSEVqZnRIUUZ6NFlLb0czYWNPYUFuakRyUk5EVDVBenNvcWxWVHBiUDZJY2RrRU5IWklMV3BTVU5FU0FEQ3h2M2pxLTNmbGxUMW9fS1dtTjFGX0ZmTkVIRDRGY1FUNXB4TG55aFNZYTloZF9XRUwyNUxlLThybkdOakl1ZHFXYjZ4OVY0bnFKWW9aVkZEb1ctMVRtcjE0bFJHRjI4Q21xLXlJSFM1R2lEcEZnMUNwLWNQN3hCVkZDYmQ4?oc=5&hl=en-US&gl=US&ceid=US:en,Moneycontrol
KOTAKBANK,"Sun, 08 Feb 2026 19:44:00 GMT","With Kotak Bank not in IDBI fray, eyes on foreign suitors - Times of India","With Kotak Bank not in IDBI fray, eyes on foreign suitors  Times of India",https://news.google.com/rss/articles/CBMi2gFBVV95cUxPaXEyamtBYXFRdUg4LWptZU9wMllNdXNnMWp0cTNNamQ5cU1XNkFLZFd1X3BsU204Zm1UMVd5ck9jclZic1hqeXA5a2NXNnJORmNqX2phQjVzUm5OSjVSYmJscERoT2k1SXRiZC1jNUg1d3E3U09UbHBKN2FLcW5kUjdqU3dma1ZEaG1Oa0tEdE9CaEtZRUZ4YUFrcU05OXd0YW9JNW9HRk9sRXhIWGhNTVVmQjFWb3U2TGRaMEdwOUdxZkhMSjdDQWZjNHNOLXR0Nzhhb2JhYmtCQdIB3wFBVV95cUxNeEhLekgwVzU3V1JUYjIwUWU2aU80Q1dQS3NsSkVPZHo4eWwyZklwYkR1WGxaTUhLUlUxbVNMdHdISHhuQTVzaEYwZUFUbHhXVWNodXpsUjc4QnJoTE9uRWotVUxTY3VWNFItdVI1R09RUGN6VUpHTW16TWZ3bUdCdWc5VlNJR09yVVZpX3d0eEtXUXVSckFrMEtlVnZ3djByUGllQVlZWEZwbUdYODM1TEJsMXFwWE1PMzRHTTktZXY5LU55MFlxWnU2UTVjZDhSNDM1UzdPYUFveVRUcGlj?oc=5&hl=en-US&gl=US&ceid=US:en,Times of India
KOTAKBANK,"Tue, 27 Jan 2026 08:00:00 GMT","Top stocks in news: Kotak Bank, HCL Tech, Axis Bank, Hindustan Copper, Urban Company, BPCL - Business Today","Top stocks in news: Kotak Bank, HCL Tech, Axis Bank, Hindustan Copper, Urban Company, BPCL  Business Today",https://news.google.com/rss/articles/CBMi5wFBVV95cUxONEhTQUJ6MVlPZnRxN2E3UmF4ZVVlVktrdjJVOHdNQWxmWHcwTXFtSExlR3NLRW9SV3hrMUllcEpMOGFJOWlDWHNzTE9hMWVhZi1KeENGb1pVejB4bVJQRmRza2thOVNBb3A0dUhjNTFDaFlTZ1d2eVBKX0xPeHZ1SFZnV2QxMGtKbGpFT21KLWFlcFR1NTFiOXVQbnpNcC1YU3hXQldTczFsWTljQWtjRC0xZUxmbDRFNjNkQjBZNXAxU2VMN3B2MzhMSWlZT2ZoVE5Ba2JHcl9HbHYtaS1iZVpFYm5oYm_SAewBQVVfeXFMTm14MERVbTdHdmNpaXBxWXZMaV84UUdNd3BrSW10cXQxa0h3bVAySUlpaUVKMmNweUUxaks2bERmNnZlOTRNaE9ENi1TbUFEX2cxVVQ4ZHdrRTJwbDhBdDdXSDNBTkxuWkw5YmtFR2E2SUhfbEpxM0pVbTB4V3l5bTJGMzVFZEFiNk8yWXZVNTZXeG93WW5sbXYzS3RKVF9qVjRfbjNIOU1xdjdRNWw0UzBLVjRNdGdnaDE5bnItdHRfbTg4WGdMTUNlSnNPaEhHUmp5d2VsbHJrY3J2YmExUmNaM2FpZEN1MEhKWk8?oc=5&hl=en-US&gl=US&ceid=US:en,Business Today
KOTAKBANK,"Sat, 07 Feb 2026 11:14:39 GMT","RIL, SBI, Kotak Bank, Kalyan, HAL, BEML, BDL among stocks in focus next week; here’s why - Business Today","RIL, SBI, Kotak Bank, Kalyan, HAL, BEML, BDL among stocks in focus next week; here’s why  Business Today",https://news.google.com/rss/articles/CBMi4gFBVV95cUxNLUFFOU9ZRGlSTUpfejlNbGs0VVNlRkEzV3llWmZjckJIX09jOHRsWEV4SGxVU3VmRHU0Ui1YZlk3TjNNSDZsa3c2dTI3b0QxMzNvY3psTkhsdFk5eUR6Q0F1a2c1N3RhMUhIUUZEUGVhQUFqQXRCc1Ixd1J3d1BVWkZ5OUUxaU9BaE5nbjE1alA1TWhSMEY2SlUyZjBmcTlOVjFjSUN4clRQOEZQWllPT0RIZ2MweHIwN0FlXzh6WjBad0cxbENvTVNRSnN1Z0NqQVFaRUV3cWZaWDhYWl9LSDZB0gHnAUFVX3lxTE5vdTA3TnYxZVU3S1NQVFM5ckVONDY0QmFGUlk5N1ZQd2YtVllaMU5GU3NMSjBFNlMtWUNBVkdvaFRUVjE2by01T3VOSG1sZHpMUVY2ZHZqcU4xRDkybmNCemlESHUwLTl4bVlzcGRoU0U3b3BLRWhyNlBuMExhYlRJakJ1NWlPbExlM3BBWFl2THVaV0xBanc3WWczLVgzYmhwenAzSTBSaTRpVzJFaFZrMlhDa2x4WS1iSmNmZTdwMm5tS1NIUEVGQlRlcm5YTnZqUFBLbnpNMWxqTzBqRUpfcC1XbnVLaw?oc=5&hl=en-US&gl=US&ceid=US:en,Business Today
KOTAKBANK,"Sat, 24 Jan 2026 08:00:00 GMT","Q3 results: UltraTech Cement, Kotak Mahindra Bank, 20 others on Jan 24 - Business Standard","Q3 results: UltraTech Cement, Kotak Mahindra Bank, 20 others on Jan 24  Business Standard",https://news.google.com/rss/articles/CBMi4wFBVV95cUxQTGljeE5ieXNiNmhodlF5MUl2dlNWbGxENlo4QUdfU1NHWmdOYzhKUFB5ejVMTVlQOUpCNUxfN2cxUzFwbkZPT0M1RGUxRnRxSDRpbFd1VnpkVnVaLXU5NlM2el93enRRSV8zZkVlbWxPM253akVZeVhXRkI0X0xJa2NORjNKX21QNmFkdUVKazg0T0pjZGdvS2RvN01VTGlCSE1Mb3F3SjhpWDFoS3NzSjhid2MyaWlBN0hrX0txbWNiQm5Ha1RndlBabHhEUFhHcUxudWdiTVktRzBIMVZ1bTk2VdIB6AFBVV95cUxNTGpBZ0pHbDlBbUhQbHFmRkNLc1VyUVNTclNtRlR6QkZrdzQ3UzRFU3BFYVJFRnFWekVhMDZFWTNtQUNFdzVkVlZ0akNjRThiX0Q3RklxVUhsVHZuRFlIZnhDanpnQXY5WG1WZ09CcWRwYnY4U1ZnQWxUX2lwX3ViNnBlNHk4YUlkd2RKb21maFpSaWk2bHFJOVpNWk9hdlhMbkl0bm5Xd2pZLUdTUHhmXzg4Vml0WUNEaFBlZTlDUFVwbEpRY083alpVajc3T0dmcUdhanduWHJ1M1RoTTNXOXJWbzdLbk5y?oc=5&hl=en-US&gl=US&ceid=US:en,Business Standard
KOTAKBANK,"Tue, 27 Jan 2026 08:00:00 GMT","Kotak Mahindra Bank Q3 FY26: Earnings Miss, Margin Pressure Persist - Whalesbook","Kotak Mahindra Bank Q3 FY26: Earnings Miss, Margin Pressure Persist  Whalesbook",https://news.google.com/rss/articles/CBMi0gFBVV95cUxNTTllYS1CWkZCczR5aUpsSm4yQ0hFZ1dRZFdZQ1N3MVdpRUlieTZic3F2cXg4RTJNOWRWYnpqWnZIZXJLZVAxWElSeWEySGJBaEdSN2FENlF0MTNIajFjbXdqQTZmbHdJaVY1NTdiRkVtR0Z1aVJUUW5oT1kzNnhCVE1XN1l4bUNkcDVlNFl0VVBYNHNpMmZDdGZXU1ExVEZvYmp3OUZPbGRya3B4YXlNTHJzUXhNZGgtN3pnMml0UVRKak54N2RaYm1hZWVsWjBzRFE?oc=5&hl=en-US&gl=US&ceid=US:en,Whalesbook
KOTAKBANK,"Tue, 27 Jan 2026 08:00:00 GMT","Stock market: Sensex slips 417 pts, Nifty below 24,950; Kotak Bank shares down 4% - Business Today","Stock market: Sensex slips 417 pts, Nifty below 24,950; Kotak Bank shares down 4%  Business Today",https://news.google.com/rss/articles/CBMi3AFBVV95cUxPRlR1djA3ckhiUU8wQllZdjdOeE55S2s5Zl9sTDRZX3Uwc1paaDZlUkJMMDR1QzlWTXZLeWpzMGk0akdNWnBjTjg1XzZoV2QwX2tiZG9vTmNXYU1GOTk3TXc3Q0lpdW1ZbHRuNFhBdm4yYXVRMU9JNEhMcTlObEtLN2dMazZLMFNWc1ZkVEVNZ1F6ZVVjQ3puTjg0T1VPMUNvZGdsdUZZSGpJSnhLNmpFNHVWcEt0OGNDVHpvbnZtNHpEel9WUWJRcXd4WG1iaFQ0UVJZa3piQmc5ekVI0gHiAUFVX3lxTE5YamZBeXhaWm5KNjlYWGxsN2N4RVJVWm9CSEtlT3ZFbUZZSWNqc2lXc0RrSlc3MDdSbW9GbmJ0emdBcVVXMGpRM1ZJZndHUVl3aG5fUUxNMVdyajBQaWlZaDN3cVdpYXFkSUNUT0Y0LXppRGFGSkJMTUZveElrTzZscEoxX2R4Q0ZPUTZjZGREbnhnR0NIaUNUejdzcGlVekJwdG44YVR5bnZTQlVMaTk4dmxRcTEwbFh3Nk93cUtUTEw2LWI0WE4tOHdPbDBPbEtnUTlYS016UHczSkhJNkNLS1E?oc=5&hl=en-US&gl=US&ceid=US:en,Business Today
KOTAKBANK,"Fri, 06 Feb 2026 15:49:25 GMT","Canada's Fairfax group, Emirates NBD, Kotak Mahindra Bank vie for India's IDBI Bank, sources say - Yahoo! Finance Canada","Canada's Fairfax group, Emirates NBD, Kotak Mahindra Bank vie for India's IDBI Bank, sources say  Yahoo! Finance Canada",https://news.google.com/rss/articles/CBMijgFBVV95cUxNQlJNNTM0S242NlpKNVJKQllFRzRySTNtR1Q5Z1RPeGx5dndCUzNSd1hiT3ZxUHJpUEFEVDNWV3lDYWlOVG1admpzaC1VaTVvYmRCMnFHUXhYdW8weFdvdjBvUE8wTDJONnFlX3dWR01KcDFvbGUwa29WTlluakd0cVh6bzVIdzU5XzF0WUtR?oc=5&hl=en-US&gl=US&ceid=US:en,Yahoo! Finance Canada
KOTAKBANK,"Wed, 14 Jan 2026 08:00:00 GMT",Kotak Mahindra Bank Shares Decline Post Stock Split — What Investors Should Know - Business Connect Magazine,Kotak Mahindra Bank Shares Decline Post Stock Split — What Investors Should Know  Business Connect Magazine,https://news.google.com/rss/articles/CBMisAFBVV95cUxNanhzLWhaWENGVExueUcyaXRydmZJNWk2cE9HN2hjZU1DNHppX19LNlZVcXZLS3VhT1BxWGFTMDdUS0NybXU2Mk5nc1BnUVlRWVB3MXBkT1JWZXc1VjFJNWtVVFktLXhWV1hBSWJmNDBlWFVZV2I1LVpRalctVnNZVlcteEh2c29QZGhtamF1WjliZ1QxM1hvaVJZVTk3WkFnNHh3TUdMZ2lZek4xQUgwSw?oc=5&hl=en-US&gl=US&ceid=US:en,Business Connect Magazine
KOTAKBANK,"Tue, 27 Jan 2026 08:00:00 GMT","Stocks to Watch Today, Jan 27: Adani Ports, Kotak Bank, UltraTech Cement, Asian Paints, Vi, Tata Consumer Products and others - ET Now","Stocks to Watch Today, Jan 27: Adani Ports, Kotak Bank, UltraTech Cement, Asian Paints, Vi, Tata Consumer Products and others  ET Now",https://news.google.com/rss/articles/CBMi_wFBVV95cUxONkdGSnhpVERzaXdQUGRxUUZ3TEZ3NGhCcEthWk9aWTZheUtIWEtWWWJyMllWa0g0QjEwQTJ1Q0x1NU9Idk5EaTJDVWExaVZHeTJlQlFqUW8yNE42WElsWG00SWplV0ViNkhBcWVUQkN1amN5SzBCOTNpc3NqYkZYZHRnVHhOS1NJZV9nSTU4NWF5OGtqMDRaa280Tk1tWVg4b0NrMnN5emJ6S3lBV2lSUXBNMVZFSWZFZFVJZ21kcnlYcXBEQ1ZQWGlPckpWTzBWZUd5bVZHa0tlZnEwc2JhbkVfMHZoV0J3ZktWOHdNNlpZVHdkMXpPUTlyYkM2RzA?oc=5&hl=en-US&gl=US&ceid=US:en,ET Now
KOTAKBANK,"Sat, 24 Jan 2026 08:00:00 GMT","Axis Bank, JSW Energy, Wipro, JFS, Kotak Bank among stocks in focus next week; here's why - Business Today","Axis Bank, JSW Energy, Wipro, JFS, Kotak Bank among stocks in focus next week; here's why  Business Today",https://news.google.com/rss/articles/CBMi5gFBVV95cUxOVm0teUhyLXk3eE50NnpESG5IRHlaQmY3ZFZBUGdfUmE2b2dxaUtwbHhwX3I4S3IzaEdkMzJPUGFxMk1JYkt3d20wTVZ3aUl4RUkzbnE4UmRWZXlRNzNUVTc5cUVsc1IzczVlTUdpN0poNC1tZWQ1RTlLa2F1Z1pwYzR6ckdYZTFDVFVTYXFScEZNOEpTazlQZkRRMlZEaVpWOWlYU1RJWUJ2amdoRzluaFhXS2N2cjRSRWVXbk5VWjdaSDc3OU10Wlo3cHZZT0kwb3YzQzNvNjM2UDBLNDA2c0xiZGFfQdIB6wFBVV95cUxOcnNOV3FYMm5LLXk5N215eEpSMERFN0pxeXYxajlnZ0FObF96Q2lEUjhaNXgtMVZTMFpEX1FFbURfMlRsOFQyVTdocFk5TEVuTTRXTUtITng3NUJHSlhKc09Qell4V3YyYnptbTd0OEJKa0JSaXZ1d18tR0sxOVRHTFBtNkJ2TTZHSkpBY2lJcXFZWkpIbmlsS2tQUUtPTGZNZ2NVOF9uSTVPR2Z3NXF6cmxCblFZb1hVOE9oeUVnV0V5UGoxeklDYVU2NTdHdjREVkFTcEZPdVVvWXNoMmFMSFQ4ZzhtRzZteFNr?oc=5&hl=en-US&gl=US&ceid=US:en,Business Today
KOTAKBANK,"Mon, 19 Jan 2026 08:00:00 GMT","‘Mid-sized manufacturing needs a steroid-like boost’: Uday Kotak, Founder of Kotak Bank - The Financial Express","‘Mid-sized manufacturing needs a steroid-like boost’: Uday Kotak, Founder of Kotak Bank  The Financial Express",https://news.google.com/rss/articles/CBMi1gFBVV95cUxPVGEzTHBRcHZ0VVQ3UnowTnhGaW5ubTBNeUFaQ2tEdGlvWndFUWd5QkswSzhTRUxXMG9oNUR6V3JvLVRrRVd3a0lZQnFpNlFpRlRySnprakt0Z18xSzlURHZXU1VmcV9UWk40VUZPNWF1Y1ZNR3JEa0tlMDhGZUc4RDZQTmJpQzdmNFZnVGxhZjhMMUpSTnNfRTdWV3lsbFpLeUgwOWhhcHlQOTJUb08yZWYtSVJBTC13RzhjcVhIeC1GTzJPSVNldEdoNjdpU3RZazZQQ1Rn0gHcAUFVX3lxTFBtX0dZZjhPYVZwUHNyekM0M3FTa0VMYk5GYmlvQld1dTIwdER0aHhnSGd0akY4b1ZCUjlsdUd5ZWQxdWZxbkFtYUkzM0RIRmhsRU9yUmo4V212cWRVT2RSLUxId3A3ck41RzUxUWdzYS1jUmpkTm1WUWhPTEVxZTlUMm1KbzNQdjFvcTF6R290TUlES1JZcGxfaXk2Rzc5emV0SjRwNkRxd19DMmwwdW0ycmRHNElJNDRsNlpVQ1JzcklZRGdBTlVvcG9sNGpobFVKRHZqTnNhY200bU0?oc=5&hl=en-US&gl=US&ceid=US:en,The Financial Express
KOTAKBANK,"Wed, 14 Jan 2026 11:26:39 GMT",Kotak At 40- The Huge Gap Between Promise And Performance - inventiva.co.in,Kotak At 40- The Huge Gap Between Promise And Performance  inventiva.co.in,https://news.google.com/rss/articles/CBMif0FVX3lxTE5RNEN0QVRiV2tEdVlURXJWRTBtd2Y5QVR1UjQ5MlJlTjZfaWE2SXV5TzIzLVhkS2MycXVmcUR0UllwQXk2T04xd3RlM0sxMGdCLXFyR0ctMGlrcXR6NFFZQ1lvSWxKZ1MyR3dJSWE2bUlxbkpWVl9Vc2xnWXZ0Wkk?oc=5&hl=en-US&gl=US&ceid=US:en,inventiva.co.in
KOTAKBANK,"Tue, 13 Jan 2026 08:00:00 GMT",Kotak Bank Share Price Highlights: Kotak Bank Stock Price History - The Economic Times,Kotak Bank Share Price Highlights: Kotak Bank Stock Price History  The Economic Times,https://news.google.com/rss/articles/CBMi5AFBVV95cUxQVFRpYmdQOG1zbWVraHRDdW0wS2QxY2RINEpNbDIweENLZFVqT0dTQ0xWV3VoaVZfeFhWS2Zfd0hVdk1uNkxoeGp0RGl4aUQ3Y0JPZ05ySnVCQ1RDUzlTanU0bUtydDd3S2FFVWYtTjMzOXV6UW12d0pEaXNlT2J1anNqZkZyQ00yNzExeGt2S0lNa0VIZmdXZVZjWl9GWGtQZ2U4VXpMOW1YMWJ6SXBDLWlGaktwb0FtNHdVazhaMktrQ1pyeVJSRk9wTGFLdlZVTmJ1dHMzYXJEVTFHT1EwamFySFDSAeoBQVVfeXFMTk8zR09PUzV3YU5HWVYyRmswYXdTX2ZIeU1hczF3dGxfdHFIcXRuQVBwTVpqMmQ2a0RIXzJldDZxNjE3VHNzR0lmWkhjOFBoVGFid0ZVMXBZNl9YcklJWUpDS0pxeG9DVlcwVEVxdkRXMGRITWxkeGx4OThnSzJSNnFxOXRiNkV4aXFVZUZEQVVDQXVmY0lreGhWTTk2QV9jSUZvc1JsWUxXbnNPNHVkeGxNTFVpaWxvWTJrMURjVEVQRGx1al9wU09mZmxGWmMxeUtpV0liUU1KOVdfVlY4RGtqQ2FsdW5ucFpB?oc=5&hl=en-US&gl=US&ceid=US:en,The Economic Times
KOTAKBANK,"Sun, 18 Jan 2026 01:52:35 GMT","Q3 results 2026: BHEL, Indigo, Kotak Bank, BPCL, Adani Green among companies to declare earnings next week - MSN","Q3 results 2026: BHEL, Indigo, Kotak Bank, BPCL, Adani Green among companies to declare earnings next week  MSN",https://news.google.com/rss/articles/CBMi6AFBVV95cUxQdFMtZVNYT3k1TWQ5Wm8xV1l2SjNCcnJybW9zMEpwZFNuU0VHWG5jUjdYMFlvc0RCZGM0SHFhVkJISjVYa1BBdEhvUnFaYzNsUGxqcHFhXzRqd1MtVWpVSXQtYndrSV9LTXM2SnBoMlhEOFFUQjhMVk1YekhmRFZpdFIxNUp4SzZvMFh2UUNteVpSYk1OMzlKNEEyWm9EYlgtbW9NdkZNbjNnSlptNXpkeVpXeVJLbXdNUU1zbm90bkxHTFJxQmVJdWNwTkcxM3JRSGo4S2NCbmVPbnk2Qk5qYzIwYTdTcEdn?oc=5&hl=en-US&gl=US&ceid=US:en,MSN
KOTAKBANK,"Wed, 14 Jan 2026 08:00:00 GMT",Kotak Mahindra Bank stock split: Shares become 5 times cheaper today - Details - ET Now,Kotak Mahindra Bank stock split: Shares become 5 times cheaper today - Details  ET Now,https://news.google.com/rss/articles/CBMixgFBVV95cUxNZFBaVUd4TjlnU3BsVUFWcHQtS1JwVUhncjlWX1B0VmhEVDdXcndRTU5VTlVCbzIxNU80cWUtQXZsX1BidDlLUlZKWWJVYXZxYjB1TENaUnp1bFRZSkt0RTJKV3V0Njc4YWdraWd1VGlLZ2oxUE9pc0ZHNmxNNVNzYTZ2blJFbGxOdXpwTXgzMkh5YWo2aDMwdVdGY0VXMS1iMmx2Y3phYWxMUFRHZFUwcnJNRGxscDJwMkVuV3IxTjlBdENSWVHSAcsBQVVfeXFMUGJhc1B1QXp4QUs2SFVieDg3U29FTkFqemxZa1RRSi1EUEh0bVdyQVNyUTJwOFVUVkVRbkU4SldZdWxZMU9Ub3ZDWmkwdnBvMHN3S1UwNjE1dVRMT1ZjdG13ZVZGam5ZWnJUbHJqSmQtc2xaUjE2TFhQV2lpcE4zbGpKNkdQSnFiQ3NCOWVwZzc0VldBU2ZmUVJ2WkZXcDhHT0taYW1SenlHRDNNQ2FEUVhxcHNNSGYwRkQ0Rnd4c0tXR2QyWjV0RHlRaE0?oc=5&hl=en-US&gl=US&ceid=US:en,ET Now
KOTAKBANK,"Sat, 24 Jan 2026 08:00:00 GMT",Kotak Mahindra Bank Q3 Results FY 2026: PAT up 4% YoY to Rs 3446 crore - ET Now,Kotak Mahindra Bank Q3 Results FY 2026: PAT up 4% YoY to Rs 3446 crore  ET Now,https://news.google.com/rss/articles/CBMitwFBVV95cUxOMUVFWXBPZmJkS2NkYTRGZC1WT0R1OVN6WTFBZHN6M1JEdTA3eFhYWk52VWppZGsxaU5VQXhBZC1HbU1reGRSV1lvRWJnMmFXRXM1cF9meUV4eDY3dWRfalRwTkdLMmtoLU1wclUxaElZT0NzZW9RN0N3Mk5La3RZWWYxS1p6ZUNpN2YzbldxVHdRX0tiQV9PSE9ocWlFQlNWLUEtSm1ZTklyWmkyOHdDSC1VZVhKcU3SAbwBQVVfeXFMTW1hdHRIUVVZdjB1V0EzbWhYVGk5LW9vLVBEMWNLeEVvaENDWG9xdzEwV2RWVEVCbWI3QVNxRXdoOU8yX1JtdVpCeXNwSGs2Y3YxcEV5enJLUU9pRmhuSXJTRkdONjdIOWtwZV85WktxZFhyNmdzZUctV3FleXdINmRfVzFROWI4MzRvOFZmcU91cGlJOEdrM2hfQVdFNGpOWE1rcmFmcVlRUUd2azQxWFp0VUNielk2NW5NaFk?oc=5&hl=en-US&gl=US&ceid=US:en,ET Now
KOTAKBANK,"Sat, 24 Jan 2026 08:00:00 GMT","Kotak Mahindra Bank Net Profit Rises To ₹4,924 Crore In Q3, Revenue Grows 16% YoY To ₹27,851 Crore - Free Press Journal","Kotak Mahindra Bank Net Profit Rises To ₹4,924 Crore In Q3, Revenue Grows 16% YoY To ₹27,851 Crore  Free Press Journal",https://news.google.com/rss/articles/CBMizgFBVV95cUxQanpuVHd5bTFHWl9PMWgwdXpDTnJla0NoVlJZa3FBU2gzVWhKUTJIdkx3ekk3Yl9LOFRfZ0xNZjNoRzJRWm1OWllteDFIN3FHMnFWTWhqUll5ZzZBS3BTTkQ3THl2WmZPYnF5UVQxNXhLWXkzRTdZU0t4MmNNVGVEQTcyNzlWRS1yUUppRm1Hc1pKZ3ZPVUJTc3N6Z0E5SUVsUXpSbUs2Yk5Sam1QNzZhSXkwaXltRWh6NkxNYVhBdGtXc2JrZ01sNE5veGJfd9IB0wFBVV95cUxNMy1waTltZGJBd2xXLU81UnRqMWRvZzNlTXpBZ2ZEME0tZXA0QWc3TFVwQXMwQTAtZXNkZm44Z0lnQ1BaQUNXOG0yeVpKa0J5RzM0c0xuc01XRFl5RjNtM2taSmxFNnJ4V2NnVHMwTXIyX2hVNWNoWm5mZ082SDZyQjRqOUQ2RTljWC1qVjJrTWFZNTBwT1lrMkowdDd0bmY4MVhUS2VwVVNJWGtOVV84a1cwME9TYkh3MjB1Q1hkc1FwaFVDSkxkc01RU0lkaTNpUTlj?oc=5&hl=en-US&gl=US&ceid=US:en,Free Press Journal
KOTAKBANK,"Wed, 14 Jan 2026 04:44:36 GMT","Kotak Bank Share Price Today, January 14: Kotak Bank Limited Stock Plunges by 0.83% in Early Trade, Check - LatestLY","Kotak Bank Share Price Today, January 14: Kotak Bank Limited Stock Plunges by 0.83% in Early Trade, Check  LatestLY",https://news.google.com/rss/articles/CBMikwJBVV95cUxNMnNaTDBqekZfTUtVQU8wODlmTFJ0SzdEdVZVUnIyNlNKc3VOREhkUmVZVVVFR0tRQS0tOXQtSnZldjBFSHhpdkx3R3pfbnhQUzR0MG1WVEJLMVhWZFd0dnQyWFRhU3V3dFB0S1dTOXdDUFdITjd1amxndTViWmNNbkRIVEs0d09adS1DX0VWR183Qm5FODE0LUdsbG1vZ0FKcVJ1aHEwcWtLb1ZfYjNFQ1k1TnNWeEVoV2JLUWc1VmlxYXdqSTVXckNFYlhreGtiWkdRcUtUd01QNFU3MTV2a3B4X2EwSFk1b2NydFBaN0pBYllWXy0tWHEyOUdOUnBjOTdKRjdHVUdsSmxaSHBwNUJYWdIBmAJBVV95cUxPbnB4SzFZSklWVk5xLVZVYTdaaGpSWnU5cFFvWGJtNUtOUlZVWWFtVlAwdnJiYnhLc013UHI0VFhYbXRYcjVFNkROSFlfNkN0bE5kYktsYU5ueVdZSmFSdUdwd1ZFNzNfTFlsZU5vbFhVWGtBU09BeHo2c0pseEhwdXhhLUlQMXpCZy0xdlFsTEJac19PQk1JU3kzZldybUxGV0FiaVVRTElOQW9hekdIclJ0RVNYczY5RmRldS1ZUkFuWmRaVzdRTzJVSWlZUjhNd18zTVQwNzNtWHJFZU13cnJPWVZ0aVFaWndGU2l6ZnFXQ0JFWVZ2UEMwaTZwbE9Ma2U4c2VNb013NjFsZk1RWmFFYTFLdjdr?oc=5&hl=en-US&gl=US&ceid=US:en,LatestLY
