ticker,date,title,description,url,source
PNB,"Mon, 19 Jan 2026 08:00:00 GMT",Punjab National Bank (PNB) shares decline for second straight session; here is why - Upstox,Punjab National Bank (PNB) shares decline for second straight session; here is why  Upstox,https://news.google.com/rss/articles/CBMi1AFBVV95cUxQcF9OeVRwTmhBX2dVczRRMGR2ME1odEN4VG0xbEFuWU43LVFTVml2a3ViWl80M0Q4emF4QmJCd2N2YmJ4OGhFNVZuaHB3X2QyQ3BpUUZKMTlxTjR0ODhoV1lNaWFzNVdocnluU0xCenlHbXhwd0o2VFpBb0t3ZU9ZaV8yXzNmeVV5V3lqVXhudW9lN1lUM2N5TVVJTWxsZzNzUmEtc0FsZ2RWdmkzY1Vnelk1QUJKLXhva2VVakJfTWRjYnBmZ0J2ZVc2QlhLejBtcVZZRA?oc=5&hl=en-US&gl=US&ceid=US:en,Upstox
PNB,"Sat, 07 Feb 2026 05:13:32 GMT","PNB Bank Recruitment 2026: Applications Invited For 5,138 Posts, Application Link Here - NDTV","PNB Bank Recruitment 2026: Applications Invited For 5,138 Posts, Application Link Here  NDTV",https://news.google.com/rss/articles/CBMiwgFBVV95cUxPMVp0NHlXRmI1andwM2JYamdjY1VoRWtwSk5BaFE4c3A0TU5sdXlHZ1BsYUpmUnE3b0ZaYm01VWJPVDJmNlZJVlB1aUFLNEZ4Wk8yNXZOQTN1Vk14Q19PWC1PSl80Q0VpYnlVR3RmMGpKU0NnX282bjlxY1dFeExrczA1TFhYMjhJeUduYy13V2JBZHpzVGp2ZGFjVl9qem9ZYjNEWTg0Z0NRUVBzUXdzWUowUENJbzRISWx5MW1MWUdpZ9IBygFBVV95cUxQS1lnZ0Jqd0dpbkVTTlY5NUswZFZ2bVQ2cUExQU92SWV1Tl9veU5VRVdoYmNRQ053UUVBYjhBUDltTkFEZVlzNnZFTkhQRzRrVnltWDhxWkRmOWZBSmtBcHlta0RkM1FLN3dCZVlWZElRYlMxcy1hT1V1MFV3ZUxfQmRjcThBY0tQMWNZTWxjUWxTeUFRclNEQ1BMN3hZdVIwcVdZMVhEcHJnU1hETFVmUVhOSURVRjRNajlmU2JEdmxoUXFJZllSbXBB?oc=5&hl=en-US&gl=US&ceid=US:en,NDTV
PNB,"Mon, 09 Feb 2026 04:51:00 GMT","PNB Apprentice Recruitment 2026: Application registration begins for 5,138 vacancies, check direct link h - Times of India","PNB Apprentice Recruitment 2026: Application registration begins for 5,138 vacancies, check direct link h  Times of India",https://news.google.com/rss/articles/CBMijwJBVV95cUxPWVp4RVBYWUhYTC0zcVEwXzAxazZvQ1FITmVlQzEyMkYzUFlISVprWWlWb1lNbGlEdDc4UEZhUUpZQUhaVFl5X1VKeHotMUxXWmkwRzlDQncxTWo4bWl4a2hHcE5CVEFERlo3VmRoSTl5TmdIaXotamxLMTV0a2V2VDFKTEFnLXlrVlhtUXl0ZXVsVWhLOVpCT2NVODE2T0xQajd3R1NsSEFMWmNqV1l2dFhaZklGSjJPMnQybXF1akJnbEtISElDMGtHOXk0ckg0SldQaXUyWDF6czRpZWNZLVpDUUFXSDRZd3JkNmJaQlBLeENSMlRTTHFCQmthSlNzZ1NRRmpRYTZxSXNJS3Rn0gGUAkFVX3lxTE1LRS1qb1RDSlJTcFhnNFY2NzJMTF9JU2FCN2lpSEhrWGt6bzdadkVEcGFDelJPN1Jic3UxYlMtczFmQVJQV2g3b190TVBGZUVhYVJSbVZ2TXdObS11TldLOGZmb2dIRDlkVkJERS1XcThHYzFHdF92LWRzOWMxX3I0NGpMX09LNXEtcl9Ebno0cGJBbWpjT2w0Qm1sUGlVeDJTZS0wTXd0VVhqRmFZendJU3U0c3dDR2E2SUhYMUR5OGZicktkbGFFTGNiOGRYcjV5VWM0cWJ0all6cTZ4YTdzcXdZSEhIU3U1djdVNXB4MjFFaFFzUmRDZWIybm02QmdWdkg3X1h3UkQ2NGF1WjF4ZnpENQ?oc=5&hl=en-US&gl=US&ceid=US:en,Times of India
PNB,"Mon, 19 Jan 2026 08:00:00 GMT","PNB Q3 Results: Standalone PAT rises 13% YoY to Rs 5,100 crore; NII drops 4.5% - The Economic Times","PNB Q3 Results: Standalone PAT rises 13% YoY to Rs 5,100 crore; NII drops 4.5%  The Economic Times",https://news.google.com/rss/articles/CBMizgFBVV95cUxQY01OczVITWxKZXV1NF9vZDBvS3Z5XzlaM3JqbF9xTE9EUWp3QVZzWmNhR1lWY0FvQUNsV3NsX0RyZHB4R0daOTdHOUpSNUNOTVktMENXMVZnUjh2SW9BdDA5VnEwSHY4R1JRckJVanV0UTNiM3JGVEFMU0JkUm4tLUFpb1dZNjRJNExSRGxKWFprYTRvX1AwODRNRXBCUkhnbDVnT0pXMVlaN0NTNnJOZ2t4VDh6RXJLQVB3azk3NWhnWlhkSHJFU2xmd2lKQdIB0wFBVV95cUxNNHRHT0R3NHlwMkpkWlpoVWZpbXJjbm95SFZVMHNJRjJaY0M4UTBOMDFBdnpHQ2tpUHhnRy1YTHR1MkVQZ1hqRFlvc3VTLWd2SkhueW5rUEZIdlZObDV5LVBBc05ock5scnZ2SzdocldKMmhjNmJyRDVZUER6NnpJWFJIWDR4eVJwUDQyMWpiNndWWWxUMkI0bTBvR0k4dXA4RjZELU5PNmxCX3NNTm13b0IwTUthRG5RT0xieWhTSS1JWktzSFJkUEhvUG1hbjA4OE5v?oc=5&hl=en-US&gl=US&ceid=US:en,The Economic Times
PNB,"Mon, 19 Jan 2026 08:00:00 GMT","PNB Q3 net profit rises 13% to ₹5,100 cr - The Hindu","PNB Q3 net profit rises 13% to ₹5,100 cr  The Hindu",https://news.google.com/rss/articles/CBMiogFBVV95cUxPQ1pLRVEtbXQ0NEFqYjJpa2V1UVVyQ2pLcXlLeXEtMzJSX3phOVNFRkNSdk83WlpfYTduWklITzZJc19mTnR5Nlo4R0NTcjFKbGtVNHEzVV82Q3lUTU16UG1mVW55U1dzTlpNRmVSZjBudWh6U3RKUDlTYWl3dlJLeEVYcnA5eGdLU1Z5TnhwQTA0SFljbUZtS3k2S1ZtYkNISXfSAagBQVVfeXFMTjB5eHlRTlRtWTVnSGxIcGdTcHRvOVE2RlhKbnphTF9WUjh5Y0pfQUpsQzc3VTdvdTN5b2hvSU5YNkpRbFQ4SnZWVnF3Q0xNVWtDa3NxZzBXTU92SGE1a1B5d1JzSHo2cWJMS1VzczdDU0hlLUJCaFVwLXlxSWNJa1J5Wktpc1hJZ3BUQV9iZVBvVGdRb2Z3VnplcXVibzdQeXdVZHpER3Q3?oc=5&hl=en-US&gl=US&ceid=US:en,The Hindu
PNB,"Fri, 16 Jan 2026 08:00:00 GMT","With EPS Growth And More, Punjab National Bank (NSE:PNB) Makes An Interesting Case - simplywall.st","With EPS Growth And More, Punjab National Bank (NSE:PNB) Makes An Interesting Case  simplywall.st",https://news.google.com/rss/articles/CBMi1gFBVV95cUxNZmJ4cHNESHhKOXh3SVFyaFpFMTNMTVFVeGprT1pxZ1g2WHZ1NXNlZ2xlb3VQcjZPUTQtTkNJbkt6Z09QOHQzbUhjZEwzOXFfSVFPREVHSFo5MHFJY2ZfbkFBdGZ3SXAzejAycHFUd214bmxFdlpndXBkblJDVzNjLTRYVzVLMDNDSERlTWVrSEZmdEJ2QVR4UUlsN201bzE1N3hnWk1RcXczNGNyTV9aNVhXeW9ZUjZMdW5tTEdEZ3JscWlkYkZ1SXQ3ZEVTanFpdEhGNFJ30gHbAUFVX3lxTE9RbTZKLTZaaVMzM1BXQ3FiU3V1d25EelF5YjBqdW9sS3laY2xfNHhsOE0xM1VDX2dTSTl1YnFwNW11dExrS2tjNnZyZG5aUGoyN3hZQUN5Q09yRzBybWZIdGQxcndMZVpzRVF3bWlIV3Fvc3VqNjlFU1dpYWpnTXpRNXFtN3BuUG1oZjlZU3NwS2FpOGZnUUZ3ZUNwRGxVazRDRE5qbXQxdFdvMGZnZkdraVZibk11OUVzUmdPLXRZUjVNUUQ3QkwtWDlYMy0zVk0yaUJsZVg0NmNzRQ?oc=5&hl=en-US&gl=US&ceid=US:en,simplywall.st
PNB,"Sun, 08 Feb 2026 03:41:47 GMT",PNB Customers Alert! You Can Now Use This Facility Directly On WhatsApp; Check How - Goodreturns,PNB Customers Alert! You Can Now Use This Facility Directly On WhatsApp; Check How  Goodreturns,https://news.google.com/rss/articles/CBMiwwFBVV95cUxOWVB0Q21KQ1JscGFtVEFBU1JBNEl5VEc5SXE3c2k5OWthTVVzY2prYmI3RHJ3cTZCa0xRVEFIVFlVbFJKVjRmWlZuTzRRSmZjdE9mM2U4NlpzQ0NuWUh4NXNxeURGQVd2MDBKTDdjeEZiZnZFZjdZMGlxclNxWmR1ODR0eTJsRUthTnk5T08yaXNRRnlPeWQtbWNzTVl3OW9HcVZVSkZBa2hZWVAzZmVxUmFIZzZRVEdxT3NDc2RyNTZCRlk?oc=5&hl=en-US&gl=US&ceid=US:en,Goodreturns
PNB,"Fri, 23 Jan 2026 08:00:00 GMT",PNB Warns of Branch Disruptions Due to Bank Unions' Nationwide Strike on Jan 27 - PSU Connect,PNB Warns of Branch Disruptions Due to Bank Unions' Nationwide Strike on Jan 27  PSU Connect,https://news.google.com/rss/articles/CBMitAFBVV95cUxOQ3ZrTzJoUmJFQnNNa2g4Wk5aNU5hQ2ZDUGwyT2R4bm9hTFJ0MS13TmxPN0EwSkJxTTZrS1VwOEZBYVRIeFpxTkhzMkk4djBlZDZZTEhic2FnWEpLVUtvVWtCZVpnY0ItOVBnaGZOOGJZZVA5bXJ5RFJSdEVQdzdVSDhnczRpMDBwbWtGUGUwRGxtRkhpb09FVVZRTnBVWF9WWmZPT0lZQzBiVEVRelV5WGszRm0?oc=5&hl=en-US&gl=US&ceid=US:en,PSU Connect
PNB,"Fri, 06 Feb 2026 10:17:26 GMT","PNB Apprentice Recruitment 2026: Notification out for 5138 posts at pnb.bank.in, registration begins on February 8 | Hindustan Times - Hindustan Times","PNB Apprentice Recruitment 2026: Notification out for 5138 posts at pnb.bank.in, registration begins on February 8 | Hindustan Times  Hindustan Times",https://news.google.com/rss/articles/CBMimgJBVV95cUxOU3dsTF9samY1M2pSUU9iNWIzWnpNQ1Z4S2dpRjZXTjlmdU9WNWYxM0JtTHZ1aUp4UWRjekRfOFVSYmo4Qy02V0huTlVncXEwcHNiOVdQOV9aaWpyY0VIbUdkaFFTZE1YZTBuVEYwRkIxZkVVREVJeDFONlhweElLNWlFTlRFMGdpV0ozZ2RmTFNQb1ZzR2RwdXhWOU81aThXS1NfZDJOZXpiR1B4STV0SHg3MW9nTnlXQkpxQ3N1bGVwa1lieXV0MVF2UTNmU1E1R0pRbWI2dWExbDM5OGFEU1Q3TzF2YWdrM3dHMGtCdDdmTFNLQ0hsalN5RFkzME91YThEZ3RPc2QyZ0Jubkw2dHVmQ09zZzR4LXfSAZ8CQVVfeXFMT01EcFdVVUZaM01GZy1YV0RkUXJDMG02VzZ5MHR0emVDRHdFYlJjRXE5aXVNV3hKNDdXbHJ6OWRMT2ZrN1hJZUM5ZjFSNjhidUYwVmxsYnNhemtINTNhdmJtLWFhbVZUenhVSTl6UjdsM3dLaVhYS1pMSWJFRmVfUGVTVGlqdmY5M1VsRUNPOTlUMlZoNjNOR01TMmZrbHFYaHFBYkIwTTh4My1ILS00Q0tlR0FHNlU5Zlgxc1ZCRk9RMUpXeE1OaFo3Ui1ra3FmMll1dlZ6M01mYk9UTjVfamEwc3NxVkpSTGpsMHFzMVBKVndpbHFkM2VWWjNnSlZMaElwY0hYWXdwc2lOUnAxazRKOHlaaDN4aDVhb0l0cUE?oc=5&hl=en-US&gl=US&ceid=US:en,Hindustan Times
PNB,"Fri, 06 Feb 2026 12:10:41 GMT","PNB Apprentice Recruitment 2026: Vacancies, Application, Eligibility - Physics Wallah","PNB Apprentice Recruitment 2026: Vacancies, Application, Eligibility  Physics Wallah",https://news.google.com/rss/articles/CBMic0FVX3lxTE42MXBld3NmSTJKbGhsZ0VJOUVfLW1GamxXa3cta2Y2b1ZkVm15LTFvT3hMcnZiM01FUm9tbnZFdjJmZnBFTmxvZG1iVVZFbndSX3hrdTFjNl9XQmp5WjY0M1VsSE9hZFIyZnh1NE9JUUVPYmM?oc=5&hl=en-US&gl=US&ceid=US:en,Physics Wallah
PNB,"Wed, 21 Jan 2026 08:00:00 GMT",Punjab National Bank Upgrades Quality Grade Amid Strong Financial Fundamentals - Markets Mojo,Punjab National Bank Upgrades Quality Grade Amid Strong Financial Fundamentals  Markets Mojo,https://news.google.com/rss/articles/CBMi0gFBVV95cUxNSWNTM0hrdG9SbU1yTDFjTDBIRVJBeTJ2Tkl0dEx6Qzl6WFRPeFFBQnhsZ1VJc2k5ZE9VSmZKeG9oem9kUGQzY2Z3b2hXSEMwOUc3M0ZteHpIUk1HTmQwSHBOejlKMkdaRFFhUG40TmtMLXp1SG1RRHU1M3N3WVhqbHdrdnpZb180OG9oTzlobFRRVGw2eVNoMmtPSko4R2N0bUZlSlNWT0ZFMG1oam1fUU9OU1UxM3RwbGpzYWEyVG1lcjhWakVfNnJsZ2ZjTEpWdUE?oc=5&hl=en-US&gl=US&ceid=US:en,Markets Mojo
PNB,"Mon, 19 Jan 2026 08:00:00 GMT",Punjab National Bank price target raised to INR140 from INR122 at UBS - Investing.com India,Punjab National Bank price target raised to INR140 from INR122 at UBS  Investing.com India,https://news.google.com/rss/articles/CBMixwFBVV95cUxQbUpZYi1jeUtTTTZsUXJ0UkVqRTVXSWhMMk53cFZvX2lnU2g0MThiS0hNcWNUckdwTGdUa0s1R1NkX0swT3hPTTFOUGhid3hfRnF6cWdRUmVqTS13LW1QVWFTMm9ENUJneDFLQ2doMWxsMk9wT0tMeTNBWjJGYWxPa0Q2VGZZWnExWUhMX2Y1NGZYSzZ6M3h0T2drd0VsdEx1dFFYM2lnT2VPNERPQTRJQ0x0M0FOQVpfOGVabkplOXhuQVlHZnp3?oc=5&hl=en-US&gl=US&ceid=US:en,Investing.com India
PNB,"Mon, 19 Jan 2026 08:00:00 GMT","PNB Q3 results: PAT rises 13% YoY to Rs 5,100 crore - Moneycontrol","PNB Q3 results: PAT rises 13% YoY to Rs 5,100 crore  Moneycontrol",https://news.google.com/rss/articles/CBMiqgFBVV95cUxNa2Y5ZjdKS1M2WHNlZTg1eUw0VlV3NEdvWDNiTUhDOVRmcVpNSlJhWjE0VGFETm96Z3pxNnhDbGpLOS1FcUlnTzcxcDU5blNfc0FpMEc2WXVPV0xpNFFDQ1pLQnpMcGNWR09UeUJCUmtuQmxob1Nqb0wzR0ZqblBsaTJsZWFIWDFQelFRei00MzBLTDlhQzFkR08yQjRaT1ZnZnRCWWhwVE9CZ9IBrwFBVV95cUxQMDMwTVI1MkR4N0JQM0NFODFfUnJVLUQ3TjFEWmlmc2RIc3o4S2VlZWpqVlhaaDZGc1J3YnJ6RUJoVEt2b3JQX1BDZ1FMQlBwSHFvdm4wYnpyWk5VbVZNbTZtdlphMXRHSGtBMGlJcU9HNGpINzVnYmh4bEd0dFZnLTBSZmlQdVJzRDNwTGtYbTd5RjdmM01sbWp3S3U0U2RqN1V3TU96eWxlZXBncm80?oc=5&hl=en-US&gl=US&ceid=US:en,Moneycontrol
PNB,"Mon, 19 Jan 2026 08:00:00 GMT","Punjab National Bank (PNB) Q3 earnings: Net profit rises 13%, NII advances 5%; asset quality improves - Upstox","Punjab National Bank (PNB) Q3 earnings: Net profit rises 13%, NII advances 5%; asset quality improves  Upstox",https://news.google.com/rss/articles/CBMi6AFBVV95cUxNTTFyNmxVZENsSUdwVS1JVGQ1bzBZUzVHMXYtUGNyUDJtU0F0Y2h2ZGRyZ0RwaFRDSTByaUZXcWRQS3cyOGotOUhtbWRxRmxsV053Skh0ZXlRbDcyY3A4TFJJV0ZLTzh2VUNqVTQ2dEJQM3R3OGVHaDdlSm1MLU9JZGtYdE5aNkE2ZjB0ZmZ6UFNMdFF2RWVXQnRZX29WU0MzRW4xVXBoUTQxS0d1YkN0QWJ6YUFWZnExN3NxTVQzQnJTRFhNLXVHYW5Ld2o5MzFFbklGTHBxTXZUYW4tWEM3d0lIS2xnczli?oc=5&hl=en-US&gl=US&ceid=US:en,Upstox
PNB,"Wed, 28 Jan 2026 08:00:00 GMT",PNB alert for SGB investors: Why Punjab National Bank wants its gold bond holders to verify their account - The Economic Times,PNB alert for SGB investors: Why Punjab National Bank wants its gold bond holders to verify their account  The Economic Times,https://news.google.com/rss/articles/CBMijAJBVV95cUxQR2dTdHNvanpvNU9LWXM0NmlIUXR1aG9YUm9VNlJoeWhvY3M2NHZJQlE1b1lKcXVHaXVrbzJidy05Y0tBSl9TWi1EMFJxQ2JNd01VNEZNaEVFNTNqQ1BucjlIWG5WWGpDUXFxaTdaWmxyUGhKWVFlc1lCNXc2cE9VUWt0Y3pCYmk1Q044bHVUdUVENk9yYjJScXRfZ0dleTZrbWMyUzdZbmMyZHlDazRBZmxNVUlXaUpTNDdKc1VLMjdtbGV4WV8tdmtpNTM2T2JGUV9Iak1NRjQ4Zk5oUWNadU5hcmJPSjVQWENGQkhJM3RuWjRVWmRDR0Nja1IzNEgxSGh4eDloTTlGYTVV0gGSAkFVX3lxTE9Ta0o3Q1Y2UmVGOHB5TUFsSTkwUFVscWZkTkQ3czJ2WVdxbXFheDVNMDlIRkl5ckFqRXRZNkdxX3VDeEVMRi1IOVl2Yl9Zd1pSR1dleU9sMmtmQzRZWTFSTVVpeVc0ckNPeG5SeFJickl4ck01UE5fRmdVV2laWHk4U1dKdHl6MFYxM0lsc1ZGbTU2N0s4UmdqdWZWWDBnWmtieDJvdHBxQnJ5a0FacnVFVHlnU3UxaEYyN2RTdnlLeUJOTE1XZEE0cmFvOE90eTdMUHFxU243ZDYyeFNyaUN1VkFWcTl5d21UTXZNRTM0bGFGRm1nM2VCbmc4N3BiNE9LRkREbnVYeWo5QWd6bHZRVEE?oc=5&hl=en-US&gl=US&ceid=US:en,The Economic Times
PNB,"Wed, 28 Jan 2026 08:00:00 GMT","PNB to expand digital, startup banking presence in Bengaluru - The Hindu","PNB to expand digital, startup banking presence in Bengaluru  The Hindu",https://news.google.com/rss/articles/CBMixwFBVV95cUxPdTZMMk5qbk5lbWVPb2NoVXVTT19RUl9JeTJQbFNpeVZNSzdtc19FV05saXh2aUhWeElfbDlkSHhvMnlyOC1uanRaS0xtTVhqOHF3QUFPNWVNdVZSM2VZWlBNTS1EeDVRTHIzcFh5aDVXYnlXMFl3LXpXVVlHNnRmSlhOQkFBVGpzQkZsOHFfUjZUZ2t3QzZRMmtXNVhqM3Q3eVA2ZTF4SGh5QlAteEI3U3NMSHZUc2ZhQWdpUVJVVWpyY1I0bHdv0gHOAUFVX3lxTE54a0ItUlNWanhrbHpVQmtaR1RNMmNZT1BiTGN3RTRfMWplWGt6cHNVMGhVOGpkemxzdUNtNzY3OEhyUVdsS3l4VDVvNm1XSnhUeklzRktLeTlTTlJKRm5YZnJMazZDcS02SEc5WHZkLXY4bXRrdWZCTzV0OU5FZ2RnOXMyVXZUc1lCRGxCZ1pBWjZkNzNpTHZNOHdqemUyalBFdFVLTmt2N1RSLWcxQW1kTGdkQlNHR0lHSnhMRElqeFRpYTRiQXBYaWd5eVhB?oc=5&hl=en-US&gl=US&ceid=US:en,The Hindu
PNB,"Mon, 19 Jan 2026 08:00:00 GMT",PNB Files Revised Q3 FY26 Investor Presentation | Key Metrics & Digital Growth - PSU Connect,PNB Files Revised Q3 FY26 Investor Presentation | Key Metrics & Digital Growth  PSU Connect,https://news.google.com/rss/articles/CBMitgFBVV95cUxONi1Nb19UN2lPaWFyLWNGbWZibzIzR3RXbnJrbWlTZGdRN0w2TlAzT1Vsb0R3SFR6bEc0bWhGVUFZTFRfMUI5a3ZROVU3T2RqTTBYTjN3N3JpeFVMNDUtcHJCckppd09PU2kwcXd5bHpQdHR6TmtoZWtKZ2hhV2duSXlPOFM2LVEzSlpmZG1jemNoaU1ybF9UbGJFV0l6allHWV9Za05DemJaTUxoZHVDVXZVdjhLdw?oc=5&hl=en-US&gl=US&ceid=US:en,PSU Connect
PNB,"Wed, 28 Jan 2026 08:00:00 GMT",Punjab National Bank Downgraded to Hold Amid Mixed Technical and Financial Signals - Markets Mojo,Punjab National Bank Downgraded to Hold Amid Mixed Technical and Financial Signals  Markets Mojo,https://news.google.com/rss/articles/CBMi3AFBVV95cUxNQUgtdE1ySUVaX3NwR2pLTlROa1JYWlRxWW1sUEFkbVpYemt5SXp3cE11ei0yUWVMbFFvbHNkUDVzOVFwOUNJRV9hUXNPRkRXRFNWOGtYaWJWMjg3UlItQ09naXVHZXp3bXlFQndTbEFnOThvNUhvZzZlMXRhd25nS2V4U2dCYV9rWFdkTXNCMU5iT194M1FYTlE1U29PRWZIUG9GZlE1dkdfckZpOFhidGxsamlMREg0QWcwd25Yd0J3dS1MMXp3U3g3djVtNVJLOTN0X01EbW0wY2tC?oc=5&hl=en-US&gl=US&ceid=US:en,Markets Mojo
PNB,"Tue, 20 Jan 2026 08:00:00 GMT","PNB’s Q3 profit rises 13% to record Rs 5,100 crore; focus on RAM, loan recoveries - The Economic Times","PNB’s Q3 profit rises 13% to record Rs 5,100 crore; focus on RAM, loan recoveries  The Economic Times",https://news.google.com/rss/articles/CBMi9gFBVV95cUxQeEU5cjEzQlV4QjNPRFg0TWx4RTF4TmlLdWpSRzhaRDcyMnBZdlQzc1FEa01BdUE3TGtWQ2h4cWV5UHhMWTB2UWxVN0VQMlhjV3l5UDV2cDlTaFM4aXRORGZHV3BUdHBWa3B5WjVxR1owZXNrN29Pa0c3Zk40Tm1VZEFLMXRKRmJZVUNCb3RCWW9jbFB1TkNsbU03aUZIYjd2VVBZRnd1UEQxMmMxTkN3S28ycWh2LWM5VUtiU3RvcDIxaFNVQWNqeWpvNGxQWnBBZzRMZkQ2eGpHWWw5SDNZOEpyZ1VtUm9kdjJNOGoxdU1zM2JWaWfSAfsBQVVfeXFMTTZXRmdJeTRscHQ5bk5vSlY4U2hCUDNkQ0t3MEZ4NEFtQWk0YjVRX09pUF9mbDdTd2lTSGwtSXNzelBLa0xCd2JMNDV0ajJvNk1nc1c4QkNCT216WHBTZGNFelJvQlRNRnVSWkxZdWxjcjdKT0VNbTNtZXFJcDE3dnQzUjBpTHZucjVWOUxvWXdoQnBoZjBtWmFibld4RklrSXBkYUJRTkdsM09RdVRDckNhM18tSkRTNDZLdWxqcmJrMEJzZ1ZJNVVsc2pGSFZ2MUxidDMxOFEwMXRzdVF3cExMTDMzQmVzanItSzhMSS1KT0plV1dTRW42SXc?oc=5&hl=en-US&gl=US&ceid=US:en,The Economic Times
PNB,"Wed, 04 Feb 2026 08:00:00 GMT",PNB launches LUXURA Metal Credit Card on Visa Infinite platform; check key features and benefits - Upstox,PNB launches LUXURA Metal Credit Card on Visa Infinite platform; check key features and benefits  Upstox,https://news.google.com/rss/articles/CBMi-wFBVV95cUxPWGt2cldSNTNqVk1Qei1aQS1EdlRsWHJxVWgtZnloakhvN29VNTZoRU1nVGFGZW5QdDB2dUxfOXZ2UGVwMTdsUzA3YWc0dlltMTV0aTdlMjlGM1VzVENrVXB4aG9zVnlrSkdNNU1zd0Vwaks2ckRHV2I0SjNNc1BNcFFkU2hGYmt3Z2xUNVBmSzgtZ1dBdjFxd1lzTGtlaXlNWlRlZlVCZmp3ZTBqVWtFVDF0TE5VbGVpYVhGTUd2UTdhSnVnM1JzTzM3bXI2YjJXcFAzaWZ2cVR6YVhzLWZId0dlc1AyU05YNURXYXhVOVJsd25RYUhTamR6bw?oc=5&hl=en-US&gl=US&ceid=US:en,Upstox
PNB,"Fri, 23 Jan 2026 08:00:00 GMT",Punjab National Bank Hits Intraday Low Amid Price Pressure on 23 Jan 2026 - Markets Mojo,Punjab National Bank Hits Intraday Low Amid Price Pressure on 23 Jan 2026  Markets Mojo,https://news.google.com/rss/articles/CBMiywFBVV95cUxNeWNRYmREMWNxU1daV1BpQzB1bFVWRkRERHVqTTJIRHpqVC0xZVhweTYyTWRJOVFxckxEb3dCMWFXUTV2OGtNaW1nVTAtYVdadjBLLUN1NzlQaDVPRG1QY3BwTDQtT1k4eVZ6c19jWURGNDFiTmZ2S0RXTFUtREZNUGZKMFJoZHl3UDY4Rk93N08zaWNSRnQ0eXlSV3VacVhJNldzWkppeWQteEdWWDlveHRKZFpzd3dJY2xwVmFFbHVxYUVQSFdEOVJWWQ?oc=5&hl=en-US&gl=US&ceid=US:en,Markets Mojo
PNB,"Mon, 19 Jan 2026 15:21:29 GMT",Punjab National Bank Hits New 52-Week High at Rs.134 - Markets Mojo,Punjab National Bank Hits New 52-Week High at Rs.134  Markets Mojo,https://news.google.com/rss/articles/CBMirgFBVV95cUxOZGlYeUxhTDlDbi1SbWhTOHJYTFByUnphX0lQeXhSclNPVXhFdXNhQVQxYTFiMHk3Z0RiVU1EbjVKZ0ticG00bEdrcWp0SVR4Y2ZqUU9fVWVFelU2c3Z0ZWg2Q2Y0Q0RJVVEwdFRvUTdib0JCX0pNcFpfZDRHNE1OYUtlV3BxLXR1UWdtWUl3RnV0Vy1iYk1kZE1QeEJUYW0yMDV3WnQ3MHNKbGx6WkE?oc=5&hl=en-US&gl=US&ceid=US:en,Markets Mojo
PNB,"Tue, 27 Jan 2026 08:00:00 GMT","Punjab National Bank Issues Regulatory Notice for Scheduled Bank Strike on January 27, 2026 - scanx.trade","Punjab National Bank Issues Regulatory Notice for Scheduled Bank Strike on January 27, 2026  scanx.trade",https://news.google.com/rss/articles/CBMi3AFBVV95cUxPMHBjdFFQa1RjY253aUtLODhaZmVIUmhxX3VhcHpmcmJGQklaU3NyOTlQVTZyMkZTMWxSOXhOYnoxcERvVHh0YmZCQjU0ZWJxSVhyVW53TGVCMXp6dGFVZjVQbmdSb181a0xLaFJNX3JfbnFyZWg1MVVWUjZ1OWZKZ3lfR293NTU1aUxrOWlkNXk3WE5VZkN2Q2hCaGVkczhrX0ZZSTc3V3VSX3Fnd0hZWXFjbTUwdWRlUG9pWHAtVjhiQjhSd256TUhoVE9zanBKNk41ZTlUcGNTS1F2?oc=5&hl=en-US&gl=US&ceid=US:en,scanx.trade
PNB,"Wed, 21 Jan 2026 08:00:00 GMT",Punjab National Bank Upgraded to Buy on Strong Fundamentals and Valuation - Markets Mojo,Punjab National Bank Upgraded to Buy on Strong Fundamentals and Valuation  Markets Mojo,https://news.google.com/rss/articles/CBMi0AFBVV95cUxQSDJBWG1IblljbUpHaVpocGhTVmtEcTNDVTNVS3FldEwxUGVxaFd1UmxXc3ZVLW1nVW50bWdKRkxLbk1XaW0zQmhSS2NXT2hHdFdDRW0zN3BsSXpSUEZkcWprQTJybE9KUmpKTHA5MUthQ1RzNHhLU09vbW90YUhFcENTMFlJT2x1OUpvWWx1bGFZeEpod2p2UU5QQ19KTlZHeTljUXBMeGFBd2F4MGRVUTZZdFNPeS1zeEtkVF9ycDVzek0yWGd5bHJHZ3AzSFh1?oc=5&hl=en-US&gl=US&ceid=US:en,Markets Mojo
PNB,"Mon, 19 Jan 2026 08:00:00 GMT",Punjab National Bank Makes Q3FY26 Earnings Call Recording Available Following Results Discussion - scanx.trade,Punjab National Bank Makes Q3FY26 Earnings Call Recording Available Following Results Discussion  scanx.trade,https://news.google.com/rss/articles/CBMi5wFBVV95cUxNUlBWSDhTMldZdHE5RVc4X0FDOEptRVBjVHpJa19FVnJTbFNmY2ZYcEFmNGNhLWtodVdmaHJyakxpYkxGeG5HazhYQU9SbzFjVW5ZS3RTT09hZzlvYVVyVUQxN1JVa3RyYnp4UXBzaGhYU05yd0dCYndHZmZDanRBVUd6Q2F2aDl1dUhWcDhkM3RERVJ0MTltd0hNZjZQWmUwWTdEbUwxa1VtVU82QXhTWkNWSDJYc2lXaHJ3QTFGY3ZZY1dJZ2FpNml4ZWRzTVZ3c3M1YVlQa09GUmgwS2ROalRHUmpEeDA?oc=5&hl=en-US&gl=US&ceid=US:en,scanx.trade
PNB,"Mon, 19 Jan 2026 08:00:00 GMT","PNB Q3 Results: Stock falls after a sharp rise in provisions, other income aids profit - CNBC TV18","PNB Q3 Results: Stock falls after a sharp rise in provisions, other income aids profit  CNBC TV18",https://news.google.com/rss/articles/CBMivgFBVV95cUxNYk9zcXMxc0FkRTN0RjlBNTVlM1FrTEd4RzM1SWx0RERlMWhZQ1lqRkFPWnNjY0lfeVI3Z3lKc0N1UTBqdHU3QzdiSG9xZWd2MnhhdWkwc2loS1NwMVhPTGJKQ2Jud0k4VUhVY29OQWZYVExHRnBmNXJQM2pUbVJGRVJyR3kxRG56RmpSWEpxNkVKZ3R3dWJUc1dFdWw5dGNldUdZZGZYTEhGd0VidjktdkdPRXJNY1JUSTVCWE9n0gHDAUFVX3lxTFBSSTdxWldZdldOYjlsQV9XcW85NFg0SmVqaVhsMHNzTlFrUWw1NXRVemJ2ODdDeVlIMjN0MjdRR2I5TGZFLUtNYTVqOWpZSC1TTnFaNlpQbnZXQUt2WW9TMGNuZGtJNGtfRGZJaG0tYjBWWEVSZ2xIMnU4TzhKNjV1ODNMaE02dE1wSnlWV1d1ME5Db2ZzVGJqRFRvTmdOMzlvaGJaZm5Dd08yTEpVaV9sUVR5dGY5S3hHamdWdUd0Vk4wZw?oc=5&hl=en-US&gl=US&ceid=US:en,CNBC TV18
PNB,"Mon, 19 Jan 2026 08:00:00 GMT",Punjab National Bank Sees Sharp Open Interest Surge Amid Bullish Momentum - Markets Mojo,Punjab National Bank Sees Sharp Open Interest Surge Amid Bullish Momentum  Markets Mojo,https://news.google.com/rss/articles/CBMiywFBVV95cUxNOUgyd2x0alZycUFHNUlsRzk4Yi1Pc2JWQ1lrVXZueVVZMjV2d2J6TnhMcEQzTEhxN0RSeEhudXRpcVRmY2lrWk85cFN5dVhXbFJxN3NGeUlIUVBWTTd2VENUbHJrcWZKb3JLMkI5LVBzTVhOZnluZ3JRZVpXR01iLVFpdUsyMTZRZGNYSmRxbnAwbTJQR0NjaTFQWVhOOEdRY0l4ZnhMbkhPcWNtZHRUU196LTJMNVRreGltWVZJR2E1S0lsTHRIZVpRQQ?oc=5&hl=en-US&gl=US&ceid=US:en,Markets Mojo
PNB,"Mon, 19 Jan 2026 08:00:00 GMT","Q3 Earnings Today 19 Jan 2026: Punjab National Bank (PNB.NS NSE) at INR 128.59, watch margins - Meyka","Q3 Earnings Today 19 Jan 2026: Punjab National Bank (PNB.NS NSE) at INR 128.59, watch margins  Meyka",https://news.google.com/rss/articles/CBMitwFBVV95cUxOXy12ZjJlN01CRnptS183MDd0YTRQblQzSmtsM0hDYkFjeUZ5WXhHVFJteHFmLTZjUzZTb0wyWU1wZ3hWNVJkSzVObm5tRy15WjJHaGVvOElqcDZrX1pqaWYwdHhlRmREM2tiQWhHSXFZaTJTSHFOWDZyU0ZERjdsMkp2emFtZXZ2X3U4VEZUczBKQUFJYVRYclZsSUR5M2VrWktwUW45a2hvd25qdnJ0Zlhxb3FkeTg?oc=5&hl=en-US&gl=US&ceid=US:en,Meyka
PNB,"Wed, 21 Jan 2026 08:00:00 GMT",Punjab National Bank not looking to increase exposure to Vi - Communications Today,Punjab National Bank not looking to increase exposure to Vi  Communications Today,https://news.google.com/rss/articles/CBMinwFBVV95cUxPWS1Fd2ZlZVVNX1l6NF9ic0FHNkx3bTFCSkVHQUlNbXZsM3RfQ3Ixcm53dzdlRHlSZllHUzc5Ty1FRkZVc0JWUTY0R0pJWXZ0N05nWkNoeXRDVWhWWE80ZjJTbDdnNlNoU1dfeEROUGpRdGVHVFNaZXlvZ2F5UEV4M3BWRm9IV1VWRU52TEZicWVKX2lsdGJuSlNxclU4NWM?oc=5&hl=en-US&gl=US&ceid=US:en,Communications Today
PNB,"Mon, 19 Jan 2026 08:00:00 GMT",Punjab National Bank Board Approves Unaudited Financial Results for Q3 2026 - InvestyWise,Punjab National Bank Board Approves Unaudited Financial Results for Q3 2026  InvestyWise,https://news.google.com/rss/articles/CBMic0FVX3lxTE5QLVptY1lzeG5wZHJ0cG14T2FRNm1OM0lEa2pCdUJTa2NxWGdpbV90MTd0b3U0cnZEUFJuSFA1bV9jZ1FWN1Q5UEVjdDJhUldxTGx5dE1SaXV4UWljcHFQQWVTVGJjM1ZWekU4X1JGWVRQaW8?oc=5&hl=en-US&gl=US&ceid=US:en,InvestyWise
PNB,"Mon, 19 Jan 2026 08:00:00 GMT","Punjab National Bank Q3 Results: Net Profit Up 13%, Total Income Increases - NDTV Profit","Punjab National Bank Q3 Results: Net Profit Up 13%, Total Income Increases  NDTV Profit",https://news.google.com/rss/articles/CBMitwFBVV95cUxPQ3BudW1wR0k4SWk2MHA4d19iODU5VklISWd2R1NySTN4dU5YNmhEaVFhNm0tYmpfMl80V041WnBqUHc1Q3lGTGJZSFFoRGJUVW1wTWYtd1lKcGNMRERMTi1qb1BCal9XcklpZmo5aExFU2ZHUFk4TzJHMERiTFpuSFdmWlh5VzhzRGRGS2U2TDBrZkxidE9oVWhkUURRZERWU3RyNkxvdWFyanJ1WTlZdklhXzZwRmPSAb8BQVVfeXFMUG53emNTUUJYdDVYdGRUVzJ6VWJ5Qlp3Y1c2N3JKckxhc0pMaThrOWc2V3ZtRmItUlIwRGRvX1BVNC1sMFh0UWZVb3dsMkZmLW5UX2ZSeTdTb1I3dlQ4WWNEbkpxZkRGR0EzYk5ucloxcVVMTE5ZN05tZVdIQkcwUDJlYjdoYWNpVXM1WExSUGVIbDBvNTJLZUNTRGpaSFh4TFRvdzZwRlpJQjZhVUxnQnpEQTc2czFzZ3FfYjNqZ3c?oc=5&hl=en-US&gl=US&ceid=US:en,NDTV Profit
PNB,"Tue, 20 Jan 2026 08:00:00 GMT",Punjab National Bank Sees Exceptional Volume Amid Mixed Price Action - Markets Mojo,Punjab National Bank Sees Exceptional Volume Amid Mixed Price Action  Markets Mojo,https://news.google.com/rss/articles/CBMixAFBVV95cUxPUEFtejVyZ1dfcGMwNmtoYjVCVG0zYVYwLWZDMTdwV1RiSDZjNmhmSzlWOERJTmtyQThhSHpMZzgwMThLd0V0ZVhSSEtpdzdWN255Vm9XQUhBU3cwLS1nWTV6cEExZVVHX0JuUHpIZmZWdzJ2UUN5di12eUtfV0s0RkxfMlU3M1hoYjBTNkxqVGNyQzlmSDJid1NUdVVXcV9tMHp3cFI4YTBsTHVXU1d3WVFxekRMaThTQzJNZ0ZxQ2lENmJX?oc=5&hl=en-US&gl=US&ceid=US:en,Markets Mojo
PNB,"Mon, 19 Jan 2026 08:00:00 GMT","Q3 Results On Jan 19: LTIMindtree, Punjab National Bank, CEAT — Check Estimates - NDTV Profit","Q3 Results On Jan 19: LTIMindtree, Punjab National Bank, CEAT — Check Estimates  NDTV Profit",https://news.google.com/rss/articles/CBMiuwFBVV95cUxOV1RaTHVjR1RzdEppV3JtRHBCeW1kWjhIV2lIbTM5cnJpSDJZX2NSVGNIUVV6dGFPVzdGeWdzckNmcEQzSWwtM2I4Tnh2cndkUW1wbFI3T09kZ3pzUTFzVXdOMGZqeWhtNVNCMGZtSnJrS1lMQlJUdXVIVTNTczhlRC13Nkxja1o1UkxyRFNWdkNQWjVnMDJYNWRoMGZRUnZpcjcwbWNNOUtIdS1nNC1BNDI0TjFVTGtGcF9j0gHDAUFVX3lxTE5XY1ZFZWhEaEJzakN3RVdYaElRdEgtbFNWTGUtY2dwUmRqcnhNdjFMZUN3M2F2TlR1bFdfQ2pJMUZWTGpoYmN5YzM4MVJ5VW0yOW5tdlFxMXNUQ3Frc0xQZ09aMUg0MkdjQVp1WGxFeGp0QVVkaXlYNmdGcDhzZXREWWVEUkRaSGxJM0JjVVlVYzRpMjI0QnVteXhFS09hTXBoX3hLanBlak1ScWxVRk5CbWtCZjZGTmNRX1VmbXpkai1RNA?oc=5&hl=en-US&gl=US&ceid=US:en,NDTV Profit
PNB,"Mon, 19 Jan 2026 08:00:00 GMT","Punjab National Bank logs best ever quarterly profit of ₹5,100 cr in Q3 - Business Standard","Punjab National Bank logs best ever quarterly profit of ₹5,100 cr in Q3  Business Standard",https://news.google.com/rss/articles/CBMiyAFBVV95cUxQTG1YUmV0empVLTlOeWRnRTJReUFUaThWTXVXekkwX1NKanUxeFd4RTBRUTduSjU2Q2haa1dibFl2MDhJb01KQ2t5Yll4RG5rVUZCZ3F3TnlTYW4xRW1TcmdEdnVJcGdobmh6RnFoM2lEU2JBd2w5X0ZwYkdqQVo3T2NKVXJLWGsxWUUtT3lxVlhNRzVUbHZ5YUx4RWo0c2ZpczdPZGpTTlJFVmVsVkxXLURyNHAtV1lxNHFmd21OUGYxM291T2RjWtIBzgFBVV95cUxPdmdaWGRMclhzVGt5aDg5cEtUdE04c0Z2aVdVQnEzbEJhekdTS2U3dERrUDBZTXZuN2ZaUTdRcjZPX3VKekNyTGYwUjl4X3lyRXE3a21QUzlpYkJYN2EwR1ZsbjRZWHluMUdkek1iYWhWTVZiRU1tR2doNVJOT3Nmcm5NUUZZRFVQcUk0aG5tRWhTNEpYbHNMVHQ5VUdsUTZydDkwb2N6cVRHdEU1dEh0YjNUOS1aUVJDcWJYbnA4RmhpWEpoRE1XMEgxSGFXdw?oc=5&hl=en-US&gl=US&ceid=US:en,Business Standard
PNB,"Fri, 06 Feb 2026 08:00:00 GMT","PNB Apprentice Recruitment 2026: 5,138 vacancies announced; registration from February 8 - Times of India","PNB Apprentice Recruitment 2026: 5,138 vacancies announced; registration from February 8  Times of India",https://news.google.com/rss/articles/CBMi9AFBVV95cUxPczVDYTdwbTA5NHRkZ2VZTkd6eURZaUh0UkNwUDBNNzFwS3NESkZRNm5PNWpFTnN3VVg4OG5EdVVBUlBDZEJoNWV6UE5CeWZmNzF1aTVWSGVFVkVDVkpYenBUaWloTEJDcE1fSDFzb0hRSWlGSzNFYUR2OG1qR21jLUp6WjdwZkRST0IydXBLVmFVamxuaE1tb2pBRzczaC1KSUU0MXBJNmcxbjNuY2lQeDFXSHRaMEZ5VWZPNjBTUlNqQ09XYlJhWmVHdm9tYTJDc0RIZXlZSkxLckU1NFdITGgzR3VKVHAyVUlzNkQ3ZmdJaDJU0gH6AUFVX3lxTE5VSVg5ODdhU1FFV3VIaDFYUzRfdXVXVGZxWmpnZWlnMTBGam1SbjV6dV8yRVAxWVlUUnZZMTF1SU1aUGtNM01lZ21nOEJwcHl5Zmc1akNIOTN4SmV6NlQtQ1p0N0psN2VEUUFOWjJyN2ZRTUlXeFpBM1d5N0xZa1lYZWRvV3VQcEItMVluMEw4RlE5VHJxd3NjaGxNOUltNTl5elIwczZUVmo0ZjdmNFdJcHZJS3V1c1FCb3ppbzlKU3JFaHpPRFY0ZERkbnpocFIxQk1iclVCaG9pd1pqMjhHdEYtdndSZGJSRXRMVFBLcnV1ZXEzTlhxSUE?oc=5&hl=en-US&gl=US&ceid=US:en,Times of India
PNB,"Mon, 19 Jan 2026 08:00:00 GMT","Jefferies Maintains 'Buy' Rating on Punjab National Bank, Raises Target Price to ₹150 - scanx.trade","Jefferies Maintains 'Buy' Rating on Punjab National Bank, Raises Target Price to ₹150  scanx.trade",https://news.google.com/rss/articles/CBMi0AFBVV95cUxOR1EwX2ZsUmhRelBDdWsyQ3RNWHRvbTdURzd4ZXhZbHNiYXM3bTNLSkYxVDZ1T2tPTndRVjdYampHMjVkOW9wZnBPX1VNRVpwUDZoQ25rUTBTNjdiWUROR2c5UzZLRWNrUlBQY29sNHZSLTJ3MmNaTHlGNDZiVlpnQmVZSWZpWmFpUEF6XzEyNFRHY3FkSjVSVGhvTHhsOVBISmJnQjdWMENFemdlSGdUR1ZTYXI0bV9jbXczY05Iei1qZWtPZ2M3NF90NDNCNTdz?oc=5&hl=en-US&gl=US&ceid=US:en,scanx.trade
PNB,"Wed, 21 Jan 2026 08:00:00 GMT",Buy Punjab National Bank; target of Rs 145: Motilal Oswal - Moneycontrol,Buy Punjab National Bank; target of Rs 145: Motilal Oswal  Moneycontrol,https://news.google.com/rss/articles/CBMisgFBVV95cUxPRHZSWFdpcWdnck1TWE1CSGNORFVHNzNEOEs1bDRGUjZFNVQxQ0NZeWhOTThaQnd4aGhyWmRXS2xLOC1SQ1FuWFQwQUdhTHhNeWl0R2pwT0stX21QN1JJUG1iU2wyMDBHOS1LelZDM3JWT0xTT1hXSmcwaE4tcWFPOXpXcjBoNDBHd1EyRHpWQnd4bjNfQnd6dDVLRE8tUzZkQzFSczM2WVUyNkQ5ODF6eVFB0gG3AUFVX3lxTFBTY1dCU014dDBKLXVTdVlpNFNfenFLa2dReEt1QW8yTkEwSkVIVmQyVEFza0otVDdkM2hLYU1zX01HQ0NzVk9xUDJtcnEtejlTb01fNGhMNTZITHo0aDdVckc1OTJiRFdaX2ZFcEszS1UyTGVRSXBVQkhuUC0wTW1uRkxiT3dRT21uN1RfdGJZSS1VTUdpcEhyVTFPc2NvS3A0bWpPZkxVR29PMTc0ZHBJZ24tQy0yaw?oc=5&hl=en-US&gl=US&ceid=US:en,Moneycontrol
PNB,"Mon, 19 Jan 2026 08:00:00 GMT",Punjab National Bank Sees Sharp Surge in Derivatives Open Interest Amid Mixed Price Action - Markets Mojo,Punjab National Bank Sees Sharp Surge in Derivatives Open Interest Amid Mixed Price Action  Markets Mojo,https://news.google.com/rss/articles/CBMi4gFBVV95cUxNdURTaWVOQ3V6dFNYMFpFT2FsakI5RS1aU0ZKa0RQZ1l4ZEFVa0tDM2h0N3hQRVVrZ0hNZUltTkRYUjFTMzNETnVLNGZXZUtZUElZNk14dVJ2aEgyNkhIZVZyaWEwNkEyLWtKazMwOHZSbldDcFd6MnVRY0hnVEVQS085TFJEZjgxZUR2Q3ltRUdxc2JpNk51SURKWjM3OWpQTl9JdGR2TTIzS21JZUhqeUFjb0hXVmJNSFljQldWZkV1NEl3Z2NKMTRieEFmQnR3d29zbGJ5X05ka2RJb3FjUlVR?oc=5&hl=en-US&gl=US&ceid=US:en,Markets Mojo
PNB,"Tue, 27 Jan 2026 08:00:00 GMT",Punjab National Bank Technical Momentum Shifts Amid Mixed Indicator Signals - Markets Mojo,Punjab National Bank Technical Momentum Shifts Amid Mixed Indicator Signals  Markets Mojo,https://news.google.com/rss/articles/CBMizgFBVV95cUxOaFdXV3pQQktWSks1ZEhqTWFyd3V0aFprZTNlbDBPWExSZzVrQkJtU3pJLVFTNkZiR0M1SEdrbG1reGc1TGtRdmJPcE1WYUxkRHRZSTdRS2Y5VjZxS1M4SVFjSC1NeEFkWlRyWGtIT2MzWWR5akFKUEdTRVNvT293V3hmZEsteUJ2OGNpanp3dlAzQXFsazIwTXZqd2k5ZEpTaGZ4SXFnUmVsUVp3OHlUOFBXT09HV1duXy11SlFPQzdWT0Fab2djdFphR1hVQQ?oc=5&hl=en-US&gl=US&ceid=US:en,Markets Mojo
PNB,"Mon, 19 Jan 2026 08:00:00 GMT",Punjab National Bank Sees Exceptional Volume Surge Amid Mixed Price Action - Markets Mojo,Punjab National Bank Sees Exceptional Volume Surge Amid Mixed Price Action  Markets Mojo,https://news.google.com/rss/articles/CBMizAFBVV95cUxOSDI3YXhzQ2N1Q1JZRzdVZnBiR29SeTlUTHFDQWZaZ3JDdUNpbUN2dkM2ZlhPbnBlY1A2MWlGSW43cWRTd2dFV05iQS01SG1VZmFwTjBIaF9ja3VoRFF4N2E2MGo1US1xd0U2ZGgtb3BPVnBUM2pET1lBUXZ3VVUxX2ZxRlF4MkVmNFZtOFZ4aUxLcmJfVFc1aFR4ZFhUZHV3bU5SVGNVcDBFYVFRWnhWU3l5NEdWSlM1bFk1clNMdjE1bEVTTW5LZmxHOXM?oc=5&hl=en-US&gl=US&ceid=US:en,Markets Mojo
PNB,"Tue, 03 Feb 2026 08:00:00 GMT",Punjab National Bank Valuation Shifts to Very Attractive Amid Market Volatility - Markets Mojo,Punjab National Bank Valuation Shifts to Very Attractive Amid Market Volatility  Markets Mojo,https://news.google.com/rss/articles/CBMi0wFBVV95cUxPQ2x2YTFZQmh1Ri1YUVNXNU8tVWRHZWhyUDl4d3JCcExhbEpMRzNhcVpVSWJWbzU2cTNZSGVOaXJYVGh2NkhzNFlLMXdJa1ZESXMzclczaDYyTU9uZWdUajMyZXN2d3dTMVZheFM3R1Y4M2R1bE1wVXllWk5Dd0N2aTJVeHplMHl1V3QxVnF4Q2s0VVV6U0NMMkxod0VqUUxORWlUUEJKMEItMzRsOHNVdUlWaUlrSFdXWUVEbmtrcm5TMVRHMWhYa0lrZUFtVWFYb0FR?oc=5&hl=en-US&gl=US&ceid=US:en,Markets Mojo
PNB,"Mon, 19 Jan 2026 08:00:00 GMT",Punjab National Bank Sees Heavy Value Trading Amid Mixed Price Action - Markets Mojo,Punjab National Bank Sees Heavy Value Trading Amid Mixed Price Action  Markets Mojo,https://news.google.com/rss/articles/CBMixgFBVV95cUxNRl8wTkhBenBOSXVvb2dZVm52YndCVm0zT1VrdVBlTDhyTlVYcHN5V0cwRUM0bkZfenRXY0l5Qlc4WlhkNlVUbExISGIzVDBpTVNUcnBuTFR3a282bGRfeTZwemxvcXdFZEFwMWpfaHg4S1hrMDE2WTJndkc4SWlhbU9FcURqa1BZcHYxNlRVYVJpcEF3WjRBejVyUWk4N19mTU9hcE05V1FxUEl6dXhXMGZHV19xdTZLQlpnMUEwWWVjNzc5ZXc?oc=5&hl=en-US&gl=US&ceid=US:en,Markets Mojo
PNB,"Sat, 31 Jan 2026 08:00:00 GMT","February updates: Major changes in banking rules to affect SBI, HDFC Bank, PNB and ICICI Bank customers; check details - Business Today","February updates: Major changes in banking rules to affect SBI, HDFC Bank, PNB and ICICI Bank customers; check details  Business Today",https://news.google.com/rss/articles/CBMinAJBVV95cUxPRW1CbWFjMnNocmZGNlpIVENqRUJBV1ZtRU1xdHBkV1FWUVFiRmU1bGVQOXBVX0lhYTdCLWxfNU5kdXl1Nm0zSlV0VUVSQlN4V0VYaXRYSi1PcldIaExsTWFaU05INjlqUmViZk9jSmhsLXVQSFhrTUk4c2NHTVB5TlVnS1F6cGtFNWZMWWVfQVowQ3FHRDlGaTkwN2pXcXcyQTNsa0M0d0ZGbGVxNUxrOVlKYktGRjZFalViYXRKUkRaUW1uZG1GM1lmd0h1NDlvc3UxYURVRFBiYVVWQzlXMmt6QUxjSUdZbEM1bXlqQkY3alRpN3A2Rl9rVmhyelgwblVuRUg1dHFkV2FRSm5mbDVOalp4M2V0NTNhM9IBogJBVV95cUxOY2R1MTQxN3JVOEt1R1FtVWp1bXZUSkFOeUdnaTROeUFaQTZBd21nRzktb2JuVTF6RDg5dGxUd0lJWGEtWjRmTVpCMmx6NjhFY2lRbWp2VzlaV0ZQN3VsV2E2NHJjYjhfTFY0TDNOUjcyN3hyLXZMSTVra3EtcGZHSFRsN18teW1vaVJvbmRDaVM1aE04cXpyN21BODVZdTNwNlBjQm9uRGl2YW8xVXRXM1NLbDV3Yy15aXVtMHZ1ck5kUk9PNkF6UTlZNjlMbjZnNUs1NEV2TWFJVVpNWUdzVHFYWGtNOXo3VlNnMTA5T1A0SVNRay1wbDcyeHB6Z3RfSnRia0h0QXNfaGpGaDZoMzVldzVfUWhBUE9wVl9DUWdrdw?oc=5&hl=en-US&gl=US&ceid=US:en,Business Today
PNB,"Mon, 19 Jan 2026 08:00:00 GMT","Punjab National Bank Q3FY26 Results: Net profit rises 13%, asset quality improves; revenue and margins broadly in line with estimates - Zee Business","Punjab National Bank Q3FY26 Results: Net profit rises 13%, asset quality improves; revenue and margins broadly in line with estimates  Zee Business",https://news.google.com/rss/articles/CBMihAJBVV95cUxQMl9WenlqUzZaZHEzVDBLYWdKd3lhYVhEaGt6bWZfS1RnUG1iRzYzclVvdlNpTHlYemFmR3JoMTJJMzZ6bkFUZFdBdXlBSTRFRlc4Y0dEQ0xhc29UbWNWa3kzNGk2VHVTSVhvdkx3X21pcDJYU3lBRnk4SDZaRmlWOVdfTC03dEFoUDVTd3ppa2N1aVhtNUNxMkx6NVRmd215cm4zbzhBRXJVVXZ5RmlCWlgtcWx1WF9MdnRpM21xQ3VrV3pvRXVhMTBISS1oWlZQQ2ZjSHNlWVVmVkstX1pXczBZdUVlS2NtNHcwcmc1ZDRGaXVNMUJjb1RVV1dBWkVDMDJ5RQ?oc=5&hl=en-US&gl=US&ceid=US:en,Zee Business
PNB,"Sun, 08 Feb 2026 04:56:08 GMT",Punjab National Bank is Rated Hold by MarketsMOJO - Markets Mojo,Punjab National Bank is Rated Hold by MarketsMOJO  Markets Mojo,https://news.google.com/rss/articles/CBMisAFBVV95cUxPOWU2S1JoVVM1dVpyM1RucmZWSWNwdVRVbmdnM0RwMWY5cURYTXRxdy1ONXFhb25qUUthUHZoRGEwdTUwVUk1enNQRVJDcFFxVmlBaHdtRGRsUElyOEctMUEzUTlRWVRvamF1TGZUZFhqTmhhRmJ1QlAzRUo3YndYVTNmamdPV2kzelFteXVDVWlwa3R3d3FlaUpVVlZfS1lENXJZMEhVa0R5TndkUkpreQ?oc=5&hl=en-US&gl=US&ceid=US:en,Markets Mojo
PNB,"Wed, 28 Jan 2026 08:00:00 GMT","PNB Senior Manager Accused of ₹2.70 Crore Bank Fraud, FIR Registered - The420.in","PNB Senior Manager Accused of ₹2.70 Crore Bank Fraud, FIR Registered  The420.in",https://news.google.com/rss/articles/CBMigAFBVV95cUxQNWpncHM1VFJnNFI2TXBQWVM3N19yaHZzbkloTXFOVXRxbmNTVy11emxWQ3dTVE9LaTJvd3ZXd2xwZ2dGZXIxUmU1ZkIxVFZKZ0owV0Q3YUl1c3pNdlpoX3gtdllRQWx4ZDZCckNrVVNzSnNNS202N2tOZUtsVlFFRg?oc=5&hl=en-US&gl=US&ceid=US:en,The420.in
PNB,"Mon, 19 Jan 2026 08:00:00 GMT",Motilal Oswal Maintains Buy Rating on Punjab National Bank with ₹145 Target Price - scanx.trade,Motilal Oswal Maintains Buy Rating on Punjab National Bank with ₹145 Target Price  scanx.trade,https://news.google.com/rss/articles/CBMizwFBVV95cUxQbVl5OGZ1aGFydldPNVdIVkpCQ0xISkpRYThWWlRDc3BOT1ZfbnJNYlFOcUxIT3VJYzF4UDV3LVpJY2cwc1Voamx6VFdSMEo5cUp1SnVhWXlib0syRjZuQjExZ2VndnpGcGg5d2NfVWRIY3dXNk5LSTd5OXlobHA3eUl3VDdwVG5QQlpXdXNydlJPRHBZQ1E5eDRfTTdlMDJ2M3N6X0Fxc2tnQ2UyeHJzVmJuYnhiMkJ3aEtmSGFGczdEWUxobEdobXBNbVFfOVU?oc=5&hl=en-US&gl=US&ceid=US:en,scanx.trade
PNB,"Tue, 20 Jan 2026 08:00:00 GMT",Morgan Stanley Maintains Underweight Rating on Punjab National Bank with ₹100 Target Price - scanx.trade,Morgan Stanley Maintains Underweight Rating on Punjab National Bank with ₹100 Target Price  scanx.trade,https://news.google.com/rss/articles/CBMi2wFBVV95cUxQV0wzZHdhVjMxREZTR05lRjMtMkpkaUFtR2pKWVh6RXJDSi1Wa2JlMjZjTGVSaVNzdHozMkVVMUVvLVMwWjlNMXI2YmItOU5nSTJMTWdZQnVpaHhWWnFneTBJZjZNOEdfQllRNWVLaS16ekhPdF9MbDJfWG5GeVVaMVczUU1XTmVZVE9McVNEaWpEWDN0QW9oN1ZtQ21LSzdjMmJFSzB1SXg5MVBXYXV1YXh6YU9COUczX2dodU8xb1p3S05kMVMwVlR0Sk9SbkJNRk1ZaTFlNjhTalU?oc=5&hl=en-US&gl=US&ceid=US:en,scanx.trade
PNB,"Tue, 20 Jan 2026 08:00:00 GMT",Punjab National Bank posts 13% YoY jump in Q3 PAT; deposits rise to Rs 16.60 lakh crore - Business Standard,Punjab National Bank posts 13% YoY jump in Q3 PAT; deposits rise to Rs 16.60 lakh crore  Business Standard,https://news.google.com/rss/articles/CBMi-wFBVV95cUxNVzhvUy1HWXo2R0ZQZDlzM0dCZkZKY0l4VF91eS14Y0d2OEVuQ2xRRjA5aUhSV0dBRFNaM0VNOFQ3eXE3UlEwNnFzOHNybFZaR1RHZk1MRFdqUktyWFpkcmd2a2RWSE82QXhLcjJTdDIzT3RuNVZrSk82STRyX1JwQURsek5TcFpLZnVRM2Y3a2JWT3BVMTVDNnlidnkzSElLY0o1VGdLc2ZNRV80M1BEeWx2S3lxYmNMTkYzU3FIbFRMckZaam95ZXRnWFUxSmIyUUlmbkVubU5fejdjUVp6NlZlQXFuYXYwU0ZOUXkyczFVYWdWa2hPOEF0RdIBgAJBVV95cUxNMk1zM1JQeXdIdURzcXcya28wQTBSdkNKN3ZoX1VpUl81VXpYRVFadUI3ZzVHc2Y4SzBQakhCanRLb0dyOTh4TUx3VVJxcFJfWnhkY0JLbnJnX2VjMFE5U1hpdXZiR1hTSXNVQVJnWlJnaUg2cldTc0JER1h4a1dEWm1XblRoU3p5ZElOdGtqdHBDR1FFeE1fVnQzRTFJRUxmd3N4OUZpZWpvOFVjWU5ZQUwxZWFSclB3VHZmMTl6M2tUdUVCS0gzWVR0ME1Pa3BXUW5kcDE5cy1JdzhXN1ZWOWc3YUpTMldmcElfcGFVeWNhSXdlT3VTaFFiWVBjVUxx?oc=5&hl=en-US&gl=US&ceid=US:en,Business Standard
PNB,"Mon, 19 Jan 2026 08:00:00 GMT",CLSA Maintains Outperform Rating on Punjab National Bank with ₹145 Target Price - scanx.trade,CLSA Maintains Outperform Rating on Punjab National Bank with ₹145 Target Price  scanx.trade,https://news.google.com/rss/articles/CBMizAFBVV95cUxOMVFleXBnbjJ3Rk5PN3RHVWFDZVNqa2VJM3FHdjFHcGFNZUw2RnZfR0VOd19nMEotWXBMN3hUTzRWSk5uOVRhT3BwSlJINTk4d0ZocHFzMm1GUXBCWGpycmV1aWVaUEViaEFaSHlVbEF2ZlBkRTgxb2ZzbUVURTE1UWEyTW9RZHhCZWtsYmpnLS1lM2d0a1JYZlY3MTVfMjBLVVdPN2VhSjNjTVJYbkFGaFh6VC0zY0lZckpDUU9VVkVuZ0Fla0lKZlhHVVU?oc=5&hl=en-US&gl=US&ceid=US:en,scanx.trade
PNB,"Sun, 01 Feb 2026 08:00:00 GMT",Punjab National Bank Hits Intraday Low Amid Price Pressure on 1 Feb 2026 - Markets Mojo,Punjab National Bank Hits Intraday Low Amid Price Pressure on 1 Feb 2026  Markets Mojo,https://news.google.com/rss/articles/CBMiygFBVV95cUxOVG90aXNiRU5TQTNjSUpNMTJzYzFTdEtYYmZNbVFGMUcyN09NYmc4V1pFN0E5MTNXcDFQLWE5OTZpb0llN2xXWElrOEd1ZFNqdDZKbm5OMDR2bVlEc3RfeDNKVWRlbTFOY3ptUjIxUWVaamtLSnNLSFh1Vmd5LUY5RjdMdEk4YXZkS19qLXhoV2dMUTlWbEp4NnJrTERySGtLdDNTcVlWQlMtdDRWWlN3WlpJekJhOTU1Q1hYMHFXbXk5V3NTSVg5NEln?oc=5&hl=en-US&gl=US&ceid=US:en,Markets Mojo
PNB,"Mon, 19 Jan 2026 08:00:00 GMT",Punjab National Bank Hits Intraday Low Amid Price Pressure on 19 Jan 2026 - Markets Mojo,Punjab National Bank Hits Intraday Low Amid Price Pressure on 19 Jan 2026  Markets Mojo,https://news.google.com/rss/articles/CBMiywFBVV95cUxPRVVaV0xDcVl2ZE9kTTVvcC10Rl9XNDRQU3YwcDJudTQ0TWV2azMtM2VXQnB1Q2EtVVUzUzJwazVRbDVwVkdJOUFCd3NuVFlJb2pYbUlPdDEyakJkSmRZZ3pETC1qWXZ1SmR1NU1YUmNXbUNicGRiWXlkd3ppWE5PTGZUNktrTnF1aFIzTGR3NWRmNEMzbFdYZ1hMQkdlNjNaZl9XdzNZcTFNT1owX2ZqSjlkWkp0MWhoVUJhV25ZbEo0YnJBeUtkZlJUdw?oc=5&hl=en-US&gl=US&ceid=US:en,Markets Mojo
PNB,"Thu, 05 Feb 2026 08:00:00 GMT",Bank customer alleges Rs 48L gold theft from lockers; ex-manager booked - Times of India,Bank customer alleges Rs 48L gold theft from lockers; ex-manager booked  Times of India,https://news.google.com/rss/articles/CBMi3gFBVV95cUxQb0R4aVFrbFB3b0tIM01XVEN1N25GdHd4S0pNN0ZWVFl5bDlBQThOTng4cm1TQlF5RFhJM3AxVFp2ajlYS2lScDZYRVhBaWFzMEtncjJMdUlKbVFPU2lEREx1NWlXUkVtZi1rY0R6Zlo3S1ZwbktONjBkMGNIOEl0YVV2RjgxaUx5VGRGVGoyOEppaTJFNkJ3WXJtRGRnTGRmS251MUNTbGpyQXRaVTl5UEFKbF9uVFBEVGNSa3lnWUhtQVVPamJCZTI2M1A3dDN3QnlaSWMydF8tZ2RwM0HSAeMBQVVfeXFMTkVnVnU3TTFva1FHTm5raGFiU3doQl9LblRrSTJDTVVqdlFuNFNyT3RSQ0dSS2FDRkhTeUoyMXRPVDE4cGNfYnNLQzYwSnBRSWpObHNGVGZZajduT2tFSzRINmRPWV9BcUpyZFliQldybmlzS0ZrTTYySHJsNVpwczFWNGpJRTNFTWotVG15eU9wT05XZGJHRy1aZGtJU2JfcWlOeXhGZlVnb2tDUWhVTDZlMmp3c2tSQ2l0S09QaWxoLVhnRlRyOXpKZ1RuOGJ2My1WUjJjeVppaV9iOXhQYlI2cmc?oc=5&hl=en-US&gl=US&ceid=US:en,Times of India
PNB,"Wed, 04 Feb 2026 08:00:00 GMT",Gold Loan Scam: PNB Manager Accused Of Stealing Customers' Gold Worth Rs 6.5 Crore - News18,Gold Loan Scam: PNB Manager Accused Of Stealing Customers' Gold Worth Rs 6.5 Crore  News18,https://news.google.com/rss/articles/CBMixwFBVV95cUxOU2E3MlNyZlJHeWRZUnhRV0xoMFhLSl9Qa0QtbUpCSWhkY3VXXzFSeDd1Z25MakRkRk5WbmlkVTYtVXJvSWJQSVdqajNuSUQ4OVZvYUdreWU3OFJCMzdpdlVfN0FidzRKV2VOTndtMmlpb2MyN1pzVDlaY0FTT1cwQ091RzlFUmxyZnRRRXVDb3NGcUxPdEUzdzluTXE5cEN3U3lac2VWZzlKN1R5OEYzRDZmT0ZUY3AyUTVodmt2YTE1OVlXRXBF0gHMAUFVX3lxTE9VcUhlai13WTY5NUFRMXh3eWNmNEVOQ2staFpIZC1qVng3bGI5LWhsZVoxVkk2QWJoUjJLWWhobWRFS0F2WHNSQWszSGlqekgxd1ZFUDMtZVpGMkowaHBkNTlhN1laQzRhUVdCa0VySWczY05iLVBFR3VoN0RfYWJ2VWF0aXhWeDg2VU9JVkxhUG5GMjFCUDVqNjYwQmZQVnB4MTdSenlqdjhoQmpYb29vM2pGSmhoaVl5c2lRYmJjWGJMc1MyeTd2SjVwMg?oc=5&hl=en-US&gl=US&ceid=US:en,News18
PNB,"Mon, 19 Jan 2026 08:00:00 GMT","PNB Q3 FY26 Results: Net Profit up 13% to ₹5,100 Cr - PSU Connect","PNB Q3 FY26 Results: Net Profit up 13% to ₹5,100 Cr  PSU Connect",https://news.google.com/rss/articles/CBMitwFBVV95cUxQRWhMTS1QZC1vZEMtcHVlN2dHZTR0SDRqejRjT1RvTGl4M0gzU3ZIOVNBdDZVOHFPUVFhYl9hWFdvalphQm80MDdjWnpSeW9kN2FuYUlGM19pdU52eFMyOUx4NTRXaVZvc0RDNmY3a3FJdnV5R3VkcHZzMFI1ZkpIcXlpazFLR01nb3duZkFLWllsU2NMcTEtY00wTy1FTEZhYlpfV2lHbHIzNUY2NEhmdXZjUW93UXM?oc=5&hl=en-US&gl=US&ceid=US:en,PSU Connect
PNB,"Fri, 16 Jan 2026 08:00:00 GMT",Will PNB stage strong Q3 FY26 show? What analysts expect in upcoming results - Zee Business,Will PNB stage strong Q3 FY26 show? What analysts expect in upcoming results  Zee Business,https://news.google.com/rss/articles/CBMi7AFBVV95cUxNa2FFMmNsRlJpeFFKNl9pb2F5QTlobU5DZG1tN0w0cXBZUkpDRFRQRzNONnNOcFNXTFU2WEViZXJMUllWV1pwVEhIZF8xVHhGUGdXckhrNWU5TlQ2YWFkVjRzVWZ4bTdicG5TM3FWVFhyNnVvTHNTTlR4Wkw5dnQ3SWZDY3R1Vl9JNVdxNG5TZndhRlBRMklDSXY5V3FRNm1Mb3ExNlNqZGxlNVNkNnhHSzdmTHpKQV9fYm1wWWJjUFBqNnZ4THV2Um02aC1oeHk1RUFtdktPbzNnZW9KaVNaem1lYlBQTW5HblI5MA?oc=5&hl=en-US&gl=US&ceid=US:en,Zee Business
PNB,"Mon, 19 Jan 2026 08:00:00 GMT","Citi Maintains 'Sell' Rating on Punjab National Bank, Raises Target Price to ₹115 - scanx.trade","Citi Maintains 'Sell' Rating on Punjab National Bank, Raises Target Price to ₹115  scanx.trade",https://news.google.com/rss/articles/CBMiywFBVV95cUxPcm9Fa2wyR1Z3Ny1QaHJPZzNZalJXLU9IdUpnTnFQVGphUG1XUzNQWFpPemJMaWlENW4yRjF4WUY4RC1QUHBGZHVvX3pteGd3aEJMZTFQZ0x6VEtCRjctWklmbnZ4MElPbHM0aEdiU05Jdzgwbm1GSWVxejA2eHl6Y21qQ3VDZzlycmpOUVpPaGY5OFgxYlJRNXgxNEs3c0tadlk3anM5VGoweFR6MjFmWnhEZlpOS0E4czZILU13dGFLa2xjU0JoRDVPMA?oc=5&hl=en-US&gl=US&ceid=US:en,scanx.trade
PNB,"Mon, 19 Jan 2026 08:00:00 GMT",Punjab National Bank Q3 FY26: Strong Profit Growth Amid Margin Pressures - Markets Mojo,Punjab National Bank Q3 FY26: Strong Profit Growth Amid Margin Pressures  Markets Mojo,https://news.google.com/rss/articles/CBMixwFBVV95cUxONE9xWTFyYzRNMHVOaFVTMGR5V2RvR2gzLTB0cXc1X0Nma2xVTjZfNlUzcGpqbmRfNS1yRzN4RGZ2NXhtM3R1V1lxX2xZSk5ZbDJzbnR0cV9zeDF0RjFzYkRXc1pTX21aSHVaYW1BSkVHcnh6WWczX0tfWkVHcm5Eemp6ZmdJUEEtWEZpNjE0cWxOa0pUbHpiZ3hzNENibVRTZFNrQmh2ejNCblBKaHFjb1l6VzJXY3ZuZnhwNVlYVWc1WmN3X1RB?oc=5&hl=en-US&gl=US&ceid=US:en,Markets Mojo
PNB,"Mon, 19 Jan 2026 11:24:48 GMT","Punjab National Bank Q3FY26 results: Net profit rises 13%, asset quality improves; revenue and margins broadly in line with estimates - MSN","Punjab National Bank Q3FY26 results: Net profit rises 13%, asset quality improves; revenue and margins broadly in line with estimates  MSN",https://news.google.com/rss/articles/CBMiigJBVV95cUxQMTN0VDJfQTJnVlR2RDFxVHo2dDRUdXBVTzZEWmg1VlZoUGJ5RWNvZDFoT28zM1hCUDJ3UEhPdkU2ZTdyMld2RmtWXzk5ZDNkdzBrbHFwckR5UmRPRWRSVUxlYWlSTWpyTUctWUNTb3hEQ3FhTnpOLW5sbjhrT0tteUFOR1RRdVBTemdJS3hBZVVpeXQ3ckdDNm1aRm1wNXNpZmhTblF4TXU4NFpxb1hIYldBUEM1LURRRXZWXzVoTFFydEpFcFQ0TWR5eHJaMFhtZ2UxR1pZSmdldVdXQm1VeHVCN2NoVW5lV21TbDYtdThYNUk3NDlneGs1S2R4Wm5SR3RqVjFOWU41UQ?oc=5&hl=en-US&gl=US&ceid=US:en,MSN
PNB,"Tue, 03 Feb 2026 08:00:00 GMT",PNB launches LUXURA Metal Credit Card on Visa Infinite platform - CNBC TV18,PNB launches LUXURA Metal Credit Card on Visa Infinite platform  CNBC TV18,https://news.google.com/rss/articles/CBMiwAFBVV95cUxPMndYaXdreEtHZXhMNHQ2dFpFNDRSMlB1WUlzcDlYY0JuRGhpcTFscEI5Mk5RUmkzRWVVZGhrYXRQaEU2RncyZUdtXzFrZjZQNkFkams1MHhJV2thMzVHU0RYUDE5TUxLQkJhQ3lhcTVvYy1fNWZhc183eWx6akFjYXh3RHZxUGt5TGw3Rm1rSGhRT2RKTTQzSUMyWGF2NWplQWNWNXFtYkJxM3RRSEJUSFFPeWt2RVpPbEl1b3BjcFfSAcYBQVVfeXFMTmxWcDZGd3h2d3dKTk5VTU1XaW51bk9WOWIwYnBPUmdTTjFKU0pLelZuUml5aG1TdU9ZLWZKcFJZRFJEOHNPVHk4MGF0ZE4tVDVKZEszQkJFSHhlTlV5Ui1JQjZ1QzdaME9XWEZuM24xZ0dTcGduQko4Q0RBWk55LVpZUHVpU041OUNYNWNmbmdmSmZUQTRveGZ2dlBhdE9sLWQ0cTNBYTlnQ0xsVFpCWGRyaERrRkFSN2ItVmpKLXZxd0xsN0hB?oc=5&hl=en-US&gl=US&ceid=US:en,CNBC TV18
PNB,"Tue, 10 Feb 2026 11:14:26 GMT","PNB opens 5,138 apprentice slots for 2025–26; apply online by Feb 24, 2026 - India Today","PNB opens 5,138 apprentice slots for 2025–26; apply online by Feb 24, 2026  India Today",https://news.google.com/rss/articles/CBMiwAFBVV95cUxNN1ZEZkVOQVZmNS0tNGVNT0QzcnlRX1M1d3BWSVlxYkN2Mlg2MTNlSzAwck8taWhISEdPQjFYbFpjQTlYQXV5VGFtTHdlSmRKM003NnJad0p6VEYwZFk3c1NadS1wS3pJam5xbmRVYlBKbmc1b0Yydlpnbm9RQm1NZ1IyMUdNVDBJSHAtMjlaWC1GY0VRRlFBUXRidUxaYnFzQUJpLUtYc1FWcVAzczRzZnBZTmxoUXJDeUw1ZlR6RjU?oc=5&hl=en-US&gl=US&ceid=US:en,India Today
PNB,"Tue, 10 Feb 2026 10:07:09 GMT",From SBI to PNB: How much PSU banks made from minimum balance & SMS charges - The Economic Times,From SBI to PNB: How much PSU banks made from minimum balance & SMS charges  The Economic Times,https://news.google.com/rss/articles/CBMi1AFBVV95cUxNb1lYZF96OWpDbG1fWFh3dDdXZ18zTVdCWThIc1RjdjZWN2JMOEZSZGc0MjdJTDlVTmNZX3BUN2hKdElsN2J0U1ZFSXM1cldKamVEb21tc044cjF6Y01HM0E3cjkzbnhTa1lmRmNiM1hVNlFUZDJKeHZVUDVMWFJkOV9ISU84a1RtcTNFVXFGTElMOWxXY0NIcmYxWl9FdjNoNHpPRERLVHJQaG15TjRWdXBBZkJUcENYQUxEM042d0UwUUt1b1U2RWh2WXMzWTVPSXJGSNIB2gFBVV95cUxNRmoyT1BjRE1nMHh6U1V0R3ZjbzZDTkV2M1lyRGhzR2xzbklsOTI4WENscHhvV3ZqSVB6ZXlDbFZDX09qVlNiUjd0YmhKVENuelU4d3BQU3ZhTXVUU1FLTTNXNGg1STdELVJYS2hTMHQ5UUtoR0FtOXkyNGVGT2toMzZVWkZZbFl4ZGQ2NEdoMkFpclI1eG9Gb1lFbUVZRFIxMWQweGotUUJrckhyWkJwQjVaeGowbDlIai1OVGNuQjE0b1RwMm1aZGRkMTdDVkZFU1hGRktnU3Z4QQ?oc=5&hl=en-US&gl=US&ceid=US:en,The Economic Times
PNB,"Sun, 01 Feb 2026 08:00:00 GMT","Punjab National Bank Maintains MCLR Rates Unchanged Effective February 1, 2026 - scanx.trade","Punjab National Bank Maintains MCLR Rates Unchanged Effective February 1, 2026  scanx.trade",https://news.google.com/rss/articles/CBMiywFBVV95cUxPaUV4MEVwdzZ0NXUtSm15OFZsV0F5YkNTOTBLdzZlQTd2X3JqSWFZYXp5cE1MdnptNDNvN1VpVHJZMnlCZkxUVFRPU2tBUVRBdERYblR3ak1uZ2tiQ2hSNDlJemY5WkRqOGFYb2JvN1pMd1FHcW96enNUc2loaE1IZl9CeGx1SnJteTRQUnZJYjhyUUtoZURFdC0wSFExMU81eGp2a0xZb2pfeE5KNnJWWWJuTFBzclZOakJUTzNmNHB0R0xKZENhczhCWQ?oc=5&hl=en-US&gl=US&ceid=US:en,scanx.trade
PNB,"Tue, 27 Jan 2026 08:00:00 GMT",Bank strike today: Are public sector banks open for customers or is it a bank holiday? - Times of India,Bank strike today: Are public sector banks open for customers or is it a bank holiday?  Times of India,https://news.google.com/rss/articles/CBMi3wFBVV95cUxOSUhnVTB5RW9HWlBLZmFzSEQ4eHJENXJhaldZVFhNOU0ycXY1YlRNYnVvYktiX3dCRVlqVjJwZEhxRFRKc05QRUVPX0hjM2psTWM3c1FlRzZ1RHdJUjhIN3NXR3VqTHE1d3k2elVxdjgyV2dXY0NDNGNncnZQdUNvQ0wwcmpOREdyOTR5MGplQ3otY2U5VDN2OVRtOGkwY010Tk9hRTdJYklYYVUzY1JZSS1IanJDcUZFOUNoMy01Q1lMYWJTd1NFRGhEb1VlbFp4aTdxdDEyaDZuYWhYWnIw0gHkAUFVX3lxTFA0SzVRc3paNHpnS2FfV2REUXpwUU95UzhKbnhVOGpLWVYyZC1PaGM0Rk1nMHJaOVBGTU5wQVdFTUpNdjNwZnhMWlhSU2NDd1g4OFluMmozcm9VU3pIcWRWZHVFcE42M3dtMzZJY2dUdVhWcVJsZGJBYWlGbTlLSHZweXp2djVOMHdwbXJTa0E3WGtQMkY3bklSN3ZkbVEyZzItNWg1SklpRjl6YlEzaVdoNGl1OHh1YTdrRDdtRHZFN3pXeTU3NXVISGxkclU1UjN4M0Y5ZllkeWtjcnUxZmtjSWdpNQ?oc=5&hl=en-US&gl=US&ceid=US:en,Times of India
PNB,"Mon, 19 Jan 2026 08:00:00 GMT",PNB share price slips over 5% from 52-week high post Q3 results; here's why - Business Standard,PNB share price slips over 5% from 52-week high post Q3 results; here's why  Business Standard,https://news.google.com/rss/articles/CBMi1wFBVV95cUxOa2hxLUVfc1FGcHA4UmlPUTNuUnpOc2h4emhPQ05xeFhBS2VRaXBmc1hsdEpKX2thOGZCMFM1OUhneHZNNmpJT2t2VThUQXRzY3FyakZQVXdiazhGb2VLYXdGb0RqcEVGZ09yQUxaR1FwUGtibXZoRkNwMFg0Q01OSndIbkJ0d0tBcUlOd3pFTkZwZmhkTVdkVkhHb2xfQWhxVXBqRlFnODdSSlJxU0wzRWM3aVNfYW4ySWhOTVdjVUVUdWxmMGhiMF91blJKeDdLRENIV3prc9IB3AFBVV95cUxObGdZcmRkcUdkcEVlS3pRV2dWWjFYb080SjZLRUFERjlpUGNUSE5nYXpSb0s2cDl2MVRJTlh2My1jT1dSRVFSYUJyMU5LMTVEbk13aTJFLVljTXZMZ0Utc1hHNWt3QnpKUmRndGF4ZFBDa2VpdkdXR2tTaUhLRzZ3NUR0dXBaWHMxbHRqSmdBdG95NmVFdUQ3Q0JrUUVremJsS3VxMThTajNLdkUyamoxZnAtUXBid1dYVF96TzVaWEJjcXl6R0tibGoyQjRTMllGcWtpZEE0RDlQcnNs?oc=5&hl=en-US&gl=US&ceid=US:en,Business Standard
PNB,"Mon, 19 Jan 2026 08:00:00 GMT","PNB Q3 results: Profit jumps 12% YoY to ₹5,190 crore - Mint","PNB Q3 results: Profit jumps 12% YoY to ₹5,190 crore  Mint",https://news.google.com/rss/articles/CBMizwFBVV95cUxNalNWc2U0WkgtTE9FUEdVZUoxWGgzMnRmbDJfM3pac3k1UFBqTWlNWHJnNG1VR2w0dm43dU85N0JpS0I2WTBZT2d1ckRzVWk0Q0k4UFFiT3VRUjRuSm1yeGl1dWpDaGJlYV9XNXktd3NySm4xR0dIb3JUd1BZOFRuYVl0ajYzSExpU3RUYXM4aTZlNU5tbUZKZk1TY0VXcmNkbDBRdnlmeHZCMFRka2NTemxSbzZwZkt1bUNIOHJNMklObEtKQjFfVndtMmtUbG_SAdQBQVVfeXFMTWFXcWkxRGx5X0lDWWI4UGwwU0Y5YXJxNzVpakJvbzR5bWwxaWV0a1lRLVktLVhHcUozeGczM0pFV0VuYmRNV3VNUzZZeTdVQ2V0WXJ3UXFieG44SnBOWHVNbXdtNkxOWmRfbG9ZRV9hcFBuU2RqeEVMZjRVUWVSeW1HZDdUelYxRXJDMk9heXRzMGgteHpjQm5sZjRxaENSN25BSE85MExvNVNkZjl6dW1RdnNVS1FmdzJzQ1FPaFYwUTl2Y0VyQVJJb2I2SlRoSU9jaW0?oc=5&hl=en-US&gl=US&ceid=US:en,Mint
PNB,"Tue, 20 Jan 2026 08:00:00 GMT","PNB eyes organic growth in southern states, rules out acquisition plans - The Economic Times","PNB eyes organic growth in southern states, rules out acquisition plans  The Economic Times",https://news.google.com/rss/articles/CBMi7gFBVV95cUxObUdyN3RNUUd1b2FuNDJrdUl6ZUxkNEI5cFNTcjVHZjVkTDdiMVJDU0pISTFjWmxrQnEybDdKT3V3SWZKdzBaUUhZZTJMVlprZWprRlNJOFVJSHNnZmdvelZ3dzRQQnpWSjM4V3JDNGJsTVhSSXdfalBSNFVHMDhMZVlJdkEyeThRUVBwYkNpQkJOM3FBLVU1emlfNTlWQmE2MC12OWNMQ2lxcURNb3ZIcmtaR04tYW9Qb0NUVF9zTDNSa1hQVXVpZ0R6WkpGNTlubEd1NXo3cnNZVFRJdE1oX0Z0U2M0R1FCODlVT2Vn0gHzAUFVX3lxTFBmOGNzUTlyMkg0eVZaWDRSTkhEX2F4ZTdiU2VmUUVETUV6dnF3UWlzZXZ3Y0Z1N3M5SW00VVpDVGROY05tNzdVVmNxZXRfcXFTa0lzX2hjMXdJWERjQnVTLWdXS0RLdkwxZWpvYXlvVEJUY2hfMk1lQmZxQmFYa0VCa2hpM09MblRhUDFYN0tsZ3p0d25PaDFieFRpY1pTMWs0NEg3VHo0aG5BTmVQeUpBNExlc2hJOERMTU5WOWR5aDNjdDFSV25ocnlxOXhtczhXTVA5T2JXRFhPLUxpT3NiUTF5eHp0N1c5NWJ2NG9iMUU3Zw?oc=5&hl=en-US&gl=US&ceid=US:en,The Economic Times
PNB,"Tue, 20 Jan 2026 08:00:00 GMT",Punjab National Bank Not Looking to Increase Exposure to Vi - TelecomTalk,Punjab National Bank Not Looking to Increase Exposure to Vi  TelecomTalk,https://news.google.com/rss/articles/CBMihAFBVV95cUxOWVFLUFZURjFST2ZSSHozX0hCeS1KMUxZQ1dnakgxSjZFVnFNeVgtdGx3SFVUNE1zNFFNUTRQNGhiWWE3VzZ3SVppSzZuSnBXTldQZkRDZ0U4YTdSb1FCajdKaVRoeEZVMndrbU11VzFXc2tTZ21ZRnVaZ2xqTnpqT3ZLN0U?oc=5&hl=en-US&gl=US&ceid=US:en,TelecomTalk
PNB,"Tue, 20 Jan 2026 08:00:00 GMT","PNB shares slide 5% in 2 days after Q3 results. Should you buy, sell or hold? - The Economic Times","PNB shares slide 5% in 2 days after Q3 results. Should you buy, sell or hold?  The Economic Times",https://news.google.com/rss/articles/CBMi4AFBVV95cUxOdG50ck9ScXBPVVZpZmJhUTVaOXpEc3loakF0QmhHVVlkem1leXFTSGhlSWV0Mjd5NzZKUlF0dDlLLVZwWGNUZ2RubzhlTlZxTng0OHFnN05ySVdNeElpZk1LWndKRmE1Rm5pTjZVRkZDOUxLMDR4NEZsNDdBUkRTM3d4dXR6dFhpaWJ4WWVwaG02dlpJLU02S1ZTWkJ2QXJJYUdla3NqSkhvWG51d3pfWXBWQjkwTDVUS2hXa2xJR2pYeEJXc2pPRklYb2t4WjYwTWdZbk9xTmVzNUh2NnBERdIB5gFBVV95cUxNdUhobnZfRlJ4MGxCdEdKcW8xc1Q4ek00Qm44QmN5RFM1RkUzak81WHNZcmREenAtbHVSYXR2RTlheFl2d3I3RnZFWVk4S2V6SkkwRTNPLXhHTUJIem1ZTTFuWkw4QnBKYUFLa2xOLVFDQlBmcjB4YU1oT25mRVFFdUIzVGt3YS1zem9wYlFKSlFEM1ZOSHpBdkJiZW0xQWVhZi04YWRaeGN2QTE3bFctdi1pYldxZFQtRjBVcmdDX1lJSFZIMERCZXI1ZGhFNEN4anpMVHpDcnF0VmRaR0cyd2U4ZktOUQ?oc=5&hl=en-US&gl=US&ceid=US:en,The Economic Times
PNB,"Tue, 20 Jan 2026 08:00:00 GMT","PSB Stock to BUY: PNB margins disappoint, but brokerages bet big — up to 18% upside seen - Zee Business","PSB Stock to BUY: PNB margins disappoint, but brokerages bet big — up to 18% upside seen  Zee Business",https://news.google.com/rss/articles/CBMizgFBVV95cUxOSTF4YXBUSzJuNTlUdU5rQzNUSEN6QzRMcDRYT1hiXzJkQWFpbUdNSWgzcWdoUGNSMklrZVJ6UHVIak1hTWxtNlZ2emZrenpkRUxPM21pZHFjUktrZ05PUWNObWFiNWZMWTlSLXpjZWhycEV6TG9LWDVSTUhyWmI4Y19VSVZySUhmMmdUblFackpkUlNxeUZ5aVlqUTNRREo2Zkl3U3RSODhWZXljWWl4S0dHZk1McDBrcGk0TlRRakh6OUlod3R3WmtxX2dldw?oc=5&hl=en-US&gl=US&ceid=US:en,Zee Business
PNB,"Tue, 20 Jan 2026 08:00:00 GMT","PNB share price targets: Should you buy, hold or sell this PSU banking stock? - Business Today","PNB share price targets: Should you buy, hold or sell this PSU banking stock?  Business Today",https://news.google.com/rss/articles/CBMi2gFBVV95cUxOWWVxZHJBblFiOUQ2bl9MZkpIUmxTQ01Vdi0xc3dCNS1XTkt2bk5kNlFmVF85YlJyTEpja2tITWNLMlF5NlB0RDlfMGtHWGhLVGdtTFZ3YldDc1R1T2pDRTNIM0pHcHpDb2tlRGxkNGpMd3ptV2lsRWdMQUNEN1JPbm1UMXM2WHVRWTlyUjlGU2ZVaTZRZG1GLVNxeWJ1cXhpMHZDMnI2SUpKNW1mN2NCaUZGY1Q4Qjlzc1hhQ3RPclJIYk1lTWNicVVYQWlYdy1kdGJVaEZKSjNMQdIB3wFBVV95cUxNaURJZnRKMVBEUTZzbDg0WXJGdFdoY3l0NkZRamRJeGpQQXloM0RBYlA5UGo3cTRrRTZTZVM1U3VycEhKLVVqTEpBZERQTjVjX2htbEZ2VjcwQVN6YmdDNXB5aWJXeEVkR0JSZHlCdEFTT2hFWlNkbE5UcVNMd2RMNzVhdFZ0c2wwRi1xY05VNUpjcGdwb0FkRjlBcmVPbXhDMmJEMGRnQUJ0X05IbGhFTzhVWks4c1NTRGhMNVQ5ZGM0b2JhMXc2SkNBOW1pV2xYcUZ5RGRXbU9QVDJoRk4w?oc=5&hl=en-US&gl=US&ceid=US:en,Business Today
PNB,"Mon, 19 Jan 2026 08:00:00 GMT","PNB Q3 results: Net profit jumps 13% to ₹5,100 crore - BusinessLine","PNB Q3 results: Net profit jumps 13% to ₹5,100 crore  BusinessLine",https://news.google.com/rss/articles/CBMiwAFBVV95cUxQZVFaM2Z2c0dDaS1Jb2pSVnJkR2VObDJSTVNxQTA3Mm9XWWlCd2J6VGJ3cDAwekVLN3NJa1dCZEd3T2FXQlpQSV9OeHAwcXJGRnFVcFRVRWlHOURIS1pYekxtTmJsYVE1Snh1RWZ1amtVOFU5azFoMEJZSXJTZmVJLUxJZUlWbl9DajlBRW1idDdja2NtaVZxZGlzUzUtN0NvTXczRU02eTJwX3FNV3l0bFdhOU15WnlmNW5WVGZGdmXSAccBQVVfeXFMTklFVTlGRXE2cnRJcDBGOXhtamk0dGxmbzItUGZwMU1lTk1WaF9fYy1Kc09lUjZ3S2Qwa1hkWjZHWlBCaklHN2w1ei02aGdEZFFrRzZrSkdKM1Q5WXUwd3RsaFV6MDVlU2cwM1IwTUVINGFZWVNmQmNlVUdpcmRPRDdNOWJaTktzUFdKcjhJWWtyQmliOHk4TXZJc2JEcXcxb1VYOWJtN1p2QnpVYjA5SDQ3U2h6TDdUU19uVDgyWGRqSDhvNm5PWQ?oc=5&hl=en-US&gl=US&ceid=US:en,BusinessLine
PNB,"Wed, 11 Feb 2026 06:20:00 GMT",PNB Signs MoU with Tamil Nadu Govt to Manage Salary Accounts of State Employees - PSU Connect,PNB Signs MoU with Tamil Nadu Govt to Manage Salary Accounts of State Employees  PSU Connect,https://news.google.com/rss/articles/CBMitgFBVV95cUxQS29sSHUzWVVPOGN6SDZuUEJWVGl3aVdpQzZfTDdaT01uejZXQ2ZsSnphd2lpNVpPUjJtVlFPTTE0aGdHaEVKSG5jdzJ3SVFCa1ZXbjlrd1EwYXdvSXVmRG5tU2JWbFpyY20xVGx4Q0lPVnVqQXFOdFBJbW93VTVtNUhDMUNWV2o2SGpwZXZvcUFCeHdTX0hYUzA1UXVLWC05bndTbWlYb1hidkR1bzhRUEN6a3hEUQ?oc=5&hl=en-US&gl=US&ceid=US:en,PSU Connect
PNB,"Fri, 30 Jan 2026 08:00:00 GMT",Jeweller uses fake identity to launder money; ED restores Rs 16 crore assets to Punjab National Bank - The New Indian Express,Jeweller uses fake identity to launder money; ED restores Rs 16 crore assets to Punjab National Bank  The New Indian Express,https://news.google.com/rss/articles/CBMi5gFBVV95cUxPb0ZrQkpYY2tHQ0JOYkNEdHlsdGhsaXRKelpRY0sxd3RUUkdvSl9nSHN2WnF4THExbG5VbXRhY2VKYTlmTklSdzVXWGVxd2RXRjR1SHUzYnYyTmdMUm9QZFVsNG5rQjZMTUFGeGE2SGNNelByZEJXM2lQcW1wZnlYN1dpc1V4TjdfbVpvbl8zVTJ2bzhrSnQxUE9yU1JlT2c3enVSLWNEbmV5dHh4dHdTSmprcDAtYjdWNUdKUmNxQTJJTldNMU5GU2xLWGZSalpYSnBLeVc1M21RdHpaQUFTdkpvek1KQdIB8wFBVV95cUxNbTlCQzNuejFnd1U3TTk2T2FsUzA3eUR5a1lUS21jRldxVVB2WDRWSHgyU29nQkdnSDA2RlRVbW11bmQ1VUloY0txY2JoUU0zd3JqQWdJaENQRWZfU0VsYUR0YkxkaEIwZEhCMkxvR2RTNUs3WkJ5UG1WaUxwMWxybE5Fck5ZWjhBdHUxNmxSVms5dHBMNEptQTlDeHBSSWFqSlFnUTRmaGhLbU1CQXNVRFBkTHFydGxkN1dLV2xERE9JLXh4NXRoX0dTOXZLYnY5UlpFZ1pRZ0JCTnFkTDFQb181MXROcllxbG1Lc2FKRHVkM2M?oc=5&hl=en-US&gl=US&ceid=US:en,The New Indian Express
PNB,"Tue, 20 Jan 2026 08:00:00 GMT",PNB shares drop 1.9% despite Q3 earnings beat; brokerages worried over margin pressure - BusinessLine,PNB shares drop 1.9% despite Q3 earnings beat; brokerages worried over margin pressure  BusinessLine,https://news.google.com/rss/articles/CBMi6wFBVV95cUxPUk10MERBbjByb2MyS3B0VDNhVjhHR1VUT1duVVE3bEhYMWVfZlNMWG4xV1Iwd3YwLXhNZlV1TENGSzRObThVUjNORFNwSnRLdFJQR1JlUGFrZWdZMDRmbEltVWxuMXExZ0VqSm5BdkFjeHlRSzA4ejE3TmstZ3VkUzRNVjhqMlRoR2VqUC1OeW43VkVqdG1ZZG5PYk9QYXB2U05QdE5zMkFKQ3lRUDl0eXZrVW9nUmV0aHlLclRsUDdyMEh4R2hsTkp3XzNqX05CbjRNc21wRk5qX0stRWhMb2dTQk5QcnVsRHpF0gHyAUFVX3lxTE8tcXVwZEgxLTgyN1BrYWxzb3QyMWpqVl9sV0hBa1VFOGVDSXJoTGhTMjhQMEtZSnZqb3FEdDhNNHhsRFB2SXI4N2ZoWGVwb1RlMnFnMUc4VFd0ZWhpWlNlQmtpZGdTQ0czSXV4aVNGYVhYTU9GSWhJcURUT2lSLXduTFJjYXpkMHp6U01CQTVLQ3laQ3l2NFN0VVFZOWltWTZ6OTlFRTFTUnRKbkI4alRoOEFpQkVNLVl3MzIzODl3REVWUHNQd3dzaHhvRmxDVzI3U1kzV21pcFBNVnI3THM0TXVCSTZRaVYtb05fUHJaNGpR?oc=5&hl=en-US&gl=US&ceid=US:en,BusinessLine
PNB,"Tue, 27 Jan 2026 08:00:00 GMT","Punjab National Bank Q3 FY26 Net Profit Surges to ₹5,100 Crore - InvestyWise","Punjab National Bank Q3 FY26 Net Profit Surges to ₹5,100 Crore  InvestyWise",https://news.google.com/rss/articles/CBMigAFBVV95cUxNMldfQk8tcHhGTGtzWHJyaUdNV1ozbkJCWHdSSW0tOUZGVmdGNTZ3TUtwLWFWY09mZlY4N0ZGeVBhS1VfNlhsY1J2MmJlOTZYZXF6SVlRQ2VUWWZoeklneFF5cjRGbWYtR0E1RUFndjhlek9xWURBcHF0VkJpS2dLMg?oc=5&hl=en-US&gl=US&ceid=US:en,InvestyWise
PNB,"Wed, 04 Feb 2026 20:20:50 GMT","Rajasthan PNB gold deposit scam exposed: Crores worth of gold found fake, bank manager bought land and dair... - Bhaskar English","Rajasthan PNB gold deposit scam exposed: Crores worth of gold found fake, bank manager bought land and dair...  Bhaskar English",https://news.google.com/rss/articles/CBMiywFBVV95cUxOdHA0LUxURERlNXBJeDdpZW14cWVoUE14cXdLY2UxWENWdVJiRElaUVREUEFVTTI3OU9mUUJaajFJWldNZDlYUjVJUGotU2xUdm9XUDZXWTRLeFY4MFpYYTg1Q3VuVWJ6WG1UNlg3NGg0WkJFNkt3TEZ0ZHNpanJpcTd0UzNHNzNvYmFFbWl1RXRzTlNBVHV5MjVtRG15UGFkNmJyZERuRUpLellvQlprMk5PcU9iTE1NR3IxcWZzQ1FSWW1Mc1hkLW9ya9IB0AFBVV95cUxQUnBXRDA4Q3c3U1VMTWtIc1dkWHUxaklPbGNSV3IzaEFhRllyN2FaaVkwcVIwYmlOU0FKcXI5RmduUUI2dmJJYkpYQmZMdDBUNGdMR0lVSlZLckU0bVk3SWEtLVozVjJoelpqR3ctWWp2M2dpcmpYdm9raWptdjVFSWxIWFY2MVRZcVdxc3hUYWRaSU9xdG9hTzhGZlhIQXBWelRRVXFVMUtRZUduM1I2aHkwZzdjbU8wMER2dUlPT2F0N2ppY2p0X3ByZ0xpOV85?oc=5&hl=en-US&gl=US&ceid=US:en,Bhaskar English
PNB,"Tue, 03 Feb 2026 08:00:00 GMT","Shekhawati News: Major gold scam at PNB branch, bank manager siphons off Rs 6.50 crore worth of gold - Patrika News","Shekhawati News: Major gold scam at PNB branch, bank manager siphons off Rs 6.50 crore worth of gold  Patrika News",https://news.google.com/rss/articles/CBMi4wFBVV95cUxNb3djU0NvVnQ0OGZMV2RJTGV1VUxKcGFFMGNXNUNwRjAtWmNvNW5uWTBHeDBJdjRra2VlRGxZd21JV1Fud2ZQaUxyZGh5bUtieU1XX09JYjJta2xxVTg3dW51Y1c2T1k5UmtkbHYyZXpFSUFMaFByU2R3Y2pLMUFiNkU1MkphelI5OGQxZVNyZExNWTcyNmJWU1AwYXh2S1ZEamhDdmR5alZTWnNqa2JPYm1OMjRJbDVwdGxoZlNfMWdIaWViRU5EclVQRHdEZUJPTWY0ZzhWV2JXaDhoN0Y5NjU1Z9IB6AFBVV95cUxQajhWTFpUMU1OYnZWcEd1SnFyREJJODA5OW5rRkM4Z3Awek5xRVl1RUNsREY3b0xDYWN6cjZ1dmdJc3YzVDd5T2M2bU1ETXVBM2lsbS1wRTNRYTcxODJyUms4el9wUWJMQnRYRGpuWEg1S1VpOVhIME8tMFg2SS1uMTVOMnNucGFPeVpmRjJ6M29DQllaSFhzeDVubklOQmZINXZfUjFTYVlqeHhmdFdCcFdyYVRfQUJfTi04ak8zU2VPZUQyU0NMT0k3NFRJejgyN3JZTWhOVkpLVkpXRnBzc1VtZ2JhQlJk?oc=5&hl=en-US&gl=US&ceid=US:en,Patrika News
PNB,"Mon, 19 Jan 2026 08:00:00 GMT",Lower taxes help PNB report 13% rise in net profit despite Rs 1.3K cr bad loan provisions - Times of India,Lower taxes help PNB report 13% rise in net profit despite Rs 1.3K cr bad loan provisions  Times of India,https://news.google.com/rss/articles/CBMihAJBVV95cUxPQWhQODB5UEIyNG12ekw2N05Cb19hQy1qNmJPOTNlUnBUcEhaYlhIU3l0VWJSVlNaNGNFeVJzeUpacW5KbHNrcDhxODBoVDRzTkJqc3F1MFoxUWdtREZoRWlmeGJENDBsbnF1NXpENjl2SWxtcUJDd012RjlCZDFVVl9YQVFPelRQQnBhZWxHT25Xdm9XekhlM1ZLeGVQVUNfUUtmMTlaenMxQ2Q2UVljMjQ0YnhPelI1eXM0VEVXcjNrYWhONUMySWZmcUQ5NHA0MVNreWR1RVc2d1lIbXM0cXVZUFdCWUt6Tl9IZ2hKSlVNUExuMGNGSERSenV4MkpFaHpvQ9IBigJBVV95cUxNWkMwOXNFeU13S1ZHMEJqX25obXNfNGNYM0RGN29zdjYzWE9vUThsSEFFNWExb2JNZ2kxWEp6d0dzc0JyYzFmQWFuT05BWE5WVTRScGxnUFpNN0tPcVZsdU92NGg0YkRGdjFsWHRESG1ma3d0M1MzcU5VVmIyUDFEckpvaXB1QjJvZnp2S09wQVJ5d3IyNkVXSFZTbGJibWNrOHBBb01LX1pRbWo0Y3Boak5MOE90ZzNaTkdnc2ZMQjlpMnhzb2NTX0IyWEJvZll3WHpxRndrZGxLdk9PSF9fMVlFNy1VNllHa0p5OHlzQ0pMbWplMnY2T3pTM1IyUURyd0FPY3hHX0dJdw?oc=5&hl=en-US&gl=US&ceid=US:en,Times of India
PNB,"Mon, 19 Jan 2026 08:00:00 GMT","PNB Q3 Profit Climbs 13 Pc To Rs 5,100 Cr On Decline In Bad Loans - ETV Bharat","PNB Q3 Profit Climbs 13 Pc To Rs 5,100 Cr On Decline In Bad Loans  ETV Bharat",https://news.google.com/rss/articles/CBMi6gFBVV95cUxPV3EwSmZqTGMwVGVSWHVEbzZZbndRRFV5V1AwcWtxZXkxV3hSOFZKLXFmLUJzQ0JMS08zVVAtbTY3QVdTaHRGUVVsTi1WUXEtakFvMmFBYS0zaWF6d2VseXNiLVBNclBELWpCTEw1Z3BHbEg5XzM3MVR6T1JqVWN3MFRsQXRSQklQTUlKUXl4d3ltRzl6dEtOWlVxZUE5VnNld05qUzBxQ1Ezd0t2ZTlUYWF1RF9tRXE4MWp1R0VpWTIycWo3WTVaWFhHWUJBci1qdFcwczJDYW04ZDhURWhiOHBYcWdNTmExM1HSAe8BQVVfeXFMT2JkTEs5a0tjdjJwRGNMdHV3UG5JOVRfZWhVN3N5Q2dZWDBwbjZiYjZCeE05bGhBbGNJdFd4dU00NldKSzFNM2JaSGhna1FvWng0WWFfVDQ5YXNMUVZTTXUtcmR1WElsSGt6SlFMbTQ5aW04TDRpNWZyWm42djVxaFluYy14YnJvZ1h6cEU3LW83VG1KRXA1WXZvY3dOWURySFB4T2NJQ0g2OFJselRjTjZZbGJDbE1vZk9RYm1wWm5qVmlMUEphLXgwYnlNZFl0X0hSaTQ4akd5WWFQdDZlWlkzQ1hpWjZHOXVCVTV6WUE?oc=5&hl=en-US&gl=US&ceid=US:en,ETV Bharat
PNB,"Mon, 19 Jan 2026 08:00:00 GMT","PNB Q3 Results: Profit Jumps 13% To Rs 5,100 Cr, PNB’s Asset Quality Miracle: NNPA At Just 0.32%, PCR Near 97% - Goodreturns","PNB Q3 Results: Profit Jumps 13% To Rs 5,100 Cr, PNB’s Asset Quality Miracle: NNPA At Just 0.32%, PCR Near 97%  Goodreturns",https://news.google.com/rss/articles/CBMi1gFBVV95cUxONENsODJyYzNFYTJpTERpNW1SMDZmWF9xZnM5UGFLZmlRVU1mMlZrOFhYZzVDZ2VXNUdxdkpRblBEbnI5RC00ZmU3aURUeDZicmZmTWJLeGMyR3huU3pSel9vaWlVNkk5VUtXTnUyajgxS1hHVHk3eVlPMjB1Zmt6MXdXelh6aXQ1VmhUcDYtRmpIU29JNW9pR2RlQk1HRmNHdVBqVU5xOWxNeHRjYkdabElyWFpGbERHRERNazloU0NjUno3dnBzbThZV09zcjNkc3E4Ym5B?oc=5&hl=en-US&gl=US&ceid=US:en,Goodreturns
PNB,"Tue, 20 Jan 2026 08:00:00 GMT","PNB Q3 Review: Brokerages Mixed Despite Target Price Hikes, Margins Remain Key Overhang - NDTV Profit","PNB Q3 Review: Brokerages Mixed Despite Target Price Hikes, Margins Remain Key Overhang  NDTV Profit",https://news.google.com/rss/articles/CBMiyAFBVV95cUxPaXdNVnN3TjBScThkQ0xYUnNneVJOc0xld0ozbl82eThSRnJtdlBoNFZQZ2pudTBaRThJenYtNHozeWlrVUxzXzFpVi1IcHlVM0NvTG9sZEdpOVhKQjB3MHJBYTZZcVZzbS01ZGhVaUpKdEtwYk1lcm1XZlVrQW1ycWxLZHV5VHBpVHMwQ0FxbElNeWRZMEEzZmZRTUYycURReF9fREhfRTFyVzQ0SS0zZkhaTVBDVXlOTDJVZUxwOHZYOE5QWnUzT9IB0AFBVV95cUxPMGtTaF96ZS1DQ0FEVFg4X3N5ejZEb1BOQTFsQW9YNExWRlRqcXVINF9UTlk5VjhGaFVaaXNjVzEtdWQ4OXA5aElmc1owQ2ctamZCSGZ1X0NNMU9oN2V5YWsxM2V1bFZ6bm41bVdsSEtTYjg2NEVRUTlZMWIzcnJ0b2xtVkQyTnM1OG55SHgta01VSTRuYlhQMVBnYnFUTVZSbmdvbndsN1pGdDdrQWZ1WUtoRTZkUm5qdElRRVpzd3FtZjFWcGhRQ0piNHpDcGxy?oc=5&hl=en-US&gl=US&ceid=US:en,NDTV Profit
PNB,"Sat, 31 Jan 2026 08:00:00 GMT",PNB Launches LUXURA Metal Credit Card on VISA Infinite | Premium Banking 2026 - PSU Connect,PNB Launches LUXURA Metal Credit Card on VISA Infinite | Premium Banking 2026  PSU Connect,https://news.google.com/rss/articles/CBMilAFBVV95cUxNOUhIMWZJWmYxNDBBMjk5dGtxZnlla1lWWVJkejc5eFRDS3lkaFYtQU5xUzNzcUtiMDRMTkpXbURieER2bFd4YTZvUG44SE5VVFlSNG1RLXotTzBqOU5mLWc4V1JzZWpHUDZONGVGZklTVHdVRmJRbjQ3eXhCTzBWM2xRTjRIbFFUakNTaG1HbWwtaUpj?oc=5&hl=en-US&gl=US&ceid=US:en,PSU Connect
PNB,"Mon, 19 Jan 2026 08:00:00 GMT","Punjab National Bank's Q3 profit rises 12% to ₹5,190cr - NewsBytes","Punjab National Bank's Q3 profit rises 12% to ₹5,190cr  NewsBytes",https://news.google.com/rss/articles/CBMiowFBVV95cUxPOUFMQU9Xd3hWZWFKdG5JNC04R1BaU2dUTnJGVHpLRmZpTHdwdE1lVkZTUE1vdlAyTTdqZVFYTDdXQUhSdHlPNVRSQzMyR2ZVT2xRamVtemNQX0pWU1dkWXR4OTgzUklwenM3QWtXNWlRTVloVFVuXzFxaVZpZmFEUWVsVmQ0VFY0YWsyQWw3Vm05V1AwU0tsY3NfVEQ5dmx1b1lB?oc=5&hl=en-US&gl=US&ceid=US:en,NewsBytes
PNB,"Thu, 05 Feb 2026 13:42:42 GMT","PNB Apprentice Recruitment 2026 (5138 Vacancies), Apply Online Before 24 Feb - Career Power","PNB Apprentice Recruitment 2026 (5138 Vacancies), Apply Online Before 24 Feb  Career Power",https://news.google.com/rss/articles/CBMicEFVX3lxTE12T19ocUlRbVZoczUwN0ZzLXB2MklKaFhoRWRCV1p5dVFiM2YyNUpaUnZtTllCekE4al9qeWtPVUFjQ1JMRWRhbURybVRxQ2RfUGd3ODQ3d05LY0ptUkNyUFRYYm1WY1ZLODJNb1NSdHg?oc=5&hl=en-US&gl=US&ceid=US:en,Career Power
PNB,"Mon, 02 Feb 2026 08:00:00 GMT",PNB Signs MoU With MSC India Consulting to Boost Last-Mile Credit Access - PSU Connect,PNB Signs MoU With MSC India Consulting to Boost Last-Mile Credit Access  PSU Connect,https://news.google.com/rss/articles/CBMirAFBVV95cUxPVE9BMEdkdkpzQ2daWGNzb090Ync5Tlo0LUw0dUl1UnVobEVjdWlRZVpSWVNDMVhaLU1hbHNhaTZYV3ZlZVZTZFhQV1dHVk9uY0JCWWhRMjk2N2MwcW5oS3diOHBWS2t6T3d5WGZPaU91Qm9PMEx4cjE0YzVaYTd3SVF6azRjMXBWMFl3dFVES2t5WDN3d0dwWlNtazZqN0NVNzI5cUNNY2RnaVZn?oc=5&hl=en-US&gl=US&ceid=US:en,PSU Connect
PNB,"Sat, 07 Feb 2026 06:21:22 GMT","PNB Invites Applications for 5,138 Apprentice Posts; Know Registration Date, Eligibility - Telegraph India","PNB Invites Applications for 5,138 Apprentice Posts; Know Registration Date, Eligibility  Telegraph India",https://news.google.com/rss/articles/CBMi0gFBVV95cUxPVnFnN2ZuZURJV1d6VEJLRHFUQmU3S2t3N1o1dmlKaTBOWWVpWnZOVzBxenk1VGlaYkhJTjhOZHVhb2RZWTFCdklSODRjUFNIejAwZlBVT21RaXg2UlhiclNsbTBLeFpDUUJ2Y2dKdGJ0bGJlcGxuZGw1U0ZUY1lTOWZQQlRfZUZFX2lDWnRNX3Z2OTluOW1TNzlIeXJzQkRibjdQbmpYMExkM3IwcGxDMU16b09wMnA1WURiMlVqZEhtMFhmaEVad0dmaEl2RXNVdFHSAdcBQVVfeXFMT0NLbmxabVdkSERxX0lLZmdVN2FCX2J6YjhnYTBvZ2VWNG1jcnh6MnJXSGVkcDB5WWNJTGJudDdNSkk3N3VLbXR0V1A1SEdfa1dJVG56Q3JQQ2dnUy11XzVkZDhkalVGZk5feXdmZEpFNm5WNkx2MXg0c2owNkJLM2NoeTFTaHZ6emhhdDlRenRwSzZGRWZiLTZnbG8wUV9pY1FJMksxODZHalZIdWh6bXVXZnd5MDZKZ00tVzRXWWJfd0l1bllkekJMOTY2aTQwYXA0SXhpWVU?oc=5&hl=en-US&gl=US&ceid=US:en,Telegraph India
PNB,"Tue, 20 Jan 2026 08:00:00 GMT",PNB prepares for more deposit rate cuts as margin pressure builds | Mint - Mint,PNB prepares for more deposit rate cuts as margin pressure builds | Mint  Mint,https://news.google.com/rss/articles/CBMiwAFBVV95cUxONjBkdmU1bjN2MGhvVWVWVEFrRmFXZTVpcjZWcW5FRXVFc21TUlpEcFVjV3pwYkZzeG9oNmZuNlM1aFViMzI1M1NnWFh6ei1FOEV5VFdGOWl5MlE4Y04zVThoUEZiY09aYWVwUjdtVlUwOVJWWi1YLXVxci1mQkRRbmlsa2l0SFBUb3dpUkl2cVl2RS1OcFFsWUQ1SzloNTJxQUNNR2VBX3JRSHd2MHBrSURjUHJFQk5wNEtodnpPeWTSAcYBQVVfeXFMT0p3Z09VMzBTeDFVX3NnQTZBejVpQUpEWkt5OFZpVUVCbUJVYlMzX09lTnMwUFJTNDF0MlI1VWQtZDRnVS12bDlvLXloOGp5X1U3aTZ5cDJFWU1uYW93ZlVhbWd6a2lDMmVPeHBQY3RtYTFRdmUtRjIxOG01Mm1EbTVQSnVSUWltU01BSGF0UVZKTnVRbDd1UnhiN0IxWDJiN1E5dHpoeXdtWFpYWmlpWXV1S0ZXc092UkFlSWdsdHU0SUdLRmtn?oc=5&hl=en-US&gl=US&ceid=US:en,Mint
PNB,"Tue, 27 Jan 2026 08:00:00 GMT","Bank strike today: Will SBI, PNB remain closed? What services to be affected? All you need to know - India TV News","Bank strike today: Will SBI, PNB remain closed? What services to be affected? All you need to know  India TV News",https://news.google.com/rss/articles/CBMi6wFBVV95cUxQTDFTWkVzcGdCaEp4d1JQcmRLTGRUazc2YkljcjE0YzQ0VTRBNkU5ZmxSSFIzb0NPdHN2OFRVSkxvVE9oS28xZHRaQWJVSWhsQXJETnRUQTJfWnRLakEwbk81UGpDd3UxeDBGSFg1UGdua3hpSFJOc2l6dWtSVkVkTFUxbm9Jem56aUdzRmhVNzBVd05odDkxRzdocUNUZUlTN2piTmlMeVFBMWJSQlN3OXBuZnhublRCeXEwT0I5TTlZT0xkbG96MHZZTWd6RkwzRTJIeGVHbWxLRmx1NFNfSmFvVGF6cFA2SElV0gHwAUFVX3lxTE9WOUt1MFRDbnlrTVpDekFTSXhIc2xsQnJ4NWMyTk9zWGJsTVh4R3BlZkI2NEpqMnIyajJYWFA5dklraDVmZm1UZGxzVXg5WW1NRXZPYW5ka2ljUWIzNUtwMzJpbnJjUHMyWE50Yy15R2FCUTZpeUlwQkdtTDVqelJFYWN3VzhyVUNheU9IbjByVmw5a0VoclA1Q2pqT1lpWkt0OU8yU1VmWEpPZnV5M1JyUWNHN3V6OFlwNW5NeW1ZeEQ0N1I2aU5qZ0ZPNTJfVTl3RkFNajNaM0Fnb1czb3dHbWFsU0J3WTNGWlpFNUR1ag?oc=5&hl=en-US&gl=US&ceid=US:en,India TV News
PNB,"Tue, 27 Jan 2026 08:00:00 GMT","Nationwide Bank Strike Today: Will SBI, PNB and Bank of Baroda Remain Open? - outlookbusiness.com","Nationwide Bank Strike Today: Will SBI, PNB and Bank of Baroda Remain Open?  outlookbusiness.com",https://news.google.com/rss/articles/CBMirgFBVV95cUxQNkVaN3hZMFNzLXBidjlOWkJvTWpMYVRwRFlqTDRTV3U3b052SDhGWkNCRjFtMWZTbEx3UU9Rd0N2U0ZPejdJWTYxOExCeHlQOC1KbXl6cWxwUkFSc2dWUDJ5SmhGZDNxbnpYM2k4RHNTYlIyNndPc1hiUXBKNlBXcU1GZ2E2bUxRT0VHZXdtZGh2Q0ducWlfZ3pMZjBWbEE0R241Sk5CNEZjMF9SWWfSAbsBQVVfeXFMT1l4bm1QNWpSVUNNNEtEd3drQTBqTjRBMHpFSkU2U0VPN2lqdWw3bjgzSWZ0Q3gzMFBPTDM1QmhJWEtfQ09qOFN6eEFpdmlEaG0yM1VCRGN1RU9TOVFraTI5cERoaEJEbjBVWXRlVXQ2azY3OFRNUzVsd3dDSU40MjhDdUdxTWFoVXlnRzRub3VDT1BoT3c5SUx4NGJQNEp4ZFpaVU1yd3czdUZRRXd5b3Q5TDQyNzI0d01GZw?oc=5&hl=en-US&gl=US&ceid=US:en,outlookbusiness.com
PNB,"Thu, 05 Feb 2026 07:06:09 GMT",PNB debit card user alert: Free domestic airport lounge access ends for RuPay Platinum card holders; check - The Economic Times,PNB debit card user alert: Free domestic airport lounge access ends for RuPay Platinum card holders; check  The Economic Times,https://news.google.com/rss/articles/CBMijwJBVV95cUxONy1pQzVzV0QydU42amp4RERlZVZzVXA0TTJNc18yaTNwS0tWZ0Z6bmFfdmthS0F5SnBWc0xjdWcyc0YwenZHdGpRMUtSNVBSa3hQdElUR1JYa3N3cG9Lejd0dUJaUkVUTENPaUtMcUdRdUxxQTZkYWhYbjVCRmxCcHJEd1FYSUUxZktmQl9XY2VKYUN2bXMzVF9fS0puNHprUVlUWHNSbHlySnNObVdCd190T05zVlIwMnRpY240TW03dVB0ZGhfN1FrWDA4TUdkSllySGNfN2N6WHlvUXhONVRaeDREM2NNZklqQm5RMm9yQmdueU9TblR4cHY0RG5GYXNMZkc0eW12aE1VOVF30gGUAkFVX3lxTFBTSTE5WXVRMnZld25xX0ZPdkthVVhCdWlfdlFrdWdMSFJicFp3ZjF5S3ZQUzhlcFRNRWpMVHdQZmQxNFJGYXhJU1hJZWt6aE9tTVN1ZThFSGtka053dFlIZGQ1bkZ2VURnTjE4YXNqaXcyaHNtRUd5b3dPVnhpSEVjQURXWml0c01BSjRKUUEtR0NyY1M5VHp6TC1zRVFjNzNKaXhsYnREaFVOZFNJb2RPRk1GVFhoSlg2eDFBdHE2SVpkSDF2TzFaNkJ3bENmNWR5ZFczZEpDdGZQU0NCanZ5M0YzcnJpdVV4QXlPM2JBTGRaQmNsQ3l0VFNLcHRtOVFSUHZlaFpSZDZzUmZQT1BFVXV2MA?oc=5&hl=en-US&gl=US&ceid=US:en,The Economic Times
PNB,"Mon, 19 Jan 2026 08:00:00 GMT","PNB Q3 profit climbs 13% to Rs 5,100 crore on decline in bad loans - PSU Watch","PNB Q3 profit climbs 13% to Rs 5,100 crore on decline in bad loans  PSU Watch",https://news.google.com/rss/articles/CBMingFBVV95cUxNT0Voc0NFa2l2NU5MdmhxaDR3Sy1icGx6X3lvTFRhczVKdDhxQUlYaFFWWkc1d1duVFcwYWNFc3g2OXRfa19Cek53R1NUUFdqOEIyVWpITDBPbkJSZm05UGNDWjJ1TVdpaHZ4Yll5MUN3cEtwUTVSNnBCZ00yeTVDS3pBSDlndi15TGNjaFB5R1JscWYwTGVCVjhsZjhKQdIBqwFBVV95cUxQN1hyZTZTT1BITVBHZlZuOFBhRGQ4SmFJWHctMVFLcVZ4aDRCb2haQk1GazYwbzNheDNvZ212N1JRUUtJMnBhWGFCLTdVUTJMbzBLcGFZOFhPRTZhTTdMZl9GLU5VejdxbzZ6MHhCcFROLXBEQzRtN2l1aHpaZE1JTU9uVDE4bTQ4MjRtWUpVWlJuNUhEV2x4eGNQcm1kT25LcXluaWV3cHpCNGM?oc=5&hl=en-US&gl=US&ceid=US:en,PSU Watch
PNB,"Fri, 30 Jan 2026 04:04:00 GMT",Punjab National Bank mandates Sovereign Gold Bond holders to verify their account numbers - MSN,Punjab National Bank mandates Sovereign Gold Bond holders to verify their account numbers  MSN,https://news.google.com/rss/articles/CBMi3AFBVV95cUxPWG1obFU1dFJSZFZRejM0Wnc3SHZfNW5XNUV1am84cExiZDVPd0I1ZjVZRE9PdFBWdm9sTThfVEhRdHBaY0Y3Q2lyQjZHTlNKQlY1TktRUXpNY0o1cFJjcWZ1TFl6WWtBd1RPOE05RDhWa3lRbjNpZ0NHNElvT3lLSktFYVFKSWEwdzVvaGpQNXc0QTJIbFBMTGxXeU14dkF5bnJuVEo2ZGNMUXY1eXNQbnEtR2cwSTRIMDh3dU5YWVZRQ2xBZDBVZDhNYU1OMm0zSWtmQWtjZjhOUjdw?oc=5&hl=en-US&gl=US&ceid=US:en,MSN
PNB,"Tue, 03 Feb 2026 02:08:18 GMT","Punjab National Bank, UPL, Dabur: How to trade these 3 buzzing stocks - MSN","Punjab National Bank, UPL, Dabur: How to trade these 3 buzzing stocks  MSN",https://news.google.com/rss/articles/CBMi9wJBVV95cUxPZ09STGZMOHpCNG5vNFI0SUJUTnJteDlRZXFWQzRjbFVLTnRlVm5CVm5mSzl5VkM0blVEMWdGaDR5aDh4VXRTbHRxSFU1bWswWkVBUmtVY2hyREdCSDlqN0FhajM4aEkzWVdJMXR6MkhXaUNEaXJXSXdiSkhSMThsb1VqNG1NamRZWVZ6MG5Rc1lQcmNRMy03V0RsV2FFMldVTGNFWm5nRHIxcnluYWlVMG1jTjFwcV9XWGhIcnB5MGYyaFdWU19FaWItX1N0c2ZNaEx4bl9VcHEtMFlOdDUtSlJ1NDE0LW9SOEJDZzVlcDdIckRzSEZYVXZrRHI3RV8wdjZkTkRfa1NfdWdTeTBZOUlqczZocXVHeldyb0RMbXRERmhoRTk3NlpVODI1NmtxdWdUM3ozQUlJQzM5Y2FvdE5pQU4ybklILU55TXY3d3AzWHd0MUVFTGpfWmlYdUNYY2NSc1NiazBNUFhWMGxaaFRvbEd4S2s?oc=5&hl=en-US&gl=US&ceid=US:en,MSN
PNB,"Sat, 07 Feb 2026 07:12:00 GMT","PNB Apprentice recruitment 2026: Registration window opens tomorrow for 5,138 posts at pnb.bank.in; check - Times of India","PNB Apprentice recruitment 2026: Registration window opens tomorrow for 5,138 posts at pnb.bank.in; check  Times of India",https://news.google.com/rss/articles/CBMinAJBVV95cUxQaU1EQ2ZmRzdtd0VLUXVQbFA4NjRGMUo2MFVuOVRYTnMxNlZTT2ZBSV8tVXZCVDEwUk5vMjktajJYdk5URjlvaExoenpUWVJ3eV9PTkNJRGhqV1QwN24zWUJvd1BNLW82dXZqLTFxMDUxTDNJTlpJZWdnU1RsaDVZbk0wWVFrcWhyMFY4LTZhVGFLMGZ3LWx3VVFYaDNIcm5mQU40OV82LXRWOUZpZDRmcTIwVFdlVl9vYWczVERBS2QtbDh4djFDSHZQTnhkaVdlVE42Ylhjb2xpQUtiM3c3MVl5VHRGMXZXcXNZc2dhRFIteGVmSUVCMFZqeHNvN0NOVkMzR05RWGtFdk5MZVM0eG9QN0ZJSlhDNWpUT9IBogJBVV95cUxNbzZqV1A0VHUyNkwtaGZTX05rTnAwV2VBZzRPa1FUeXkyOUJOWWdwa3RjQ0RmTURhX25UeEoxSFVUWFRGZWRTZXVIbk9JTVg1Z2F2clZYREl3ZTFKNUpKVVQ1dnJNNGFMQlpsRjdBTHI1b2dfVUpVR1ZJOW5UMWFPMjcySVZQY3NiVW5nNF90ZldzeVd5MVNJdWxnSkZmT1NoZ3dkOC1ock94d09rLVJmc0xoX1FoeVFyZnlFb3h5TTlHQmhhN3ZKVU1Fa3RrUFRrTVNhSTJGNVNDR3BVcUJDYldJbDdaSzBqZ0pLMG9xbnpHcWhrc1pHbVJkYUVVN1ZsQThlQXV1WVc4UGZueEI5azQ5M0JZQTBTejBLaTIzczB2Zw?oc=5&hl=en-US&gl=US&ceid=US:en,Times of India
PNB,"Tue, 20 Jan 2026 08:00:00 GMT",PNB Q3 net profit rises 13 per cent to Rs 5100 crore as bad loans decline - Mid-day,PNB Q3 net profit rises 13 per cent to Rs 5100 crore as bad loans decline  Mid-day,https://news.google.com/rss/articles/CBMiywFBVV95cUxOZlVvYnhFZGctSWdsQWJ2bEFkZXoxX29CbVZVRHczUlhNaVdSTTVHSUVxbkROQVRodWRtaGtKeko3ZDZ4eXdLSlBDLXJTdkUzTDUxZW1CNGNub0EwdFNpOWtHZFlrNVJZckhRR29oVHNCOV9ySkZXOXFxZ3lGLUNhN3ZEbjlXT1lOd0E0aUJ1N0dDQk84WmxWVlhDcVJja1FFeko1QXJUTVRHR0M4TVJoUnh6Q1lpaEYtN3locU5NaG9EbVZsU0Q2WldwUdIB0AFBVV95cUxPWlRMTG5Oa1lMM01KN3hNNTFuOFRURW9JYnhQWHhXcmlxQm85SDZ5WE1kRklDUVdYSFFKQXFYUkpFTEJwQmdiY2NoMUJ0cncyVk9JRmNYVUxOaUJCVTZYaGJPdmhtVWptSWE3eWNZbHJqWTV4czlRQjlSdnBjcHN6clR4eUdwX3k5ajVxdnVaSzdwYTJvOWhWZjB4QmlncTNpeGl1enMyTmozNjgyVlZmUWUydVJicEk2dVpubzEtODNhQjdhSzdiekZyVlRoOU1W?oc=5&hl=en-US&gl=US&ceid=US:en,Mid-day
PNB,"Tue, 27 Jan 2026 08:00:00 GMT","Bank holiday today: Are SBI, BOB, Canara Bank and other banks closed or open due to employee strike; check - The Economic Times","Bank holiday today: Are SBI, BOB, Canara Bank and other banks closed or open due to employee strike; check  The Economic Times",https://news.google.com/rss/articles/CBMi4AFBVV95cUxPR1pHR083T0hESEtmNDJUOVNpdWQ4SzNqVXBrUl9aUWRuNnM5cVNuNjFtZjZSSnl6Uk1oN2lncmg0aUstSGxJWEQya0p5MFFib19HOWgzMjhTSWw2TU9VWU5CbDZYWVVkelZfdTEtYVVJY29KUmt1Y0J0amk3N0tpRkQyWGlzcDBrWU0zQl9taDlVWjZhaWZESjhiOHE3MVhEMUlfb2JKc0IxdTJVZnlsMmpXY25TLVVzVmVUcnoxSWxYaW82YWdtVlZEMHJ5dy03MFVUeWdCY3YxMXBaWng2Y9IB5gFBVV95cUxQMnhyN01ORjlmbWlPVzdGMWlTWmhSUU10MFVWakRTTmZyZzlKckZ0TVFmbExUM0J4NHNLSHIzRjBzV002NENzam0xTlJONDlzdFdhYlJMUHQtMFBEV1pvalFXUmo4eE9LLVB2cjV6aGpyRjZoX1AzeGEwREhoZkhlNUFZZUU0MDNWdXVBTDlIUkpuTXlKNkFmODU5M09fODNVTVlzeklZNWJxUkJrYi1KLW5UMm1mZHV1QlpOTmQ4cG05andzTTUzN2cyZDRPNkJJUXRPRThOQU14aWFoNURkY00zT245dw?oc=5&hl=en-US&gl=US&ceid=US:en,The Economic Times
PNB,"Sat, 31 Jan 2026 08:00:00 GMT",Punjab National Bank Senior Management Changes Announced - InvestyWise,Punjab National Bank Senior Management Changes Announced  InvestyWise,https://news.google.com/rss/articles/CBMibEFVX3lxTFBqQ2tjZmRNQkxzUExXV3lEbVdYWWMzSDZ2M21JZ1RScElfMTVTUjV1ZHBGc0JOdzR4RlNGZGN3RkVJZ3BoSmp5emtvdEdiT3NiV3pVTVhFaXpXMVI4U1BIV2lOZkJuVGZGbkIyZw?oc=5&hl=en-US&gl=US&ceid=US:en,InvestyWise
PNB,"Mon, 26 Jan 2026 19:45:47 GMT","Q3 results on Jan 19: LTIMindtree, Punjab National Bank, CEAT — check estimates - MSN","Q3 results on Jan 19: LTIMindtree, Punjab National Bank, CEAT — check estimates  MSN",https://news.google.com/rss/articles/CBMi2wJBVV95cUxOWEtCWFVRdkV5SjlrcmJ4SUtrczdpaE1fc2MyVnlpSDU2Q2s5QVZNNXV1ZnNVZWJaaTlpcFR6eThRempkZV81dHFkVjlGX2F1OUUwdno2aGpqWm1sTEJ0S3pmNVBHTnIxUjV4dFhIdkF3UXQ1bUxkZjhEY25ZQjdIRzNxY0lGVkRibFM1dHoyS0FjUnRLVS0tSFlyM2ExVTNScWxCSTFGb2Yxc01PekRPVGJmcEVMMG1zVGhGZmIwMnlXQ0JwalRQTmNwdVRWNzNMSnpGb2l5cWI2Xy1CekhXVUhqbkJ4UjRyYklTMkdaVTgzc0ZIMmZJRDVOX0dIVWhNSUpLNXpIeHM1em9VZGdWRmNzQzh3bGJzeUppMTdNSklkQjEyS2M2LUc4OHFEX2d5NElVby1jU2JWZ1RHNU1GNHV5a1cwQXhyODdlYzRia1VsQ0VmVkRLMi1nWQ?oc=5&hl=en-US&gl=US&ceid=US:en,MSN
PNB,"Thu, 22 Jan 2026 08:00:00 GMT","Q3 Results impact: PNB Housing Finance, Tata Communications shares tumble up to 8%; Bank of India hits... - Moneycontrol","Q3 Results impact: PNB Housing Finance, Tata Communications shares tumble up to 8%; Bank of India hits...  Moneycontrol",https://news.google.com/rss/articles/CBMijgJBVV95cUxOOTlHZlhHMEt4RFJoQW9ubnhveWllTGRBOEFUWm52dUozYzliTE5hdnhVdWxLR3BiQ0FBMm1zUGxmTmFuNXhXdzZCRG1FXzcwUXNjQjR6UjlISUNwekJsV3FrRDJFTDlTUUlDeG8yVmdVbG5XTU1Oa2lONDFrR1IxTzBwOHl1MHBDNklZQ3YzT2FZaWFWeFB4bm9uM1Q3NEljeVFUdmRBVi11NWZ5MVlIRHUtWGQ4a3NBemRsOXRtOThmTU5fZURvcm52V3o1SmZRMnZVQk9qRnVSaWpzaHFRdllKSVRMSlRaZWJyY1p3SlFxakpFenc3cHJDZmFSZnptXzlfM1dya1QtZi1Uc2fSAZMCQVVfeXFMTS03VHRHUHJ4dXFaQU1Ra0lwZWJYVXQ2YUxxYnNaNU02czRnQVFBWWYtT1hJcVBuRkg0UTZ0UFFvTFd6dW1jNDdnYWhIVkFEMVhQd0tCYy1hdl9IZXFVY3ozN0FQWTg4bXJEQm5RLVNoTEZUc2l0RkhmdTktUXh1ZTZzSmF2cUthN0g4SDRhczZZS0JRZDVTV1RWRjc1elBrNi12TGxKOTZmZ0hsbzZjWXM2TWpFV2kzZGJJWW54WHF5M01OeGVsWWlVZWZEVkZQSFZZN3FhcWxERjlPTnpPenJvV1JlWkg3T2tPOEJDYmsySEpZT3k1d21sQUZQOFJSOEY4cXotTW0zdTZMWFpNUFRIN00?oc=5&hl=en-US&gl=US&ceid=US:en,Moneycontrol
PNB,"Tue, 03 Feb 2026 08:00:00 GMT","Zero Forex, Unlimited Lounge Access & 20,000 Welcome Points: PNB’s New Metal Card Has It All - Goodreturns","Zero Forex, Unlimited Lounge Access & 20,000 Welcome Points: PNB’s New Metal Card Has It All  Goodreturns",https://news.google.com/rss/articles/CBMizgFBVV95cUxPU3FrWWJtLVlfa0pyaWFuMHNKdzFMb3U1MGFCMGgtNmpQaW1ISGo2ek9LUE9vQTlBQmlVS1VYQnh2TDJndXFVekJORWhBc0pkeUpqSHpQVDFqTC02bUJyUC0zUmNVTzdVMkxDN0ZzWXZRMmZaemVERnlxUFZHUFF5aVVkMjFfYVVhcU1PdjIycmJtTzk4ZVV5ZzNFcGhXVGxpVkRyVi1OR0RRMW5FTEZqbV8wRnluTVU0clJIOGUyRFJkX3RyRkRQYXV0bE1XUQ?oc=5&hl=en-US&gl=US&ceid=US:en,Goodreturns
PNB,"Sat, 31 Jan 2026 08:00:00 GMT","February 2026 bank changes: These rules are changing as SBI, HDFC Bank, ICICI Bank and PNB revise charges - Times of India","February 2026 bank changes: These rules are changing as SBI, HDFC Bank, ICICI Bank and PNB revise charges  Times of India",https://news.google.com/rss/articles/CBMirwJBVV95cUxPd24zMGxwVkdLdUYyN3RQU1FKYWFvM3dLZWx2WjhKa0ZYT2kwb1JaSk5ucDN4VzN4d3k3THRXazZlNEdjMHpFRkNCU0xHYU5VQXBTemJSeG9FbmZOM2RIZVB6Sm5yMVRSTEdyMjV4NExPRnpKZHhYczJYNkdaTjlXZHV5dnljVmRpRGd0WHVaTnliS0Q1RUFRV0RLZ2pRckNidHBMZmlpUmUxWFpIdnpwRGwxUkROT05WSEJETW5yNGZKT3pwWmV6cjRjTmI4bUJzUHNjZ1pMaWkxVEhKcVhXSGJBbFF6Qm5HYU9Ka1NXeGFHRTBTT3o2ZTdjZ3lIaFFzVS1yWGQtUkNsUzFmRk9SR1VORjV5dHJQemJlSUdWS1AtbVVJZWtoRklmcmViWFHSAbQCQVVfeXFMTm1KdlFmU3lPWDNVVHlRTjJ4MmZ6YTdKRUthWjJ1ekt4eGR6dTktbWRuRHFvb1duQktNNG5JSmNfRGpTbnhpMVZpdGhaSldmSUZRSjhIOHlGeGhHMXlma3c3QVlLUkZVU0hXWFRvR1Rnc2xhak5ZRlZPNWxVQTIzajRyTi1kOXMyam1lV0RWTXZVNU1oRWI2am1ZM0Q4QnVwTFMtVkM2aUdlSzk0ZGNIaXkwSVVSM2E1OEpTc201TW5tNm90SXo1VVNybm43MG8wYkpNYjFJNzBpVVdRaklBcHhHRWdqbGl6MDhxX2pPWFlCSklSQ0pabDJ1ZHNMd3J1M0QzUkdoNm8zc2V3b09lTWtoZGlKMnBINGk3eEtFY1RDVm1JbFgwY05DUUI1cnl0Mk9MMHI?oc=5&hl=en-US&gl=US&ceid=US:en,Times of India
PNB,"Thu, 22 Jan 2026 08:00:00 GMT",PNB Housing Finance Reports ₹237.43 Crore Fraud Account to NHB - PSU Connect,PNB Housing Finance Reports ₹237.43 Crore Fraud Account to NHB  PSU Connect,https://news.google.com/rss/articles/CBMingFBVV95cUxNTF9uN1VMa01XOExmTTBnQ2JqdllZVG5udHdHU2NIejZodlpVMjEtbU03ek9NQ29wRkpjYmRtVU11QVFmaWtiSDJWNmtYaUl1d2NkMDhCbzU3cGRhRU1tVWd4OXVXU3dBN21aZzZBZWh0WEJoRWE4Ul82ZW4zSXUtclB1cWt3UzdxWnNSM0R2SF9tTnlLTEpVbDE2S0o1UQ?oc=5&hl=en-US&gl=US&ceid=US:en,PSU Connect
PNB,"Tue, 20 Jan 2026 08:00:00 GMT",Eyeing 'organic growth' in southern states: PNB chief - Times of India,Eyeing 'organic growth' in southern states: PNB chief  Times of India,https://news.google.com/rss/articles/CBMi0gFBVV95cUxQQ2FScUdTLTFSWHpPMkRFbDZKSlJTSEx5b2M5TVNJeC1NVmcyV2xUVnhId2ZMemJaWFRoODdnMmQwOC1PVnFwc2lLQVROdERCcGlpRjh5cWs1clFmYXVSMnhCc0VLbTVUTi1xdDlURkV2bi1rWnJJMTZKeU5XNmpKWE1RQWgxYlQyYW9hTFczeEM4MkhmRmlxTkE5VEZhSi1WY0dGdTY3T0JYU0oyRkdjNkhwWDRNekFLV2FrQmN0cDMtMzlIZDk4bjU5Zm5ZcXlGTkHSAdcBQVVfeXFMTlN4X2p3aXA2cXZhZGdZY2Y5ME5yUGxMUzJrbmliWUhkV3AzV2JYR0phTm51Yy1vRWVGdFBVd0FqV0c3b3cwRjNYbV9IalVJdTlyOW5GR056empxdEdBeEhzN2EzUThjUmFKNHV1M2tHQkpHWDhudXJyRDF4YTlrWjd3QnNHdEs3N0Z5VGdRaS0xR2hyZk1YcHVaWmFCYUREQVAxRG9MazZyaU9xX3hKamwyeGxJcWx5LXRnX2dtMDZhM1hrVm40ZVFQNXRza3Rzam1fNVhNOWc?oc=5&hl=en-US&gl=US&ceid=US:en,Times of India
PNB,"Wed, 21 Jan 2026 08:00:00 GMT",PNB Housing Finance Q3 results: Net profit rises 10% to ₹521 crore; interest income up over 9% YoY — Details here - Mint,PNB Housing Finance Q3 results: Net profit rises 10% to ₹521 crore; interest income up over 9% YoY — Details here  Mint,https://news.google.com/rss/articles/CBMiiwJBVV95cUxNWEN0dkJmNXU4XzJfM0xiOW9IZ01DRWRxSTFRNjFEbkhqdnVkR3VzNlJKMG5BZ0Y3TlVmcXJFRFJ4cjJ4bXRfb1k4N3hQZnotdkQwWmp1enJNU3BJVEt0dG9OU3dqQUdlX3RQbGVWcE5acmxZN1ZiWk82V21Fd1F1TWw1SFVzc05OcXlzYmtBRTBEdlM3Y0V5UTBKRk5vVnB4TkRWOVMzN29WdTR0czIzczl0X3BsNmVWZC1pdkxlZXBOZ1hHRjEyVTItWTFoemNGZkRQWUhzcnB2bDhlN3NhUVlqWjN5NDN6OWwtSDFNeG1raFZwSzdNR1JQQXpHeXRaUVBUZE16ZmY4Mk3SAZACQVVfeXFMT3pZNHFRWDNoM0xud2FtRHIwNU9MU2JQcWpEOWU1cDlOVzJqRnFYWnNzV0JvMHJJZGpzblhiM2dlNFVfVzF0ZXozd0pFaWxXRFZnN3Y5ejlxdHdBZ3Z0bkRLLV9XdDFzZ09uVkZ1bHc3ZEZ6QUFVcTRjZVFfQVFBd3V0Z1lvSmN4T1hMdVlRNEpoVnZ1QmkyN1N0Mm5ZaHh3RFN2NXl2U2hQQlMtVHZJZlY1ZS1XYTBMMWVOdVpGblIycXFNWmJoc3dQSnp3X2tWWkZrbW85MUVoTFphVXdpWTZ5bW8wRDM2UjhjN0RjMVluWmRjbGc3VF9iVEdKN1IwSm91S1NOOUt0Ym5tWmZ4RkU?oc=5&hl=en-US&gl=US&ceid=US:en,Mint
PNB,"Thu, 22 Jan 2026 08:00:00 GMT",Explained — Why PNB Finance shares are down 10% on Thursday - CNBC TV18,Explained — Why PNB Finance shares are down 10% on Thursday  CNBC TV18,https://news.google.com/rss/articles/CBMivAFBVV95cUxNbjdKUTFocGJ5dE5TdUtTUFprWmtrVXNuYm9HNXYtUHJtdVRvSUVxM040eTRwczFPRllCTG00ejh3aVZsZ1pycEZyRUtYU05tQXF5ZGRsZW1sWHBNa21CWGRpdmZ2QjFOaHZQaGpWbVluZkVUQUVkM0ctS3JPdUhqQnRQdTRMVWQ2WW5USUc3ZGsxQTd0X0RFVWMzMHRGc0psZWhuekprLTE4VlFDLW9aenJnTGx1d0lDTXhKLdIBwgFBVV95cUxNX3dNV2xxd0RKYWI5ekRSWEFBT2VfdlhFMU9ENkM3YVVrX1B5R0xRTFowWElSN1owSGJTdE9NalhnZXplakxpNXpod0JJUzhic0IwWHFyb1ZManhjZnVsNkdzLXktU3lzdjdyLVlOb0RHSURoSHhDTWRzcjJtOWNjMFB6b1A5X21RQWxRN3UzVDljUFlTYmZPaFpvcjdsazJQS2U4Xzh6LWQzVHZDWTBhRkZBUzlSYWRFUE5uYi1pR1Jidw?oc=5&hl=en-US&gl=US&ceid=US:en,CNBC TV18
PNB,"Tue, 20 Jan 2026 01:48:12 GMT","PNB Q3 earnings: Net profit rises 13%, asset quality improves - MSN","PNB Q3 earnings: Net profit rises 13%, asset quality improves  MSN",https://news.google.com/rss/articles/CBMiswFBVV95cUxPS1d6LTFqUVFQZEZwUlU0RFlYZlRsX0xCQkVVMWdHOVpHbGllajA1SFNlc0wtdklhMkd6cmt2ZUV0X1Q4blBsd08zOE1rRzZDbW01N0hDcTFucXpqV2pKQVBMcnpzV0xoR2E5ZFFRNGllTjlNVUJESF9DMktOaXZLalZySnk0U3c5OGdYQy0yMEZ0U0FrVjh2YkttclNqVWN3U1IxUE9zVGV6cUxfNGVqU3padw?oc=5&hl=en-US&gl=US&ceid=US:en,MSN
PNB,"Sat, 31 Jan 2026 08:00:00 GMT",ED restores assets worth 2.5Cr to PNB in money laundering case - Times of India,ED restores assets worth 2.5Cr to PNB in money laundering case  Times of India,https://news.google.com/rss/articles/CBMi1gFBVV95cUxQTDBuNGxaMU5PNlpDclZpS1RDbGN4aUMwLVVyN19JcGNaRXhTZ0JlMXl2cDdlcUUyUEZUODZneGVpaDhtSG8zcGp4SFJvUkpRMklyRDZHZDJodlI4R2xnVWxwYW5hM1d1UTlYZjBibzVMcWdQWU4zbHAyUlI5N3JvekFoQ0VRNFcwYlVoOFhSdWhkOXF0Z2lmVnVoejZkUUdLLU9pZENyT0t6U3VoRmZubzJZSHRzQ2IxbVZkSWhWZmM0Q09YS3VXbi1vdUJTTzhIZXN3dHNR0gHbAUFVX3lxTE40cmJYM3ZwVGpiXzVMMC1hVDM2c1ZqekdoM085ZGZsQmVGbGZ3Wml6WmxXUTIzMVh5bnZZcmNhZWMza2E1R3dpT25TT0U1VjFtZlI2bExQY2hISjJSMERZMHVXbmc4bHRHSnREZWpzR3hIblFUaFdsZGlwWUx6aXJJYWJ2eHpCdXJVQVF1RmcycEFMRkljY3BtclhER2ZHRlkyWGZHZGd4c2V1SEptUjZKQzBUd2pVazNCSXRkTEgwWHNkQjB1YW45TFk5OU9XeVZxQnFxdlVVcmU0RQ?oc=5&hl=en-US&gl=US&ceid=US:en,Times of India
PNB,"Sun, 08 Feb 2026 11:48:47 GMT","SBI, PNB, Bank of Baroda: PSU banks' profit to cross ₹2 lakh crore milestone in FY26, says DFS Secretary Nagaraju - Upstox","SBI, PNB, Bank of Baroda: PSU banks' profit to cross ₹2 lakh crore milestone in FY26, says DFS Secretary Nagaraju  Upstox",https://news.google.com/rss/articles/CBMi9AFBVV95cUxOYWI3X1l2OXMzRG5RYWZNLXAyZ0hEZVVhMmpTT1VQUzVXVDk5X1dndDNJd1lqVlI2eU94dmdHZ2p5ZlVsNTRyUmktU1owelZXZ3B0RjB1bTZfUGFKRkpQM0tKTERDbUtZR1RWRlZVNi1CUHRzQzdxdnRna2F1MndxN19kUVFnWEdEX1FkUExrVHVGRTFiSUxrOERod1JubWRBeE9HSTRvZEFWSFZna1BLdDFaZmpyTHRJNTdoZ3E4VmxlTm9wMGhPTk1Bay1EcUFrU05LWUJJbVF0Z1pESFNoNmk0NlNqNkZYcXFzaXhyVnU4S0pH?oc=5&hl=en-US&gl=US&ceid=US:en,Upstox
PNB,"Sat, 31 Jan 2026 08:00:00 GMT",PNB Signs MoU with TNSRLM to Boost Women-Led Self-Help Groups in Tamil Nadu - PSU Connect,PNB Signs MoU with TNSRLM to Boost Women-Led Self-Help Groups in Tamil Nadu  PSU Connect,https://news.google.com/rss/articles/CBMisAFBVV95cUxOS3QzVjJpeGJOaU41bWtWdWx2a3dxZ2dHYndTMmdGdUtmWUtoVmVlbFRSNWY5LUhMdk5FU3VTNURfNmhaazM1VXhZeHFwVGpZT0xpTENKTGhsZEdJQnhZalpVMFdMWTJnUG40NVhIOEU1NVFYaUlOVnBuUWNOUDZKcE5pMGliS1NmQ20wTmFZZVlYLUlyYnJYVld4NHhMaUJCVmJ3ZndkbWpVZ296RVBHZA?oc=5&hl=en-US&gl=US&ceid=US:en,PSU Connect
PNB,"Tue, 03 Feb 2026 08:00:00 GMT","PNB Gold Loan Scam In Jhunjhunu: Over 4 kg Gold Replaced With Fake Jewellery, Rs 6.5 Crore Loss - ETV Bharat","PNB Gold Loan Scam In Jhunjhunu: Over 4 kg Gold Replaced With Fake Jewellery, Rs 6.5 Crore Loss  ETV Bharat",https://news.google.com/rss/articles/CBMiugFBVV95cUxPWkJWVi1VX09YWFBLVk40bEUzUVFqUlpOeHRqRnNLZmlvQWJGTjFyWTJKNFJJVFNWNWN6alFpdG12N0paR2w1M1drSXdVa01pUGtPQ25FY0Zya3ktM21VTnhOOC1BUUdWX3VoTHU1UUdwVWFtcFYydzlQVVVkVldYVGVxZExOZVZyY2NGZDVZRUthTzJUNXk5c0ptTElRUks4eWV6V3kwc0JXOTBxMnprVUxDSEtFaGdBVXfSAb8BQVVfeXFMUDJRaTRvcFFZZ3RCLVpZZFRrcTZ0TGRaT1FwQTdTVEpOeFA1VEJQRi01VjdnRzRUQUtTSnNvZGJ2OWRpeEN0cU0wcThsUFhuTFBEbThpNldUblpWYVlXYUtzYjdZSGZlNHZCNnRiamFmRFN3MmlWNjh1eGd0Z3BRWFhna0JsODdZekw2ZEp5NWRTLVRGQk8xYnRqaFNvSDZrWmdFV0E0UWxub3VEd1g2MFltNE01MVQySDNMSmduR2s?oc=5&hl=en-US&gl=US&ceid=US:en,ETV Bharat
PNB,"Tue, 10 Feb 2026 17:14:00 GMT",PNB Housing Finance Shareholders Must Vote NOW: New MD’s ₹3 Crore+ Package & Board Shake-Up on the Line - PSU Connect,PNB Housing Finance Shareholders Must Vote NOW: New MD’s ₹3 Crore+ Package & Board Shake-Up on the Line  PSU Connect,https://news.google.com/rss/articles/CBMizAFBVV95cUxPaW1aYzRXVjVXX2l1MkxjMl90YkwyakhWLVNlUTFZSU54WHV0b0JHLTVxcGVmaGJWMFh1Nko3NXc3THBhd1BFRTUwNlRQejBMOW5MMlJLcHN3R3NtS3hCRGNxd2VVLW1wVnV0dzRKRTdkZzNYQ1U4LUpjYkEtX1FaaktES1g1cXVMR1Bwa3JVcVRqVlYyZXYzc0t6NUpISjlXVFB4Q2gtQXVDLV9vNTAydWhZb2piczhzN1ltd3VRc1pFNk5Nd0ZKVmoyS3I?oc=5&hl=en-US&gl=US&ceid=US:en,PSU Connect
PNB,"Wed, 11 Feb 2026 11:09:00 GMT",PNB signs MoU with Tamil Nadu state government for State Employee Salary Accounts - PSU Connect,PNB signs MoU with Tamil Nadu state government for State Employee Salary Accounts  PSU Connect,https://news.google.com/rss/articles/CBMi0AFBVV95cUxOYVdURGlBc0dkNmtkTU03YVVOOUtLTU9uUkJIUnZJZndoNjBaZzB2S2FvWl92SFlKMVEzLVo3eW5LbENycjhxT2dhSEpWMEp1N2cyajNyTXBMVERkOVh3TDFpelpWOHJPSXNJdU9QRzJGTUpBNnNWaXY2TktMbXQxX080UkRvSGRoN0YyRVJ3eW5kOFZKVGwwTVE4N1FqM25Ra1ZsWUx3X2hXRkhzNmc4eVhfbUF3b0xSQmo5QWlES3RmYU9tTDkycWh3YkNCZzFw?oc=5&hl=en-US&gl=US&ceid=US:en,PSU Connect
PNB,"Fri, 30 Jan 2026 08:00:00 GMT",ED restores attached properties worth ₹2.55 crore to PNB in Ghanshyamdas Gems case - The Hindu,ED restores attached properties worth ₹2.55 crore to PNB in Ghanshyamdas Gems case  The Hindu,https://news.google.com/rss/articles/CBMi4wFBVV95cUxQd0VEWGJVeEVOME80aTRoanpoVGF1RWpiQ2VBRU81RURZXzJTa1RHQ0tOc3ZsOXBodU9yYmktR01hS09PNGExV0ZoWVdsN3dROThuVE1jeWpUZFJsaXlVQWpHTHhLNTc0ei1tdGhuazZYZmk3REhqcXdMSVZkZzlxaWVxYTZmTWNTdGt3dmRBWThGNHFvQ3lzNGRqU0pzVTNTaWk4WVFjSEhPS000Wm1BS0NRRFBSVU9GV1VoLTdZTjVvU1ZZdVRlaUFoOUFPa29ZcFdTNS1VOVpUcVU0RlNBNGNna9IB6gFBVV95cUxPRS1lSFJLY19vRUdZUnZrSzB1VjRrX3U2Y2lLUXdPbTVnVk1USEVhNG1nc2U2OWhGdlJlcnZDVW4wYlZqd29scGludUM1clRJOVJrS2Z2eGM2c1AtYnFnY1pLQVl3Y1VGZEVRbDhjZTBUcU56QjZlSFhEQ09qTU1jaklpWFpMSjNnQXQzSWVMdlJJMUJKMWZtMUx4YUFHdnJ1X1hpMGVMbDhORVE0UkxnaFphYk5HVnZObzBid1A0aFVjWmE2OHFjUVk4djBJdVl4cVR4d0VwRG9abnRfV3JfMFg5Z2o5RmYzTVE?oc=5&hl=en-US&gl=US&ceid=US:en,The Hindu
PNB,"Thu, 22 Jan 2026 08:00:00 GMT","PNB Housing Finance shares slide nearly 8%; brokerages flag Q3 earnings miss, maintain 'Buy' - Business Today","PNB Housing Finance shares slide nearly 8%; brokerages flag Q3 earnings miss, maintain 'Buy'  Business Today",https://news.google.com/rss/articles/CBMi4wFBVV95cUxPMEw5bU1EaHJlQWQxTDkxbi1hbFRzNjRwY0EyTTRjS0M0OGtqMmNOd3Z1VGtWbExjT0tvZXQzck9OZzZZb2FjTW5aOXFXMGdEQWRhdFZmUkdtbk1GNEFIcmgzWjM5c3hVT3lSZ1VvTTl3RWJKWHhhc1dhN1FNRTVMSzlFdEQyVnhNa2lNaUEyNmRXRUtPS2MyNHZ2bFhZVFpxTUJlaGpnZFZqdlVkZ2pyUC11bUc0ZUNZWVUtR3lZLUJhbHNGYTJZR1F1cnIxSTNRdU5URXBiOTlFeTB2OFhXOXk1MNIB6AFBVV95cUxOc0NEb1ZoSThOYXFucFpCNlZxTlo2X3ozdDc0cVF1RTFrRzJ4U1FkYzd1R1lLcjNiSXk2OVFtS3pQWVdtd3dncDRGYkdzR3hteGp0cTFTdlh3Y1h3RXppbzJfOURBUTd0bVBERUYtMmVEaHN4TUJvbHRTWVljZ0NodTlGUTZXNS1CRzUyX0tGWlU5Qk1WUnNoeFppVzBxMDAxc3lsVEhIRDFLcHhpaWN4U3ZzalhKZDdRX2hQTmNUSzFWWXhKQWxNck1MZFFDS2tGbEw3bkd4RWRzcjcyN2xaeFVJaTBQU1o3?oc=5&hl=en-US&gl=US&ceid=US:en,Business Today
PNB,"Tue, 10 Feb 2026 11:28:22 GMT",PNB discontinues free domestic airport lounge access for Rupay Platinum debit cards from April 1; check new rules - Upstox,PNB discontinues free domestic airport lounge access for Rupay Platinum debit cards from April 1; check new rules  Upstox,https://news.google.com/rss/articles/CBMikgJBVV95cUxOai00bmdjd3VMdEVNR0dHTUlSaGdkek1qWkdYTEtPNEdtRzRYSWpRb2NnY1UzaUc2b3ZxYXFYYmNpVkR5VXRjdEVabFA3bHR0ejZoOEFMZEtjbGZqMkhZM05pRVBjN0xub0tyUjFOb2FlQnRTQS1TdW56dTZWOWN4a2F0LWJGZjZvRzJuRmJQU1RDeG9CSWlTbXktNzZRUm56VTVEaW8ydVZvYXRTR0FKN3o5cV9DMkI0aThlMUFoVUFRSUFnb0VUTmh6S093MEdERUxtYzRzZW9DMnRXNVBneG9SY1RYR2hQTkJ0OWdfWlBGNDNGWlJaMjJNdG9HVjVWblBvTkZ1ZjFnMnVrR1F6NzBR?oc=5&hl=en-US&gl=US&ceid=US:en,Upstox
PNB,"Sat, 14 Feb 2026 05:45:00 GMT","Best PSU Bank Dividend Stocks 2026: SBI, PNB, and Canara Bank Report Record Profits - PSU Connect","Best PSU Bank Dividend Stocks 2026: SBI, PNB, and Canara Bank Report Record Profits  PSU Connect",https://news.google.com/rss/articles/CBMisgFBVV95cUxNdS1KVTFjc1JVaC1lblpCbkJwVzV2NC1ORy0xX1MySTNCVkNOQ1BVbTNhUWhMREhNRnhLaTQyYkowNk4yd1JoMHltdzdMR25fcUZ0bGZqUk5hdGNkWG1pcEpDb1ZhM1Y3LXRPcVlIUFd6MlFnV2duZ0t5TzVRZFpYUk9aeWd5ZkhzQlg1VXZvWF9fMlJxMXhQUUoxSVItRG1Sb0I5TXp0MDFpODRKR1o5Y1pn?oc=5&hl=en-US&gl=US&ceid=US:en,PSU Connect
PNB,"Sun, 08 Feb 2026 12:19:50 GMT","PNB, Indian Bank, Kotak Mahindra Bank, And Two More Revised FD Rates, Seniors Can Avail Up To 7.90% - Outlook Money","PNB, Indian Bank, Kotak Mahindra Bank, And Two More Revised FD Rates, Seniors Can Avail Up To 7.90%  Outlook Money",https://news.google.com/rss/articles/CBMi7gFBVV95cUxOSkxZb00td0hRMFpHY1ZSREN6VEdFbG1yOXRjenF1ZUpHWl9xNGlDdXZGZTZHdWJQVXBodHJvNW9pOU5QbFcxbTRZUnVfSENUUWlPcm04ZkF6T240WnppakxWWGY2THNGNk1OOFNpckVPMWxsSHIyOWd6R09CUG9ERENSaC1TZF9oaUxXRmZmbExvZ3ZJMTU0VHBWZEtGaUxxWDZXX1BpZC1JMkVuVE1wRXd3d2VhbmFycnl0NVBMMDk3MTRqNTV3Mm9scUtILVBFQ2NreHFNS1JVLW9rTEJSaTBTcEQ3UVJEcUJuQkl30gH7AUFVX3lxTE95SkpxOEgweTFLRk9WaWl0ZW5id3FrcnY2NzhBUkdzQk9NRGE1RDFnQnRabjdkTG5MTmdXQVdKRFBJNjFxRjRTTTFxaHlrTlE4c1UzbVM4QklLWFkxbEZkQ0JyLXBkTVVvdTJZZ3MyRTFaSGh0MnJYUGZDb2pjTmN6bGFmVGs2R09xVmVua09iRTRxaFlFT1RVNHRTZEs1WG9uRVZSSElOelVIUU44UkpMZFZEeEhIcUdzeFVLR19taUpHWDFxcTBjNm82N28yMEdJOGwtczlrdXZaYTNRYWlBWUZjWDkycmhlOHd6UHpqWmhHVUFtMnZRTU9v?oc=5&hl=en-US&gl=US&ceid=US:en,Outlook Money
PNB,"Thu, 05 Feb 2026 08:00:00 GMT",PNB Gold Scam of Rs 6.50 Crore: AGM Explains When Victims Will Receive Full Claim and How Gold Will Be Paid? - Patrika News,PNB Gold Scam of Rs 6.50 Crore: AGM Explains When Victims Will Receive Full Claim and How Gold Will Be Paid?  Patrika News,https://news.google.com/rss/articles/CBMi7gFBVV95cUxOT3FjZkNIdXdodzJ4SVA5c0E1eEMyUURnSi14V2RwZzFZUVhrdml0LUwxZExacEJsZVRsNDBNa0RibzdoNlptbWN4SzZqb2FkQ0plUlNLTzRkUjRYbWpNTW9GSWlHZXZ0R3FXS0FWMTFhU0VuRGtrbkVSS3BYSGU0eTE1MVNpWFg5eEd2N2NFVlhwWl84b1QwTzYyWW5sZGFqa1hJbTJEcXFPWEFrSHA3Y0VPMk5CQU16NThDM3JLOUNLdUFnb00zNldQZzAtYkMyM0FDY2p2MHNiQUN3dTRKU3ppWkdzQVpEWXZKQWln0gHzAUFVX3lxTE1qUExlM2JhX21zQ3hZYjRJcEd1N0sybUV1S3VTUEpQb19CdTFHbnNWQ2otRmMwNFZsLURQcTVZUGtVZGo5X05LUHc4eERIWGJnSTRObm9BV3dKUkZSdFdLWlFYcHhlUnc4WlYwVHhtTDlOdkp5U085b05haUQ3bWF4bmVXRWRWSS02RVA5Z3N6VktSYVQ5S1pUbHh6QzNsMXJ4UHVZVHItQVgwYnQ3bWJFZmNhMnRTckgwQjBfbE1OSHFoSFNucUJoWkJreU9HN0dJX1hkZ2UxWS1SVmRnN3RPalk4U2FMR283aGZIQ01EWGhCaw?oc=5&hl=en-US&gl=US&ceid=US:en,Patrika News
PNB,"Tue, 20 Jan 2026 08:00:00 GMT",PNB MetLife launches dividend fund linked to insurance - Insurance Asia,PNB MetLife launches dividend fund linked to insurance  Insurance Asia,https://news.google.com/rss/articles/CBMilwFBVV95cUxON2c2TFppS08xZy1qckZwT1l2a3FKYXBKRS1ENjh4SUJwOHdOcjhYZ0YwTXN2MDdsR0sxUWRITEJkV0RUWVM1cG9qNTU2eU9LVkNVdkxtQUhyQ1k2OHNnX0pRMlR5Y0I0U3FrZzRBNWRpdHpaMzA2UmJPMVZCQldMek9KYnVZUTQwbVBCbTE2LWdEdWdHSmZj?oc=5&hl=en-US&gl=US&ceid=US:en,Insurance Asia
PNB,"Tue, 03 Feb 2026 13:54:31 GMT",PNB Signs MoU With MSC India Consulting - fintechbiznews.com,PNB Signs MoU With MSC India Consulting  fintechbiznews.com,https://news.google.com/rss/articles/CBMijAFBVV95cUxOWk56Umgyd2lEdzdLLU5Ccnl0SnYyZVRDa1FYQlFZWTVXa0xweHFWdC1VaE1zWmluNWtoeWdIYXh0WVVtVkhJZ3hTZC03TGFFM1NYUlFUc1duWnlLa2Q2NTNoVXFsM3lOSEk5NW5WUUF4MVR5Rlp4LUhrOVFHSjJxZ05NOTcxN1VFZmFZYQ?oc=5&hl=en-US&gl=US&ceid=US:en,fintechbiznews.com
PNB,"Fri, 23 Jan 2026 08:00:00 GMT",PNB Housing Finance Q3 FY26: Resilient performance in a challenging quarter - Moneycontrol,PNB Housing Finance Q3 FY26: Resilient performance in a challenging quarter  Moneycontrol,https://news.google.com/rss/articles/CBMi6AFBVV95cUxQQWRoeXBGaVJyMGM0WUZuandLTzdTY2RTM0J6UjhGZC1ydkl6NE5qa3l0Yzk3VmpfN2QwUGM4Y2JveDlwd2Q5MEJvbzhhaW9GTmV5WUFHOHBORWU2dGRhXzRWQkhnMFQ4WUtIcU0zSjEtanF1ZUxTZW9YX1V3N29INzNKVl9vTWV0ZjFEVmFVSlRfa2docDN2NDloRmJuUXB3aG5DMEJwWjNlelctaWpnVFFYN3VoRUlVYkxEMzkzVVh4a0lzbHVLdTljcTRTRkhOTjV5UEdocFplNWE0Z3pmSTVQcnZNY2lQ0gHuAUFVX3lxTE5qZnh2aDV6Nmk5X1JkejFTXzBOekFQd0JxTUlOMlMwWjdhUnVBMUlCOUVnSUd0bUxDWWdlMTZTZEQxcHdLWUdKd3pPSFE2Zlk0Y1diWW40SGFuajJRMkRzOHBieW9mTUJ4WDZRcUE2NGowaUp1YVRyRWpDNG1ERTNkLTVZWm1ZX0hjcmNlYnpsaXBpeEJvVGF5RFB0QmQ0VS1XZS1vZkxBZVp6WWk1MnE0bEpJeWJRc1dUcnIwbDh3YTdWVE9KZzB1VXNaa1QyMEh0cWxCbVRtRHRpTy0tcjZVNUFGSmZOM1JvUVJzRUE?oc=5&hl=en-US&gl=US&ceid=US:en,Moneycontrol
PNB,"Wed, 21 Jan 2026 15:27:01 GMT","#PNBHousingFinance Q3 Results: Net profit up 11% on strong retail disbursements, stable asset quality #3QWithCNBCTV18 - LinkedIn","#PNBHousingFinance Q3 Results: Net profit up 11% on strong retail disbursements, stable asset quality #3QWithCNBCTV18  LinkedIn",https://news.google.com/rss/articles/CBMitwFBVV95cUxOZEQtNkJyNXdZUUxTTUQzUGRDc2xVdDR0VTVHZWhHU2xLeG10SXlkRWJoTEhtZm5VY1Q2eWNoZV96NlNjbWx6a2VVR1JOMU4zeGFjd2JxNmFIRG8zNHc3UDlUSDZMd1hwT3RneUo0Z2F0cjU5SUJvaVlON0JLaGNkaDNWaE1pN2NHeXh6ZE9DZ0Z2bmMtQjdhSDJNYzhKWW90Q2h5WGdjQXlRS1Fsb3NBWFhnQV82UG8?oc=5&hl=en-US&gl=US&ceid=US:en,LinkedIn
PNB,"Sat, 07 Feb 2026 07:46:19 GMT","PNB announces apprentice recruitment for 5,138 posts, registrations open from February 8 - India Today","PNB announces apprentice recruitment for 5,138 posts, registrations open from February 8  India Today",https://news.google.com/rss/articles/CBMi1AFBVV95cUxQc1N2bXZ0d1RLMjJteTR3RWI0TVZpamlFbjZQWE5ZOHg5bDl5bFd1eXZxWFdfb3Y0Mm1USFdOTHQ3MUpWekJ2eGhsczNwaXdZV3ozd1JJZi00V1gwc0U5bmkwaGtrVWJLUFJSV0sxblpmOW1jWVJmY2E4YWpOSHNicFh4TE9Pd0E2RlpTcEFZXzNLdFltbGtjZ1A5akxQTk5FNWowVUVsLV9iaEo0SS16LXZzVW9DUnNYREVDTG9tNDI1UUc5OWtrTDJ4aEtWUGFVR284Vg?oc=5&hl=en-US&gl=US&ceid=US:en,India Today
PNB,"Thu, 22 Jan 2026 08:00:00 GMT","PNB Housing Finance to enter emerging developer funding business, re-start construction financing - BusinessLine","PNB Housing Finance to enter emerging developer funding business, re-start construction financing  BusinessLine",https://news.google.com/rss/articles/CBMigAJBVV95cUxOcTUybnhkR0VwVlRmcV9qcFpjUkk5REQzbUFvc0pPS1lIZWJrNFRrNnRucUVJQ2ZKbWZzQjF6T3pMeEFWNlI3U2pfWXpLeGFzcDNLV3puV3V1VDlDTlVETlZUUDlnUFEzQXBrcy1LOTFqUU1rNE9ENUIweTVMXzREak1ZMUtSSVNtaEw4bEVFeFBPV1AxSVlYYUhRRkF0ekZLQXNhSHAtTDhkc09CTE5VU2paZ2tkNmF4b3NNbXNFTEZyUVkyNlpiZ1hJcjR4UkxQUW1RR3hwR2pXLU12TzJtdG5ZaU9Zd3JjM1FEamkxUXRzdlRBanJOblB1VXRTQi1F0gGHAkFVX3lxTE94YjBwT0hqVXZPRkkxOGhwN0dsVk5qcWJTVkI1bllkNzhra3JGS0x5cWdGeDMxYjFXYW1KVWJGZlFNS1o1US1BeklCeWR4WFJmQTN2YVJ0YWxZLWszWnczMy1sY05OUnpxUHJQbWxOZUlPZEgtVGRqaGozNWVkdW53S2FoWHIydUZfVHcweUpLR1NKMXpfMW9Mb2xHTm9acmNFWmJaNVV3MDh2TnM4d2dZUGQ0anNHTE9jRFM1NzFXcmI4WFZxVXVoeWMzbTdDMXV6RmMtRFNjeGZOTzktSllNeTNCcGd1N0VOUUE4Tkl5TXhSWnZuVkpfbFdwRWcyTVJXUWJjcHpN?oc=5&hl=en-US&gl=US&ceid=US:en,BusinessLine
PNB,"Thu, 22 Jan 2026 08:00:00 GMT",PNB Housing Finance shares in focus today on Q3 earnings - Business Today,PNB Housing Finance shares in focus today on Q3 earnings  Business Today,https://news.google.com/rss/articles/CBMiwgFBVV95cUxOVjEzajVwdnZHcWhsSV95bkxNZzJzY2dkRktEZ2cwX3hkRW9rY2oxcVNJTG5qOUQ4XzVzNXdrajVVSlY4VjJDcC00NWRBQXZXakVoMDBCalBFdGpnMTVWZWp1MTNZaHlLeHVxT2JLMHhkSXAzLXNrXzFQRWZQd293aS1sVjFBb1JlZE9fblNVZlF3ZG1sZ055dGxaUVhQOFdvekdmaWRlXzVhRVFDdmdSdTE5Q0t4R2pOYXdpU1JMLUZ4d9IBxwFBVV95cUxOT2h5S2NCSlZITnF6THpfOFEtbGZKT2wwOVJ1MW1xXzAxMzhrNlJxaTJCdzRzZXJKTDR6bUU4dF83RGNyVEdteUd6VmZGNGF5ZktQZ2ZiQWxUQlRyY3B1NEVlOE1wUXZmRGViTXhpUktQcktac0Nub1Bid282OU1yb2RZY0lKS0hGQkJzQ0NSTjJXSVUwXzNYeUhsV3hhcHdBRVJFUTJpZVVxMkdwLTMxWFp1ZXFyWEJKU3dsaXRXdWlXUldCV0xZ?oc=5&hl=en-US&gl=US&ceid=US:en,Business Today
PNB,"Tue, 20 Jan 2026 08:00:00 GMT","PNB Shares Gets Target Price Upgrade From Motilal Oswal Post Q3 Results — Check Rating, Potential Upside - NDTV Profit","PNB Shares Gets Target Price Upgrade From Motilal Oswal Post Q3 Results — Check Rating, Potential Upside  NDTV Profit",https://news.google.com/rss/articles/CBMickFVX3lxTE9wX2NOSF9VSDFWSHZxSUoyU0piSldhQUVSQnF5Rng5c3E4X1JmeWJ6eV91N1oyV2JYT2VweVFQTmNmekZlNk1wdGV6bDQ4c0xkdnZqTy1WOXh3VkZDTXNFd0hma29zRUhMYWZBVGo0MnBZZw?oc=5&hl=en-US&gl=US&ceid=US:en,NDTV Profit
PNB,"Thu, 22 Jan 2026 08:00:00 GMT","Deposit rate repricing largely completed, more transmission expected in Q4: PNB MD - Moneycontrol","Deposit rate repricing largely completed, more transmission expected in Q4: PNB MD  Moneycontrol",https://news.google.com/rss/articles/CBMi0wFBVV95cUxQbU9KblRja0hvNjhRUGFSN1NRZGs0bU1YbFdLZ0dVY0NwVlNpQ2hfUERnbEE0eERwS1FQSllnSFR2cmc4Tlg5MFNjekdmejFHZzVlUWE3VmdkOFp1YXNTSC1zLWdfQ3NGQWRXaFNZTnhiRDBkLV8wOXg4Q1dGQ3AtQlZnNUVULUdaY1FfMUZsQWVZVmxxVjZoOXN5Z2FEcWFCRkl6NlRfUFhnUnFZTk54bGJvMUtvcXlCY1pPUWdHSXl1UktVVTFJZEFIa0dqUE5FbHk00gHYAUFVX3lxTFByX1JSX2taT2hfaUE1aTlEZjlNd05UR2d4UUNLbDdlV1A0dE5hekJTenBhaTFPMnVGRHh5Y3FFd241cENubHB0NTA5QWtramdEQ1d0SlVCTUhXZHlHeEQxSVNRRTZVdjBiZEpTb3E5czVzbVZXRVhHUVpMejhrM2twWTdHa0JLVG5wUk5GNHppemRUcFM0RFVGTG0yUkF0UnR5VW5pdUNBdVRzMWEzT2ZfTUNHa09JSEdqbEdacUFfSVBTdThrM3h1bEpYZmlQYWpzOFZVeWR4WQ?oc=5&hl=en-US&gl=US&ceid=US:en,Moneycontrol
PNB,"Thu, 05 Feb 2026 08:56:25 GMT",PNB Credit Card On VISA Infinite Platform - fintechbiznews.com,PNB Credit Card On VISA Infinite Platform  fintechbiznews.com,https://news.google.com/rss/articles/CBMijwFBVV95cUxQdjd2NzJKVDlWNUJIaTRJaVBrN21IazFscnpVVTIxdWI5eWYzTWJsenQtaU5RR0p0elloTVJXMDNtUUowX0pzeHpKaGV4eW9obVJUQUh2Y2JER1VhVWpOQ2hpNFNXUjQzWTNRa2VTRGhuVkJDQU56Z1RrLWRzSnpIY3N1eEZiSEtQYjRzdXoycw?oc=5&hl=en-US&gl=US&ceid=US:en,fintechbiznews.com
PNB,"Tue, 27 Jan 2026 08:00:00 GMT","Nationwide bank strike on Jan 27: What SBI, PNB, other bank customers should expect - Greater Kashmir","Nationwide bank strike on Jan 27: What SBI, PNB, other bank customers should expect  Greater Kashmir",https://news.google.com/rss/articles/CBMivgFBVV95cUxOTlh5OW5uWUZjd0xONk1lRWxkMm52Y0ZVdTZiLXQ1bXRCRE1aRWQ3STZWbVI1ZmY1bzc5ZERUMUh5cmJSdy1VV18zdXEzWEpUQVE1Z1pPZExES0J4TVFBOHFCQXFfUnFEbVpJc0lPTVdWcE44M0IyZjltRkFseThsbFFHY1M3UXlXZlNDVVA2a2o5bHp5TFAzWXY5Mlhyd1hYRXhBalhpMjFWcjNtdm1EQi02dU5tYjliR2Q4Nk9n0gHHAUFVX3lxTE1PSFR3STF3NWt3akJJX0diQnloOTAtV3ZTdWNZQTliWTZwRGN6U0trbjg5LVE4QzgwdGdmR09RQzZKUUhHMzQzWkFwVWJVd0dNQzdXN0t4aVBxanpHd2M2MUVleW93UUR1TWJzNTlUT3NNb2wydjVyMjhPRkJmcWJfVWNwS3l1cXg2cTc5Y19kMzcwRTlHYUU4NElYa0VhbGxNNlRGeWg0bGsxMHRyZ0x0aWxFdGpZWnowMnFibVhzMExIVVR6QUE?oc=5&hl=en-US&gl=US&ceid=US:en,Greater Kashmir
PNB,"Sun, 25 Jan 2026 08:00:00 GMT",The PNB Housing Finance Limited (NSE:PNBHOUSING) Third-Quarter Results Are Out And Analysts Have Published New Forecasts - simplywall.st,The PNB Housing Finance Limited (NSE:PNBHOUSING) Third-Quarter Results Are Out And Analysts Have Published New Forecasts  simplywall.st,https://news.google.com/rss/articles/CBMi8wFBVV95cUxPb0lOR3VnWUE5UWFaYUtqNzlHTDNmaEQ4UVBjQThXdVRGdFRzYkoxTXVPUFVUeTZJN2tCOHkwZjdZR0gtbl9KdG15aVFQdjRWTGV3bm8xdmlEQVhxMEJWSWlyakM5NmVlM2hHenduN0lhYThyV3drOTZkcWg1R2JyUm9XcV9XcWpZYktuLU9Cak1DV2hPTk1LdkVGQ3pBaFFUOWN5NUM5V2xxeHhsWGZrWVV0OFBVNEFBMWU3MHhjVjZmMkZTdXlFLXF3VUgyWG9WeWxlTXpFNkI3QzNqVTBBWmxTUDk0YVVPRXktMzlYcnNtb3PSAfgBQVVfeXFMUDNTanlrUEwtcS1pU1hKeFozWUJ0T2NpaWo0TW45Z2RFak4wSldpYi1qeTAyYWd1eFY1ZkVvcWZkaUg0SktTVlF4Y2FaT2RQeTZQQXo2UlFZbkRXbGZuVk1aTmtkbjNhcF9TcVhLcXRMZV9scVpobFlEYVlEcDBfVTUzQ3czTWtHWDdUUjZqQl8xamlCck9DRUtFQW40UTY3bUg0czBuQUJ3Njdxa3JBcnBkRDgtX0dsdmRzOGNyajNBbEV1cFhGSDh3cWJfOGJkWHk3c1dEUi1BVXcxQWZhZnhVZFFZc0s1TFFHMEFsR3dKOXhTdVVmUDU?oc=5&hl=en-US&gl=US&ceid=US:en,simplywall.st
PNB,"Wed, 21 Jan 2026 15:22:10 GMT",India's PNB Housing posts 8% profit rise amid rising competition - Yahoo Finance Singapore,India's PNB Housing posts 8% profit rise amid rising competition  Yahoo Finance Singapore,https://news.google.com/rss/articles/CBMigAFBVV95cUxQR3JoaElyZVlIb0E4MGR4dkZMS1g2cDNSbnRXVmZkNU1FblloaXBYN2ltUUVFU09UV3Bid3FNMnR2Y2psZFFZbjRiYUVxaDlFdHptakNXdEF5NmlOYTJvQmJzYTN6eWFLeUlFVFBkWi1nemtjQTYtWURsNUZPWkYzRA?oc=5&hl=en-US&gl=US&ceid=US:en,Yahoo Finance Singapore
PNB,"Thu, 22 Jan 2026 08:00:00 GMT",PNB Housing Finance shares sink 10% despite profit growth in Q3 - BusinessLine,PNB Housing Finance shares sink 10% despite profit growth in Q3  BusinessLine,https://news.google.com/rss/articles/CBMiwgFBVV95cUxQcTlyTl9ZXzdVSE80ZXNxbXZNei1qSFZSQVNnclhDYk1xWnhuN3U0a19rMmxHZVZ2OXltTm83TFVTdU1IbmZFbS0xTThoOFlvVXg1NnhxY3BaM0dUVi1RTmxnVld1SGRvd0tjYjF6eHpsa3A4RzJNVVJPb1ZmMzZOMUQtbGRaNGdRWm5tYVdSQzZqRGhaT0VmeHU4M0dham02WG9yN1dzbjNFdy1zTjNkemtDSmx1ZTJnaXItTWhidnBJQdIByAFBVV95cUxQOUdTUDFNUXhkN2ZpUXFxanZIcER6R1duYnhEY3lxMVVBdXR2OUxHb1I4WjVieXZTRWN1TXh3VVBaQTZkejRSUGVGNnNxb3YtckRndFhIRkZ0UWpGZUlJa1NFZFI5aWJGUFlHWEI3aWZ0R05UWDNqRnBwVGFJcHg2YnNKUzZTSHJfTGhVTjhBdXl1cVlDcGlkb3pMZDV2UDdmTWZGYlcxMHlfRGNYM191ZEdMU2dFZHpIZ2RKRWZEWTE2UDVFOWhWcA?oc=5&hl=en-US&gl=US&ceid=US:en,BusinessLine
PNB,"Thu, 22 Jan 2026 08:00:00 GMT","PNB Housing Fin Consolidated December 2025 Net Sales at Rs 2,119.02 crore, up 9.13% Y-o-Y - Moneycontrol","PNB Housing Fin Consolidated December 2025 Net Sales at Rs 2,119.02 crore, up 9.13% Y-o-Y  Moneycontrol",https://news.google.com/rss/articles/CBMi5wFBVV95cUxNV2lpQjd5RUttc1loblVhYlFhX0kzWDZzZVVwUnc0N2Rpa1g4TnNzbXBidWh2cUJaUDl0WGEzZ0hNVVI5Z1dQRXFyTXIwcEN1d2ZOaEJJVmJMbGo2S2JPbXRqWlcwNDdJMHE0eFNtUF9zemdjRHVLQmRYYTV1cHVfUUpUZGVmZjlxQm5yMmZqYjFTWTZmc0dGd0tRNWdmUVg4ak84Wm9naUdEb1ZKdUdrSFdfUThyOHJNRFJuTzk5andHcWxya0JaN25pVGFDNlZiY2dDVWU2dGZacTRyQnlBazlMajZRam_SAewBQVVfeXFMTkw2b2xmN3ZLdmhlcUhKNjBVNGVtNWZYeTVqdHdsWE9FbXEyMTFaU2FCWHBMYTIweFpsRHhaTHVjZkhETEJhLVpZb1ctTklucm9fMmh6OUNQemljMFpZRXgtQjhwM21fTm04ck1ob1pOSExYZGVpb3d5YWhHUWd5N3BFbE1lVjlQRjk5VE51VHdsNnVmXzBfb05ZdmhEcWlpTTJ2VUtPaGgtZFdlXy12SmtnQ2h2N0V0SVE5d2wxdGpGa3ZnSGtoLUl4eXZpdmF3V3AyQjAxRmFoQW1TUldUUFdtbGpuOE9IM3hZZWg?oc=5&hl=en-US&gl=US&ceid=US:en,Moneycontrol
PNB,"Thu, 22 Jan 2026 08:00:00 GMT",PNB Housing Finance Retail Loan Book Grows 16% YoY In Q3 FY26 - SMEStreet,PNB Housing Finance Retail Loan Book Grows 16% YoY In Q3 FY26  SMEStreet,https://news.google.com/rss/articles/CBMinwFBVV95cUxOZkF5WTFWWjJuUGx6MlFpSHYwOTRWTmhOQnFEaWt1S3ZsUmR6bFViQ3ZYUHVfbjZiR1NyT3hOUzd5Z1ptWkU3X3RNSDEwUWpmN2dZWDVZOWg5cGhQNllnbTlMSGtzNWZPYU02UTltNXRYTDNMRmw2QVQ3cHVzSlZWMVYyQ2N3R1lHa0VyQUNCWFRSUWNqazZUMFNOeGg0bzTSAZ8BQVVfeXFMTmZBeVkxVloyblBsejJRaUh2MDk0Vk5oTkJxRGlrdUt2bFJkemxVYkN2WFB1X242YkdTck94TlM3eWdabVpFN190TUgxMFFqZjdnWVg1WTloOXBoUDZZZ205TEhrczVmT2FNNlE5bTV0WEwzTEZsNkFUN3B1c0pWVjFWMkNjd0dZR2tFckFDQlhUUlFjams2VDBTTnhoNG80?oc=5&hl=en-US&gl=US&ceid=US:en,SMEStreet
PNB,"Fri, 30 Jan 2026 08:00:00 GMT","SBI, HDFC Bank, PNB and ICICI Bank changes kicking in February 2026: What customers should know - The Economic Times","SBI, HDFC Bank, PNB and ICICI Bank changes kicking in February 2026: What customers should know  The Economic Times",https://news.google.com/rss/articles/CBMixgJBVV95cUxPVF9CTTU2U2wtcUNpUmt0XzRIaUc3UzZ5bG51MEJuY0k1b0NkcXgzTzRlaHZ4VG1WMUctRmhzYWMwZXY0cmNYRGhNeTBiMTByR1BvMnV5SWpPNHVNUDRFU3ZMLVo3dERFa3J3SS1xVEFucDUzTWNjZ1pwbXpjazJzUm0wSmN1LTc1dlpxR2NzbGNLSkV6cnh0b01fd1VZYmlDZ21oUVZ6OWdWbHlnaGs0c21VWjU0aGZLZmxIWFhXTTViOEowXzNGR1FfVUJqZVVJT0NEM05wTUE1a3RIM21BaTZ0WWtsaTdJemxNYmNqZi0wcGNTczdYZDZmUG00c2xvbWFLNFdaZG5ZTzdXb0NXTENEdmZDOEI3dkltM2twMGdkc0lBM2VSeWNoVnh6c0hEcjBhM2E1eGNpYnNGaEtaSVgzcDM1Zw?oc=5&hl=en-US&gl=US&ceid=US:en,The Economic Times
PNB,"Fri, 13 Feb 2026 10:49:58 GMT","Bank Nifty declines 0.9% on profit booking; Canara Bank, PNB lead losses: Check key trading levels - Moneycontrol","Bank Nifty declines 0.9% on profit booking; Canara Bank, PNB lead losses: Check key trading levels  Moneycontrol",https://news.google.com/rss/articles/CBMi8AFBVV95cUxQY0ZsdmJjeGxnRTh2cl9nQWdBZjlGbHJTRzM2UUx6WGM3M1NfbVk0QmdyMV92RDFuQm5GV2V2Z0s2cWJlcWxMekl1UVIyQl9ocUdlb2otclFvLVkxcnd1dm5JczhvQmR1R2FtdUUwVUxBUTRpTDZmMGVYVXRDWThuanp1ajgzdjEyd2pGM1g2UHVlQi1JYzdXaktObUMtcUc2XzJoOFVlR0NEcUtXMEk1RG5lU0tfQ00yQVdTcmpSb3ptRFhEMDJFQjh2VVBMMjdLU1UzQjdNSHR6UnZ2YVpmcnRMbTk4X09OTkZka2RrZ1_SAfYBQVVfeXFMTV9wSnZvSzBFNDYwTHFHeFlfNGFhVHh1X1VKN3JUV3owRTlPWjd3cGVqeGtMVUVHNnM4VVlHUXYwV3o1U3pxTlBBTmd6Wnc4aUc2QUNYdHNVY2ZfV3gybEVmb1JqTUxEUW5JZklBemg2aDFyclNYeTBCUGtXMVdYMUFzYTlsN1FnUEdlWTBCV3ZxLXA5VzJpQUwxNy1zM3p1Sml4Wl9PTG5jMHZFcWlVMENVU2NXcVUxRXlRNHl2QXRwWG5nTHBOZXlidGh2R3g4VDZoSDNJcUdFSFRUS1dXOEpDSWs2SldiZmhCNGZPdFBBeDRUbFp3?oc=5&hl=en-US&gl=US&ceid=US:en,Moneycontrol
PNB,"Wed, 21 Jan 2026 08:00:00 GMT",PNB MetLife launches dividend-focused index fund under ULIP plans - CNBC TV18,PNB MetLife launches dividend-focused index fund under ULIP plans  CNBC TV18,https://news.google.com/rss/articles/CBMiwwFBVV95cUxNdDVtM3NkOFMwaS1KRklia19BdWs5ZjhCU0RIZ1UydXhESFdXOUxwV0lsdnBydGxXTlZreDhvVjloY1VTM3U3THhoT2RRTXNpR1gxSEo5eXNmNTdaeXIzRmQ5bEtldzdTN0pIZng0YkhPbTRkX3ZHUXk1ZWRPUHlabzhYTEQwTm5VT1RmRHVpREE4SWJ5QzN0LXY5bkU2NHJoaXR1TnZOMHF2bFlqWFoyYWM5NkdKTFNfTmlCUDZOSWQ1Q0nSAcgBQVVfeXFMUEFHamxWM2VzTm1mZjU1b1c3RTdGTU9SYUw5TEE3ZUpmU0R5aTIzLWpVYTZoNkhGS04wRlh6eUVvODR2Rk9iVnlReDV0ZzhzM2tzcDFDcDUyN21CWFY2SG9YUy00VmlTWURuT25rTVo1UkhNOGtJRUxTQ25fc3FEZUx6N1pRcHZtdVNHSXdFNmxSaUN4SW9LVzM3Wm16azJpb0J2UVpIZU9peExaWnZvRUtsOXVQaURPeC1CNUctb29JUDNXM1NVQzY?oc=5&hl=en-US&gl=US&ceid=US:en,CNBC TV18
PNB,"Sat, 31 Jan 2026 08:00:00 GMT",PNB inaugurates Manikonda branch in Hyderabad - Telangana Today,PNB inaugurates Manikonda branch in Hyderabad  Telangana Today,https://news.google.com/rss/articles/CBMifEFVX3lxTE5OQ2xtbGZuT3lKTzN2UFdPWTdmdVo2emtPR19lc1Q1MlA2Q1gzQXNwOXZBT0xDYnU0QXdyVU1laHVmOXZHRWdmSHA4TzVwczJDWnE4ZmE1NEFGR3ZObUI3UUlrelpXUHFHMjdXQWVtRVZzNWJTejJGRXA1Ykk?oc=5&hl=en-US&gl=US&ceid=US:en,Telangana Today
PNB,"Wed, 11 Feb 2026 11:25:40 GMT","From SBI, PNB to Suryoday Small Finance Bank: A look at latest FD rates across banks - India Today","From SBI, PNB to Suryoday Small Finance Bank: A look at latest FD rates across banks  India Today",https://news.google.com/rss/articles/CBMi2gFBVV95cUxOTmZQcG9WWHdRMUdqOXZ3R0hxUFFWbDVCVFpWbUFwMi02UlYxcGI1THNScUhLWXBUUDc4Q3ZUQ3JhWGVYRk13c0VDdmgtQ1hrVDZpemh2VGhNRVlFTUNnelVoaGIxZGVGR203dy1sSVZtVkNVdWEtRmY1eklBTlotUG5BcmpJdThROVNJQ01ZdUgtVjBIV2tGWVgway11bEpEZHh1ZmpZU1pRS1VPcUdzeGtVcXlCVzhYdy1HSE5ydFNNT25ZbHpQRGdkT0hJRHR5RWpYRm5LWEZWd9IB3wFBVV95cUxQbFB6bElrSDBIcFJBNFM1SkZkYUJVVy1oLWN1NHVzX0I1N0RQMlJ6eVoteHM5WXJuZ1ZCY3NDQ3FNelV4MC16YzBPeExnQjFBWmVJdnFzWkRndjdxZ3FGaHJxX21MeFBROFJ5VTA3SnIwcTFYLWRrOER2TnVIVDBubHBHQkFwamN6SEhCeDFINUgwLW1aTG9LTGVhNi1ZSkVmTk9Tc2MzSUpUQWt1OG5vXzROSUN3R2hYU1MzaWdKSllQOWFnOGtIUEhmR1JrUm16REEyaEZjQkQ5S1NQcUo4?oc=5&hl=en-US&gl=US&ceid=US:en,India Today
PNB,"Tue, 20 Jan 2026 08:00:00 GMT","Stock Picks Today: LTIMindtree, PNB, Hind Zinc And More On Brokerages' Radar - NDTV Profit","Stock Picks Today: LTIMindtree, PNB, Hind Zinc And More On Brokerages' Radar  NDTV Profit",https://news.google.com/rss/articles/CBMitwFBVV95cUxQODdjQ1JqTFd6cmVoRUt4QmpCZFlzcVg0YS15UjFOZ1BvRzZvcE9iSzAtaTYxdXJTQWdiMTA4am13QldWVWNwR2xOOGVRS2tyeF93T0drc3hPV2ExUjZHTjRoMExhWnMxZFBlR3ptMnRJSlc3Q2p2RnZ5QWp1Vld5UEtVWEVxZEJGMVdpODV3X2ZuYjRNX3VtOFh0TjNHWlFKZzBCbEY5LXVLUGh4RDJHZmtBdmQtejTSAb8BQVVfeXFMTktURXMzT3lpYXJ6ZFpnQnl1WTlFRzFlWTU3SjU0THpMazdKVm84ek9fRFc5ZUJmZGZVMENvejNlWVNkSllEZnduMXJSTXZkR0JHQnBSdnNFaVVWNnBWQ1VrNmNjRThSdWV5c09SekMwRVlHdEdrbjNsSmFiZ2x0Si1EZzRhbFQwSmhrTFpTUGNCVHRuWTNmT1YzUnBpbjc0cjl0TU43RE9nOXlrZS14a0ZPdnN2VzV3eWdWQllVWjg?oc=5&hl=en-US&gl=US&ceid=US:en,NDTV Profit
PNB,"Tue, 20 Jan 2026 08:00:00 GMT",Trading at 1.1x book: Is PNB a ‘value buy’ after Q3 results? - The Financial Express,Trading at 1.1x book: Is PNB a ‘value buy’ after Q3 results?  The Financial Express,https://news.google.com/rss/articles/CBMivAFBVV95cUxOVTdxYVlJMnlqTTRFSkZGczZLUXA0VnNNMUYzTllxMUFsMG56QnFsR1pyVXF0UVRwWXVObEFia25iSWJ5UmN5RGN5Vmd6QmhnUXV0ZDdQc1ExUk9Va0JpVGhJc3B3ZnJOS2R2b3ZzRmNidUxVYmFLZFp4cUUzcHlJRkNRNmhHRHdqRExOakxMcUJ2XzhtUERtclltY3lOOWVldFpUa3V1VTE4aEpVZko5LXgwcTBWY1R6V0JYUNIBwwFBVV95cUxPNDN2cHVTXzlfWXBRR0hIMWkxdUxSTjdvaDJvYll3N285ZWgyVDJsRTJvdnV2MHRyUUIzQmFuWjdTOXp6dGt0a2pxRE5KN0ZRNGJoNms4MlZJb3NGQkgxanIyY0JKcEhxRmtlelJid1RIdjdBSFFlSnFkbjN5MkE2MzlWbkxuM284bHZlWXF3NG1YMlFSV0pIX2hZeEJtZTlFS3BESGdhTHdUZjNYQkhZdGg2cDNWZ01fRXhhdXhFQk9UV2c?oc=5&hl=en-US&gl=US&ceid=US:en,The Financial Express
PNB,"Mon, 19 Jan 2026 08:00:00 GMT","PNB net rises 13% to Rs 5,100 crore despite 4.5% fall in NII; stock plunge over 5% - The New Indian Express","PNB net rises 13% to Rs 5,100 crore despite 4.5% fall in NII; stock plunge over 5%  The New Indian Express",https://news.google.com/rss/articles/CBMiygFBVV95cUxPNndLS2haeGNXNDZhaE5uMGlrYzBNS1UxQlVHRGRuMEdSaDQ5QUdUTUFWeUhlQ09DV0FRa0g0MDkwWnFkZjFqcl8wNGtuTG82OXFSX0tjdWNHM0I2LVk0M1hORnk3Q3BjVFFfS3EzN3RCTmRkMGN5MjJsSUVuRHVMcEtWUzNWdnBOSlFVWENaNXFqa3QyQ1NIOFYxejFlMkpRSEFGZ0pMeXpCaVhFMjV4Q28zWmNjeW5YN1kyZHpwUVJ1MndEa3NVdmtR0gHXAUFVX3lxTE04S0RzT041T2F6TGN6dzBHRHdUaFRhZmZfQVM1OG4yb0Vrck5HMWhtcklNajc5aTdrWllJakdCNnN6bU9qSkEtSG1KZHFHM1RhSmhhckhtOHdvN012a25DS0ktbTZ0XzRBVXJrNkxoRmhsVy10WG5pbmlFSzBXVE16ZVAzekdyVndyM1kycjQ1cjBkNkxKWi1ZaFJrUmJkN3c3aHhCdUNGS2ZwbkxqdHJMX3VKRmY3TUt2ZldqNTFKbXVfcXlBaGIyTmRhdUVibVRXci1JenNR?oc=5&hl=en-US&gl=US&ceid=US:en,The New Indian Express
PNB,"Fri, 13 Feb 2026 10:43:08 GMT",PNB Announces ‘PNB Soldierathon 2026’ Ahead of 132nd Foundation Day Celebrations - Adda247,PNB Announces ‘PNB Soldierathon 2026’ Ahead of 132nd Foundation Day Celebrations  Adda247,https://news.google.com/rss/articles/CBMitAFBVV95cUxOWGtZM19Gb1QxVGs0Uk5kTUZjOGFZRzNCZlVVUG1IOWh0LXFtUlE1WEpwLXdpV2FFX2tlU1RMMWtKNnFPdV91dHNnMThid0RXNThNazF6X2diUWlWUmg3Zm9WRTBfNEwtMl9wUmVDaVV1Z0dmMjUtaGw2c3N1bVZvaEMxS21YdXdOWF82SjRFbjM1REJXT1J1U2FxQm5QcHZuOGVJWTZhY1FZdjE0dE1vNDZvWGY?oc=5&hl=en-US&gl=US&ceid=US:en,Adda247
PNB,"Thu, 22 Jan 2026 08:00:00 GMT",‘PNB Housing to scale affordable business’ Q&A with Ajai Kumar Shukla MD PNB Housing Finance - The Financial Express,‘PNB Housing to scale affordable business’ Q&A with Ajai Kumar Shukla MD PNB Housing Finance  The Financial Express,https://news.google.com/rss/articles/CBMiqwFBVV95cUxORGR0X3ZQSHMxdE8yZmhsa1dQZ05tcjVOV0gzRW9XOS1pVnlKM2ZQcUpOajdDZ0tKeE5SRTlBT3g3VnpKQmRYbDNmRVc1V0o2QUJiQzk3YVRjRVFxN1BhSnktTUFjcWlfemVBMkZSY1BCMldQZmkyN0tONWtyMjVqSWdhZFp5VG41N1NrcnZ3SVhzbWZ5ZlQ3Ylh3bTBDbUZuSnUxNzR0eW5sbHPSAbIBQVVfeXFMUFZmckhrZkNFVGdUNVBsb3k1MUNHQmhjaklBZjhZRTlwcWRxMDhmMlk1OWZWRmxPeXRuOG9XSUJ0dGFmVGZaOVBjZ2tPNnNhbzlmVXhOS2tBNWI2czNmUFhORW1iTm5GbFdyS2RkbURVNV9jNm5lcjNYT2FvMTBxZjZlNlZkRlpKQXVqNXVicTlNeG5naFhGandhdVVSUHFJVmowNThYYnNPZ1R3WjVCSnRjdw?oc=5&hl=en-US&gl=US&ceid=US:en,The Financial Express
PNB,"Tue, 20 Jan 2026 08:00:00 GMT","PNB sees credit growth strengthening, margins set to recover - CNBC TV18","PNB sees credit growth strengthening, margins set to recover  CNBC TV18",https://news.google.com/rss/articles/CBMipgFBVV95cUxQVGQ2REw5aV92ZGpEam9rMV9GRnlaU1VFeldrNGduYzJRVmN1Z0dIbUxXTUF1di1HeFFKbEVZWWttbDdycC1rQ04yS0tuMC1xVzVhMVNFM2NVNUxESXpkUXlVSjJXNE9EQmRiUHZNUllKcnNkUjlDczFQNUNnWENWcXo1aXhFbng4U1d1SVAzQVhadGJycjlKSzM1R1FadUdtSmhueGJB0gGrAUFVX3lxTE15NGJRRmxpaVl4MW1IbGk1MTk0UlI1NTFEbThLOEMwdDVPT1RPMUJ6bjFYMTFLNm03ZVhOdEk1QjVBRzF3MFpVc0lyd0hjWmhFVVFVQWlwZG4ycnF2WmFMd0s3WjNBVnRyVXZ1ZXVPQVNYemJvTklJU2RvdnVyTGRLWEgwdlc0eU9NandJR1RUSkt5OXhscTQwUUNZbFZtdU9tRElVVHgzNkJndw?oc=5&hl=en-US&gl=US&ceid=US:en,CNBC TV18
PNB,"Thu, 22 Jan 2026 08:00:00 GMT",Haryana Govt Begins Reconciliation of Employees’ Loan Accounts with PNB - Punjab Newsline,Haryana Govt Begins Reconciliation of Employees’ Loan Accounts with PNB  Punjab Newsline,https://news.google.com/rss/articles/CBMivwFBVV95cUxQVUxvNHFvbU9yUnZJM19UTkplR3k1QTNNUy14dXpYSlBwZ09jb2Y4X1lGZENzUEFfV0FjU2U4OXN5U2RjRHd3T3FaQmNabkp5VW9tWHlrcjcxY3NHc1luRi15ajdqcDZHMWR3MFdURUxYcW9VamJtUUVZdUVmdTNQc1cwckRvZGpPb0FvTDg2NUtaM1pCbnJKTVhHcFBNNk9fdGFNd1J4WmViQkhBdmRMeG1WUzBCRlp2S0RFYm9mdw?oc=5&hl=en-US&gl=US&ceid=US:en,Punjab Newsline
PNB,"Mon, 09 Feb 2026 09:33:45 GMT",PNB to end free domestic airport lounge access for RuPay Platinum debit cards from April 1 - CNBC TV18,PNB to end free domestic airport lounge access for RuPay Platinum debit cards from April 1  CNBC TV18,https://news.google.com/rss/articles/CBMi1AFBVV95cUxQdWpPVTJGdThCZEhJT01RRS1GNVZLaVBoOHItTm5wOWxrb0F1UXVxRTdiWkp4Z2luYVNGeGw3NGhhZEdyWFpVQ0R4SThUMmU1ejRlUzhtclluak1NWFVacU83NTVPZDdhaWQtVTRHa3BNQXZXbDhnOW1rMm5YcmxsOXFaSjh2dDluZm02bmdGeHZBZ2tjZmpjU05EWTZRaUdiekdFRzMzNjF6SEF5X0ZSTHFrLVpHb0NCWHRGcFAzVVFsYXJZSy1nZlUzTS1jdFIxNGwwetIB2gFBVV95cUxNR1VNYk55TWpuRzFUYVBzZzhCLWxBYk5DOV83VGU1UFdOemVtMnFLQnF0T040RERMTVVEdWdKZUFZbklwV1REMXNtbVNuUXFzbTQ0ZS1PeW41bzFqVmxXSVFLZG1NWlNCaE5EVjBMSnFaMUlFUXp4cHlmc3JOWlJsZ0hrQmVmbF90bXZ2eURmbDRhRkpUYUVtT1AxRm5wSTd6dlRnblZZRDV5ZWhIbmFUNkVBLTF2ZkZ5YmcyYzMtd2poWG8zRW5Md1RiVEROSHdrajZFWkdTdmo0dw?oc=5&hl=en-US&gl=US&ceid=US:en,CNBC TV18
PNB,"Tue, 20 Jan 2026 08:00:00 GMT","PNB Shares Slide 5% in Two Days After Q3 Results: Buy, Sell or Hold? - Meyka","PNB Shares Slide 5% in Two Days After Q3 Results: Buy, Sell or Hold?  Meyka",https://news.google.com/rss/articles/CBMikgFBVV95cUxPQ1VNVHR1eU5sa3J3YU1nYzZ5Qmc3Y0U2S1dheFB0b0tUQkZGdmt2UHRxMGllLTVtSlVrdGZvSHN2NC1MWEljNXg3ZzRBMUxrTjcwMDNHZ0dBMlpjNUhMUEZvZHRDZGhQbDBfcU96SGo0cTBNWE9obWtXSUxzR01tWmQwYTZIOS1FNF9zNkI3UDNrUQ?oc=5&hl=en-US&gl=US&ceid=US:en,Meyka
PNB,"Tue, 20 Jan 2026 08:00:00 GMT",PNB Cuts Deposit Rates by 20 Basis Points to Counter Margin Pressure from RBI Rate Cuts - scanx.trade,PNB Cuts Deposit Rates by 20 Basis Points to Counter Margin Pressure from RBI Rate Cuts  scanx.trade,https://news.google.com/rss/articles/CBMi2wFBVV95cUxNcmhURmF3QkF4SmxHelN1eGN0OTdZZENBRTVhVHNPNmxtX2JQQkRTWjd0QjlwQkFxYS1aenY1eUtGRGxmTXJxUWJLYzhZd3V0bHlUaDdBRDFQM192dTktM3JxcW14NlpBS0tmWGRnWmJQbVYzNVd2am9JUzU1VERYLUlaUVcyZkJKcGJ0MUdYVGRTUFd4cDFrbDE2NlQ3bEdBajduNEJTOXBxMU5Ma0E5MWZPWDNFbzUtdzdISGJReEFka1hjTE5yM2k4S29uc0NzUWVRU016TmtWWXc?oc=5&hl=en-US&gl=US&ceid=US:en,scanx.trade
PNB,"Thu, 22 Jan 2026 08:00:00 GMT","PNB Housing Finance plans to fund new, small-scale real estate developers - The Economic Times","PNB Housing Finance plans to fund new, small-scale real estate developers  The Economic Times",https://news.google.com/rss/articles/CBMi5gFBVV95cUxOU1ltNUViQ29JczFPRHJFOEJBYWEzN1VPMnh4M1hYUTdVSzFpMVBPZEhKaklnXzRtajd2YTVuaDI5eXBva0lPeWp6N3RYVGJ3bEt2RjJ1Vm55WlVzVVNzQVNGWmN0eFFMeWNaV2tSZ01TamNrekRSbmR6SllpTWZjam9uUGtnQ1Z0TFlrWmRFTmc2cmtuUGxBdVhkZ3JBS0MtR0toeXhuT0dJWi1BRHlpcnQ3T0tPald1Vy1Bb2h5ajJZOHZsQ1FIQVRUVUZQd3lRaHp3UktLSENSTGVYZlVvbG96RVZ3QdIB6wFBVV95cUxNQnZxLU9JQ3dBUkZuZU5uZ3M5d3NBTEdMdU5jMXNmeGhnYVdsZVgwV0hXRkpYMU5sYUJnVTVVY1JsTUcybFhKX0Fpb0ZKZ1ptRnRjaDhSZzZHMnB0eHpHbVVDNnFjbF9kMDhVRi1TWm5GYW1qVmVVM3psQUN0QmpoUmFuRUVMMk1LTXRFU2M5SFpZeG4yWnQ2RzFoUjFYUlpQMEMwR2dxeUNiYlc4OC1nRy1OY2FNVkFBWmlzUE1YQUl1NllrUVhVY2xwWkNnQ19paUdBaDd1NTcyWDJBRG5LakZITkRXRm5pX0xv?oc=5&hl=en-US&gl=US&ceid=US:en,The Economic Times
PNB,"Tue, 20 Jan 2026 08:00:00 GMT",PNB sees NIM recovering from September quarter - The Financial Express,PNB sees NIM recovering from September quarter  The Financial Express,https://news.google.com/rss/articles/CBMiswFBVV95cUxOWGREdnFfT2NPVjdQZ3F4UmhfdXVMVW9oejdWbERSdHl6TUg2a0ZlRXViY2VSQ1d1SDlIT1R4OU9POTdGSHNnS2hUeUUxTWZ2TWZtYk5BYktCYTltZEl4TUlZZ183N1diYmp0RnJjQnRWZUdXNjl5RGJCT2x5VmIzSWl3YjFvaDVhVVA1OHF4clFBVnZENXRlM2hIbk1BeTdNSHlab1NaWHdmbHFUZ0xlcGozSdIBugFBVV95cUxPd1hMNkNrVmxEWHd0N0JTSWJxZXhWVUxOY2gtc25CcW5NYXBtcmVqN2VvS2VmaGh3cXQzazl3Q1A0Y0I1N3pzQ3NvVG1HeUN5bDVIeHBSbXlfdS1lbmtXNEhwbDQ0VVlGSVRENXZ4SGNObWl6VFRBNDJiaDgtQUYwQkxWbzU1M0RNNWpXUzJyUmV3TWxXUW5WRVdvcl9ZXzl0T19jYm5DN2UxckRIVW11T2h1T21iX25MTkE?oc=5&hl=en-US&gl=US&ceid=US:en,The Financial Express
PNB,"Fri, 23 Jan 2026 08:00:00 GMT",PNB Housing bets on emerging markets to boost margins as banks corner high-end loans | Company Business News - Mint,PNB Housing bets on emerging markets to boost margins as banks corner high-end loans | Company Business News  Mint,https://news.google.com/rss/articles/CBMi3AFBVV95cUxQcnBhb2lyMHlhaGxvY2VpdzVfbXJVVU1sdW9hRVNRY0VHeDRfRzYyM3FhRWNqdnZrYlZPeGhfTG0xcklLOXRORmwyNl9SanJjeUk0amN1YmRTemIybWFIZ0hPVktDdUt6dUN5V0JpdU1kczBKYkg1bnpuMDJ5WUtqbUE1bVdtc3Jxd1poV2tlcEtldmhtSWtyajFrbnc3cmduTFA4Q1NXcEowaGxDVy10cmdJNlB2d1RES0NtVjVHb3ktZlRJRXdXOEttcHJlNGJuckNrTkN1cTRUazZZ0gHiAUFVX3lxTE94N1FRcnEtU2VmRGVIMWpoV213ZnRRT3FGX0VaMmE0Y2NOTzVvZ21KU3pMS0NYcVZPbU96UnFScHUzVHNVZm9xQnFqOS1rRTVzNEs3WGhQTlJJV09ZbDFaUHBFeDRiUlBHYWpHZ1dYeV81V0JFOEp4ZjUxRkUxSzN4UkpKUnJ5WFhHaE9aUzlDbmFyYXRXYW0yckNaRkJKWEl3RVQtSFlRNTRzWTczbjdWRmdGaG45Ty02QWlDaDZTZmxTSmVmb25YWTVERWNZZGJwbEt4anBEWDREcmIxcDdZa2c?oc=5&hl=en-US&gl=US&ceid=US:en,Mint
PNB,"Wed, 28 Jan 2026 08:00:00 GMT",Buy PNB Housing; target of Rs 1200: Motilal Oswal - Moneycontrol,Buy PNB Housing; target of Rs 1200: Motilal Oswal  Moneycontrol,https://news.google.com/rss/articles/CBMipwFBVV95cUxNQ2xCZ19XTVBMTlZxRzNRcFhQRkR1Mmdhc2phQ3BSb1VHRVpMMWc3NjdlcHllNTd4a3hOWHc4ajc3a3VPaERnellrY0NVZHppZi1FYUo0QnZSOGl6ams2SC11akc2NHRYQ3hfNGlGQUxnM3BhNmc2U1NDYXJLY2gyQmdDVGRVQ0xhUmw1dHN6RFRsamRJdXY1V2VFdlF4M0cxdGFkbDBwY9IBrAFBVV95cUxQeDdqeVlJMzJOd0FjcWVaQ3kyX3VVYU5oWWdWdUl6T3NEcm9LOEdHX3h6d25DQWNRaW4tMmlzTE9PQUVwUUtMZVdVcDZnb1hFV0dWWWc4cHFUaUNESTNDRUhVdXo0eVFaRVNrc0ZYTnVDMFU3alBiUWRYS3FkYV8ySVBRNF84Y09TMVZoNWRVd3NIamcxeFlycUJmc3p3ZTQ3cnJRSzJ2N0xTUklF?oc=5&hl=en-US&gl=US&ceid=US:en,Moneycontrol
PNB,"Fri, 06 Feb 2026 17:34:00 GMT","Latest FD Rates 2026: SBI, PNB, ICICI, BoB & Canara Bank After RBI Repo Rate Pause - PSU Connect","Latest FD Rates 2026: SBI, PNB, ICICI, BoB & Canara Bank After RBI Repo Rate Pause  PSU Connect",https://news.google.com/rss/articles/CBMisgFBVV95cUxQemtxLWVuRGwtQzE4SjNQY2NRUWhoRkFWYkxRMFRhWkdzQzQxY3BwM1VXUDQ5Z0dZd3psUUdzZXVsY0RyLUUySWZ6eXE5RzRGMV9vOFBZMnBmMmRSb09Zd2VKTHJhTVVOaVY1SlE0azZEbXpwbGhWdk1ubGx0NlhlcFBWd1hYU2x3ZHdOUU52akc3UHVOeERTaV9ZMTJIVEg3NjZKOUw3Tlkxc3RnS2hLVnNn?oc=5&hl=en-US&gl=US&ceid=US:en,PSU Connect
PNB,"Mon, 19 Jan 2026 08:00:00 GMT","Mandatory digital sanction at pan India for below ₹10 lakh loan from Feb 1, says PNB MD Chandra - BusinessLine","Mandatory digital sanction at pan India for below ₹10 lakh loan from Feb 1, says PNB MD Chandra  BusinessLine",https://news.google.com/rss/articles/CBMi_AFBVV95cUxQTERPcWYyYVlIOUxZUjlic3pHdXNZeXY0S21TUlBzSVdreFdpblU2UVVVVUFFbWZhM1dDZkR2WjdNeDUzZGhneVFIZWR5V2ZtdEJHU2RDTkszOVBhU0ZxdU9iZU9wVlMtUXh5TGhZVjhxM1VhRkM0b0x5WnVoeGxPVHRGb2E3R1VkdUZTVlNGOEtBX0ZzbUUzOHBacjFJR2ZUQ20yUjZHUHB6NkIzLWJfeW9IWXJWQkw0WkV3WkJjTlFzeUxCcTI4YVdkeUlSMjBPRW1RZ0ZHQU5UWGhGZlFfN0tSUi1CWDZOWkxMc3lUZ1pabWkwZGZ0ZGRjc3rSAYMCQVVfeXFMTUZiT3lfY2ZyOEhqZWNfRVpYNUxYSE5zR25fTWpPQTVQN3QyTEU2MWFzSXlrMGpLNTdHNXFqN0F0bUVubW9fVXEtQ1psQjZBUHB4TnJyT0syNHdBblZSOFEwQks4enZZZ1dmZFY1R18zT0hDTGVIWFBzTzh6UWEyRDJPcVZUb1VnVG81RUFVNzI0RXFmQWk0UjJQNzNXLUVubWtxelI4U3hJLWxkd0xLdjNFb2RtZkZ5ZzNaVUp1cVVXTTV6WDJHczgwOU5zVUtfV2gxUnVKTjJzVzVfRjZ5RGhhRFRMY3hsYnVNM0NWY240ZXczUDVKM2tSYzJXRDRtQ2kyTQ?oc=5&hl=en-US&gl=US&ceid=US:en,BusinessLine
PNB,"Wed, 11 Feb 2026 17:07:51 GMT",PNB scam: ED seeks to declare Nirav Modi's brothers Fugitive Economic Offenders - The Economic Times,PNB scam: ED seeks to declare Nirav Modi's brothers Fugitive Economic Offenders  The Economic Times,https://news.google.com/rss/articles/CBMi2gFBVV95cUxNc1l4VURtSVkxN2toUnd4LVl0OVFIYVh1b2MtZGtybHBiQ0ZrMHJELWZZZ2w1YXZobG5EaEozRVFjWnZJbzRaUlJXN1RjNmxmUXQwTUstc1ZpYnMzTWZHXzQwZ3RneVQ2VU5XWUc2bFZnbmwyRzFOWllKRjhXR3F0a0pteDBFRkNpM00xcDNVbm43Z3JvaGZ1SE5rVzN0YVJaWFNzNFl5UUJ1WWh1TjJ2S0lZU1JsbVdNWFFhWFhXSzZKTk9mVXJHYlpjR0NyWmx3VllEcmZHYWpfd9IB3wFBVV95cUxQNG9ZZDJlU2swVmZfT2wwS3ViNWZPUkFMbkxsbS05VTVkMm1oLS1PYkdBU0dRSlNLNzF1MFhnMUowRi1EOW1HMFM2dDBReUdNek5FQWFSZDl4Y2QzcG40cXBiWW5JYi11OURVcVhiX243RFdyRDZmTUhfa0RVbXlmQW1BOTJxbkhiSHB5a1B4Y2NwMkVoeWo4a2lNNDFXMGpwdzA5aXV6czNfTXJsN1BWczZaNzc3NU5UVWNFS1YxcGlmeGRWZHlzbVlMWElGVF9ONEtNbURMa1pHNHFkakRF?oc=5&hl=en-US&gl=US&ceid=US:en,The Economic Times
PNB,"Wed, 21 Jan 2026 08:00:00 GMT",PNB Housing Finance Q3 Profit Up 8% to Rs 520 Cr - Rediff MoneyWiz,PNB Housing Finance Q3 Profit Up 8% to Rs 520 Cr  Rediff MoneyWiz,https://news.google.com/rss/articles/CBMioAFBVV95cUxPS2NBU3ZTX2dPOF9ZOEg4akU5aHVqZ0VjRWs2YTBhZUd1UWhsWHlpYlZpZW94bi0tS01IcXZjaFljMVdCMXVUTXdwQXVyMnJ2ZDhtOVJLdUpDcXlQZUJXaHFnWDhlMXVkR1FYaFA1WEcxdl9VNVVpdDhTazhyNThLWWNYeU1ENWVkbXpEdkFSZThpNlhyU3VJZ0VVWm5pQU900gGmAUFVX3lxTE01ZUhpMlppZXBzWEFJa3R1Zjd0NkRJS01SZE9ubElCZ2pLaW1SVzlpUk1sTjIwRjJKNHczb1lNMFFZeVVYM25lZHZOeUFPZVBpRnEzUHhoN1hKRl9QZlZGbnVOaUFMSWctLWlSbHZrdEFmbWx2RHh5SUlUSm1jMmN1S3BLXzdGUUlQbVBJZ1BtbkVPbnlXNE40U20xZlNTTzB3b2ZaLUE?oc=5&hl=en-US&gl=US&ceid=US:en,Rediff MoneyWiz
PNB,"Tue, 27 Jan 2026 08:00:00 GMT","Nationwide bank strike today: Will SBI, PNB, BoB remain closed on 27 January? What services will be affected? - Mint","Nationwide bank strike today: Will SBI, PNB, BoB remain closed on 27 January? What services will be affected?  Mint",https://news.google.com/rss/articles/CBMi-gFBVV95cUxQR2ZuNm1zLThkMGRUemZwd1hQaFR6R1lGY2lzY3IwWHo0MU8yMThRdFFJeU5vWjJCa1RkMktfNHd6SU1rdTZ5R0pqLTk5YndLODY0b1R5MzBGb1FCcjZjRnpzTE5oeGZGRnpYTEhCZXQyaDZVYWdKbUlrcFU1cnBXbnFpVGh1ZFFudlRqOUxVbjFCTDZtN1ZjdE1OMlExMlRUVVBaMG1XelZhVnRJemF4MFFFeFFwX2d2YmItR2N5RXBtczJwY3hQeUdFdmItNGpLXzlXTkZ4a2lscnBJZXpyeUdOTVhRZ1FYRUxPeFhZUlAycE9IajlMeWZR0gH_AUFVX3lxTE12dmNYYlktUHY0ZDV3OE5paFZOcnVlR29JM0RjRXA0TXVtajRYYl9xeVF6S3E4VGRldXE1dVNrUURWVGUwWHRTS1lOa2V3R0dKUmxiVFRTVnFmY0ZHSjRqbFBDc0ZPLXZsdEFJOHVKWjFhcDZ5OGJXVjZOTjdhOTdxMDJiSURpUEZwb3o4UF84TXdLVXVuc241eGI1R1pSNkVtSTVLVHcxSTFmelY0ajBGdlR3NF9TNXRZeUFYNWFWMUV4bmNuYkVrTURtdTl4c2duNlMxU3ZmZXJYeFhoX24tYk1NdlYxSTV2ZEx6Zm5zeWJwNFZacU16Y293dG1CSQ?oc=5&hl=en-US&gl=US&ceid=US:en,Mint
PNB,"Wed, 28 Jan 2026 08:00:00 GMT","PNB Housing Finance rebuilding corporate loan book, targeting 8-10% share, says CEO Ajai Shukla - Moneycontrol","PNB Housing Finance rebuilding corporate loan book, targeting 8-10% share, says CEO Ajai Shukla  Moneycontrol",https://news.google.com/rss/articles/CBMi_gFBVV95cUxPdnl3aVhybG1iR1h4R0NUd0paSlRjSlBwSmkyTVdscnExM3cwXzNMRTRZTFVXM3kxYWZVN3pUdm04Nm1BWUJpNHFMN3NmWUdndEFTbmlZVUcxc25oQnc2Q2czRUpqaFc2YzU5QkhscDRWaUVabVZsVmVxTklSYWoyeWRvNnMwbE5LQ0xlbnhoT0tISnRvczRrOGJoaFRDYWs5Zkxad1FMbnlOQnFHaDZNMGkzZUY5MTZhSzlIdVJTelVrbi1zdnJkOGdINXJ1MjBoRUo4R1o1T3FISHVyWkZ3UUpRNldRdHRlazlFTks4c2lJZHRsSlRPMmtTSE9vUdIBgwJBVV95cUxQR1lDTFdnTlo5ZlphYWREY09iSTQ1VHR2RUpTZ3k0NnZ2eUVEQllXWGtsWVNtVUhRMkFKR0trVWtUT3JQd2w3WkVERjFjM043M2d6Z2xNRGpqUVhuZTBTaklwVGQ3RzYzZGdLWG5oc3BDMjBuckhZbjhiSVBrTXZxYnRndERXNEVXMUlJcWwweUFPQ29td2NjbnhWT1dMU2R4cllSdS1XQTExcUUtb3FVQ3pXR0haUndBV1lkcnFyTUs1X1VLV1FnZXhndi1vM25GM2pYZnN1c0k2cV9sWi1TaTh1U3JMYTI5cXc4WnBHMmNPUkNxSVR0WmotVzZ1TENicVRN?oc=5&hl=en-US&gl=US&ceid=US:en,Moneycontrol
PNB,"Thu, 29 Jan 2026 08:00:00 GMT","PNB Housing Finance bets on affordable loans, margin focus under new MD - The Economic Times","PNB Housing Finance bets on affordable loans, margin focus under new MD  The Economic Times",https://news.google.com/rss/articles/CBMi4wFBVV95cUxPUlRaeUo3bjFEaFprX0dubXhYMXE1LVhBU05TbFozUjFaQlNRWWU4YW9nSndjU05kaVRLdGtVZUdHbW5fa25vbjA1N3hWUXIzNmI2LVRydERfeTZiOTZ3NXdwTDIwc1dHT3FPZ3hHRWZSamUzdHVvY0RDcjlCeVIwcjdtNy1MaGRNWC01Y2d6bFZEQmk5T1p5bS1pNUxSS1BhNFJ5aHBqam9PdENqN3BLbm05Z1UwUVM5SmVFc3otdzl1bVNyaUg4NUFpclJEbXMwVDlBeks0WXZ4dDM1ckNqRHEzRQ?oc=5&hl=en-US&gl=US&ceid=US:en,The Economic Times
PNB,"Tue, 20 Jan 2026 08:00:00 GMT",PNB Q3 shows asset quality gains despite margin pressure: Analysts - Business Standard,PNB Q3 shows asset quality gains despite margin pressure: Analysts  Business Standard,https://news.google.com/rss/articles/CBMizAFBVV95cUxOTlc4MGU2TlZtMDRQR2pMU2R0alFUNGljd1lOa2hvemJXaE9Hd3dIZjJGdEtfb2lMVEVCZjFzbXdLWmlsajRzREoydjg4emc2d2FMQnBWdUtkTzA3bVlfYTFqdUdFNDJPRW9yMjlrdlF4bHIza1g4ajN0NnRvaEtDLXRxaUk3Q1RZQjhRRnFleFpIVWF0cjlONmtyS2lGTzZlbzJnZTl0MWtCY0c5T09Va2NWTUhrSms4Q0lPRi1qS0hWSE4wREhLTnZCNEfSAdIBQVVfeXFMTmN2R1lvTnlKSHFBYTBFN3BaRW1FdlR6N0VkSnZlZTRxdVhCMjlFUDFmSHlZRjFuLTdIci10aDAtdzg4LVQ5cFpnNUR5UUhnVXFjVUZpS01rTW80M21lb0YzVVgzTjhSdk5vYUo2bkVlYXpuLVgyeS0ybklOTFZRclJiNVhNZnEtVldQRFZyakRXMWNWZDgxbkhFc1JKM2pTWnpkVGFEeXd6emFTZkZPMkVZTnY5RFMzU0JqZGF6Q2w4Q0lBSjIxbTlYenRfbE91MjlB?oc=5&hl=en-US&gl=US&ceid=US:en,Business Standard
