Price,Close,High,Low,Open,Volume
Ticker,HDFCBANK.NS,HDFCBANK.NS,HDFCBANK.NS,HDFCBANK.NS,HDFCBANK.NS
Date,,,,,
2019-01-01,504.39251708984375,505.07343928898837,494.4131488100753,499.5906340212171,6373440
2019-01-02,499.7901916503906,504.25155582298044,497.7238641472939,503.14796667713176,8134232
2019-01-03,495.8689270019531,499.7315178951386,493.8025993814056,498.78053138113495,12771664
2019-01-04,497.19561767578125,499.79026500116737,495.5285104782037,496.67905005577603,7287120
2019-01-07,497.9469909667969,501.39872433136287,497.3247709120071,499.6024035817004,5387012
2019-01-08,493.8026123046875,498.6161898378525,492.3115543821739,498.26397684762094,8343460
2019-01-09,497.0429992675781,498.1113901709123,493.70872765140484,497.32475820355967,8568628
2019-01-10,495.0941162109375,498.68670058492125,491.3723755939215,497.08999004911294,7691540
2019-01-11,495.8923645019531,498.7335720946062,494.9766336984133,496.33853533229933,6408040
2019-01-14,493.485595703125,495.422767141627,492.73421945891204,495.422767141627,4855160
2019-01-15,498.24041748046875,499.32056012723984,493.56774859508965,494.2839263939492,5087556
2019-01-16,497.84130859375,498.96840162504026,495.035356576937,497.806110225345,5252452
2019-01-17,500.68255615234375,501.52783299833345,496.23294316428854,499.02714350523325,8240228
2019-01-18,500.2012023925781,502.25577839113936,496.51471749471324,501.3165436489399,5207976
2019-01-21,504.40423583984375,508.7129979871169,499.32065092065733,502.47881615648697,17561512
2019-01-22,501.51617431640625,504.08731806226007,499.9194637245963,503.89945964092806,8796976
2019-01-23,494.36614990234375,501.5161197506644,493.43866712295903,501.0817007814959,7624288
2019-01-24,493.62652587890625,498.1817911405713,492.6050852351728,495.44629306908894,10111572
2019-01-25,492.158935546875,495.446256681253,490.7500836321416,491.4545095895083,11262236
2019-01-28,489.37640380859375,493.5795128576691,487.6388428042501,490.75005728223556,15360436
2019-01-29,483.142333984375,489.106451168911,482.0621911904821,487.9911100056597,14762788
2019-01-30,477.76519775390625,483.0601448204378,476.19199110261167,483.0601448204378,18514160
2019-01-31,488.39031982421875,490.691456435109,474.7831678008328,476.896445995792,16579404
2019-02-01,490.855712890625,497.08989378431465,487.6036476034212,488.39022215622003,15654188
2019-02-04,494.24871826171875,496.1506913103842,489.0242256532682,491.92413549231185,7938288
2019-02-05,496.3973083496094,497.5595998665689,492.39380883444784,494.9767043505083,8690288
2019-02-06,498.41656494140625,499.4380055136804,496.2915924903421,496.91381249098555,10875684
2019-02-07,497.1486511230469,500.1424616328208,494.4718552448418,498.9801701942932,7217308
2019-02-08,498.41656494140625,503.6528093746815,494.65962648902314,495.91587571457126,12235644
2019-02-11,502.4083251953125,503.1714533384242,496.2211514154218,496.2211514154218,7036364
2019-02-12,500.072021484375,504.36903168325665,498.9214819124664,502.02094494357664,9772388
2019-02-14,495.49322509765625,502.4905346624277,494.41313965259303,502.4905346624277,7441388
2019-02-15,493.2507629394531,495.00013322616223,487.97932026301004,494.82402674035905,8416524
2019-02-18,490.7265625,497.324708331435,489.8108317183066,494.69486298210586,7138744
2019-02-19,489.3529968261719,495.01185110732234,487.97934324169034,490.6796428178283,5268636
2019-02-20,495.0588684082031,495.6810884356774,488.8481334002276,490.39789350919574,4892500
2019-02-21,496.83160400390625,497.78259051009337,491.5954169236043,493.49733260964746,5261544
2019-02-22,491.0905456542969,499.69631717908845,490.53877971576736,497.6534360377441,8890708
2019-02-25,499.0622863769531,500.1306772095615,491.95932464901887,491.95932464901887,8140596
2019-02-26,495.598876953125,498.96840416590805,493.3565001037048,495.7397850801287,9607428
2019-02-27,491.27838134765625,498.8392081566859,490.31564298468345,496.8785903912916,7030092
2019-02-28,487.82672119140625,494.4718174369422,486.8052806356382,491.47800715607855,11645376
2019-03-01,489.18865966796875,493.3095059156402,487.69760170093946,489.8695818722123,9352928
2019-03-05,494.76531982421875,495.70455440614404,486.05389614633003,490.49175661539516,11837276
2019-03-06,494.09619140625,495.516795461756,490.87932378288065,495.44634138870737,8458044
2019-03-07,499.3206481933594,500.1424785571857,491.9241749189221,495.35240450998964,10204852
2019-03-08,499.71978759765625,500.142454658409,495.3171251446773,496.6320765945006,7053460
2019-03-11,499.7784423828125,503.359274171759,498.31088837094916,500.6120245268166,9224108
2019-03-12,509.7695617675781,510.7087963355516,501.786067939804,504.1341543597376,15097292
2019-03-13,522.8132934570312,524.5626067097525,510.02797191632516,510.7088941780267,57166348
2019-03-14,522.3906860351562,527.7325842741943,519.06816566537,527.1103641131525,15379864
2019-03-15,529.0238647460938,530.6440214279673,523.1654006563593,523.8580746775566,12763088
2019-03-18,531.0079956054688,538.0992051769432,527.6150221707048,531.1136480298233,14358720
2019-03-19,532.4873657226562,534.401033468184,528.5543204681729,532.8982808984978,11957992
2019-03-20,539.8250732421875,540.059881886486,530.9140966563264,532.7808139132334,11711992
2019-03-22,534.459716796875,541.7035870004752,533.2035248422408,540.0599263550467,30403880
2019-03-25,535.6689453125,537.2069533221476,529.0238495409722,530.6675099700831,9199260
2019-03-26,542.7249755859375,543.5820041954984,533.6261407424923,534.4009633971294,11786848
2019-03-27,539.9308471679688,546.6463988366432,535.140772676897,544.4157162138353,13885300
2019-03-28,540.7174072265625,545.9301481435697,537.2070291370998,539.7781725630897,19554328
2019-04-01,542.8307495117188,547.5738736587605,541.1401383825003,545.9889149764292,9647076
2019-04-02,538.8506469726562,544.7560615193709,536.6434112931161,544.7560615193709,10910496
2019-04-03,538.3575439453125,543.8168451760304,537.3009049974316,538.2049412500402,7659452
2019-04-04,536.2911987304688,543.1124014022787,535.3637160385626,538.3575262927257,9211552
2019-04-05,541.3749389648438,543.2886068591166,535.8334309465172,537.1953328147168,8351180
2019-04-08,537.5709228515625,545.4487648536463,535.3872481763427,544.5212821126408,6398132
2019-04-09,537.0660400390625,540.7642759689412,532.3111652720755,539.2615236644732,10777600
2019-04-10,525.34912109375,536.302920957737,523.8580633348123,528.3194273883136,108128700
2019-04-11,530.0806274414062,531.3720752602004,525.2552973077345,527.1220149623596,8793300
2019-04-12,531.9003295898438,533.5322383500043,528.8126185686696,528.8126185686696,9170444
2019-04-15,537.4301147460938,538.3927959320159,531.6890540227838,533.015700125601,10219780
2019-04-16,541.2457275390625,542.3845151744359,535.4342130500812,537.934902414806,8273776
2019-04-18,538.5687866210938,543.5937256555237,537.2421408035731,543.1123565029128,10614856
2019-04-22,532.7103881835938,545.9301270258738,530.9023729916132,545.9301270258738,20980420
2019-04-23,527.2158203125,537.7117544471421,526.3470398600992,534.7883985137752,15282400
2019-04-24,535.3049926757812,536.2794255933057,527.6267616756458,528.3194356927329,12354128
2019-04-25,531.4776611328125,539.7781703680324,530.1862134757891,536.9839128597633,18086636
2019-04-26,535.5867919921875,536.5377785134624,529.939632354821,532.0529102570622,11707568
2019-04-30,544.1572875976562,544.7560611128523,534.987998465814,536.5377584667533,12536836
2019-05-02,553.1621704101562,554.0661492208892,544.1689886046292,545.577840355062,17169300
2019-05-03,556.01513671875,558.3749751395048,553.3265891153252,555.1346042726722,12351520
2019-05-06,546.7401733398438,552.2464245530464,544.0633777401177,551.3306937758582,13748092
2019-05-07,545.3079833984375,553.678890254833,544.286542667813,552.2465343172764,9924204
2019-05-08,541.7623291015625,545.6484242364069,537.2422619934446,545.3549133852304,12064208
2019-05-09,537.9231567382812,540.0599385561462,533.3913952888565,540.0599385561462,9027724
2019-05-10,539.238037109375,545.9065794973313,538.0287955543353,538.0287955543353,10594200
2019-05-13,537.0543823242188,543.1946634835718,535.3637713536324,539.1324619988231,11071632
2019-05-14,537.2186889648438,542.6427917261306,534.3188365247194,539.2850165561116,10494744
2019-05-15,536.9369506835938,541.7505282075591,535.8803117149184,539.1206826841227,8956348
2019-05-16,542.560546875,544.5212218981783,535.3636851780278,535.4928413919106,8050136
2019-05-17,554.6414794921875,556.332090137436,542.783643855947,543.1123530024614,14758780
2019-05-20,571.1368408203125,572.6278413469556,558.8445851039847,565.4192272816787,17699632
2019-05-21,564.4095458984375,575.1402898400529,563.4116091264627,572.4634941351707,10325176
2019-05-22,564.890869140625,569.6457439614076,562.1905698596868,566.3232247332185,11386660
2019-05-23,547.5972290039062,572.9095534591743,544.5447168136254,565.6539897220371,33081996
2019-05-24,557.283203125,560.2887083653219,549.4875090946937,554.0780302499783,13692800
2019-05-27,565.5014038085938,568.6830149786518,557.0247890829756,558.5862435883819,12049024
2019-05-28,567.3446655273438,568.2369498891303,560.5000161069395,567.415119589704,7364840
2019-05-29,567.5090942382812,570.7729693923484,565.9358874963287,565.9358874963287,7475216
2019-05-30,572.8274536132812,574.7880714451217,566.6050243878411,567.297698440124,9359200
2019-05-31,569.4932861328125,578.8034278737546,553.3971387727183,576.8780080576577,19785080
2019-06-03,576.9484252929688,577.5823972579152,569.3992919040638,569.8806611589381,8480860
2019-06-04,575.8212890625,578.9794540779587,573.1796916343841,576.4552609799813,6442988
2019-06-06,569.0235595703125,579.9773600595282,566.6754730923387,576.0325633112662,15634924
2019-06-07,574.7293701171875,576.2791301400797,565.6540387113995,569.5635798093208,7970932
2019-06-10,572.9801635742188,579.9657222199957,571.0782475488204,579.9657222199957,7077140
2019-06-11,574.905517578125,577.6058172496859,573.0153536691001,575.6334473766449,7103292
2019-06-12,569.8923950195312,574.9055257372972,569.0940111442859,574.1071991883874,7308620
2019-06-13,574.03662109375,575.7507354827602,567.2858732776288,571.9820456714523,11107948
2019-06-14,571.7825927734375,577.3827449370204,569.4110023691194,573.6258063646881,11956920
2019-06-17,568.70654296875,572.9095948190358,567.6029537932426,571.7590553793998,12810020
2019-06-18,567.5912475585938,571.0546753800807,564.4800327359021,567.7673540579914,12419652
2019-06-19,570.1976318359375,574.0836692937438,567.462076554043,569.8806172147409,10744276
2019-06-20,573.2691650390625,575.7853973957396,570.4930146823125,573.7417012699987,11171492
2019-06-21,570.3984375,574.0605930629467,568.37833370133,573.1864126263846,13250260
2019-06-24,571.2843017578125,574.2731271046555,569.4059823566884,569.8666935029826,6915000
2019-06-25,573.8242797851562,576.8485227742788,567.7522016082703,571.7333418669679,8899800
2019-06-26,583.0859985351562,583.5821845991668,572.2413162344866,572.879228543472,10533636
2019-06-27,581.7630004882812,589.3708223775111,580.3099169479973,583.2869183180919,19879236
2019-06-28,577.380126953125,584.7635045356458,575.79714233596,582.1645556265985,12756844
2019-07-01,587.2561645507812,588.0712779274111,578.8686473284337,580.2744309319894,8524160
2019-07-02,589.4888305664062,590.0795007373146,582.9205667293801,587.8349540878633,7246828
2019-07-03,588.224853515625,591.4499476980156,586.6536937198789,590.4339833290284,7463256
2019-07-04,586.8426513671875,590.1739965875495,584.0546765687225,589.4416001706891,7993964
2019-07-05,584.1492309570312,589.4770881813038,581.2195295720825,587.1498819915861,7583060
2019-07-08,569.3115844726562,584.6690095602119,566.3464085538394,584.6571846197711,14607140
2019-07-09,562.1172485351562,569.5951687956683,560.6642227376548,567.9531169744108,16482688
2019-07-10,564.3854370117188,566.5709169875882,559.069404637982,562.0227559567246,11569148
2019-07-11,568.732666015625,570.3511253806663,566.0155831896608,567.7521765906135,9097596
2019-07-12,565.6021118164062,571.296195397767,563.5111739986626,571.296195397767,8976272
2019-07-15,565.8030395507812,567.7522514001575,561.6919976324263,566.0983746794747,8233184
2019-07-16,564.9642944335938,571.2962913331199,562.7906393529743,571.2962913331199,12770568
2019-07-17,566.44091796875,569.7841460349224,564.9878922956555,565.377711569128,7759736
2019-07-18,569.8549194335938,573.8951263935674,567.4922387979677,567.7521567409397,10802584
2019-07-19,561.2902221679688,571.9341103479861,559.2465264182437,570.587393874127,8939228
2019-07-22,542.7669067382812,555.1946321921998,538.9866170406809,554.0487088045575,22171296
2019-07-23,534.7929077148438,542.1172196826635,529.7249679058981,542.1172196826635,27802864
2019-07-24,538.9038696289062,541.762736623964,531.8394767294125,533.1980182625952,17363740
2019-07-25,540.1207275390625,547.0669869403489,538.7503609565746,539.8726344855927,19462008
2019-07-26,538.0533447265625,541.9162934734342,537.0019632394681,538.2659629391828,12829828
2019-07-29,530.2564697265625,537.1673111479672,525.2357729674223,537.1673111479672,9976492
2019-07-30,532.134765625,536.6120340567686,529.2168318602072,532.7845028235653,10394136
2019-07-31,531.9929809570312,535.6197189333169,527.8819395795163,529.240480992779,13891840
2019-08-01,526.1087036132812,530.4183410722914,520.2362032749215,527.8373106620138,18241676
2019-08-02,524.3446044921875,526.6296425415806,516.6842985727197,523.5513217893141,27825536
2019-08-05,516.0331420898438,520.9466158530028,512.066843991872,520.24808536213,19822440
2019-08-06,518.3656005859375,523.3737689389926,513.1324317569491,513.1324317569491,24890940
2019-08-07,517.1578979492188,521.4201883169321,512.658813672188,518.5786614051232,18750136
2019-08-08,528.7962646484375,531.1287076436796,516.9210739126851,520.4729823454337,19711600
2019-08-09,540.3636474609375,542.0212046617379,530.3709570411706,532.0758614569354,30436112
2019-08-13,525.7653198242188,538.3035443330222,521.5622284123144,538.3035443330222,15440068
2019-08-14,527.920166015625,529.3290782043871,521.6688299760862,529.3290782043871,14254052
2019-08-16,527.5057983398438,528.7608176645286,521.9174965746467,524.2617332329899,15247560
2019-08-19,522.5687255859375,530.8920093883812,521.3492021177242,530.0632306047687,8498200
2019-08-20,525.8246459960938,527.5295508009419,522.5687293229038,523.1370116541797,10270592
2019-08-21,527.0676879882812,530.7024394084053,524.3090045626948,526.8426875504603,10472712
2019-08-22,514.813720703125,525.8838372395332,513.144311887837,525.8838372395332,13992044
2019-08-23,512.1141357421875,515.5002999406553,506.6442315548242,511.71159769028765,20099616
2019-08-26,534.2425537109375,536.6104927967046,513.132399885729,519.7389268106141,25280244
2019-08-27,535.142333984375,538.2088032623816,530.4420100085757,534.2070096918413,20660832
2019-08-28,532.1943359375,534.5267791771386,527.186167646966,532.7863207383203,13662588
2019-08-29,527.3282470703125,533.6624848926344,525.753590511788,531.8391831377588,14783716
2019-08-30,527.56494140625,535.1541972255666,526.1560293076145,528.879159072258,19233320
2019-09-03,523.5394897460938,525.9192801310417,520.0349282757688,525.6824862183307,11428676
2019-09-04,532.2535400390625,538.4693805133259,520.7098363011448,522.6041876837775,15060704
2019-09-05,529.2698974609375,538.0904708192375,526.8664623414039,532.5495163172213,17296252
2019-09-06,531.8154296875,534.3491708225876,525.9903340748198,527.576841740472,12870004
2019-09-09,532.691650390625,535.3673755625555,524.7590537008053,531.8391691144759,10643404
2019-09-11,533.0941162109375,538.4693261543216,530.6906234502475,538.4693261543216,15209116
2019-09-12,537.7234497070312,541.9738886400878,532.3481819405418,532.9520179463601,18132300
2019-09-13,534.5503540039062,536.9182928976408,529.9447244177942,533.0230449796491,15371340
2019-09-16,531.4009399414062,535.7816265339769,530.6550623757212,533.2360924328885,11030184
2019-09-17,523.6341552734375,532.4310245493056,520.4966364496535,532.288925100808,10656556
2019-09-18,518.0458374023438,526.6651119497242,516.2106847387084,525.0431084755679,12959884
2019-09-19,521.44384765625,524.2853743327779,513.3691528927131,520.8992101477138,10623310
2019-09-20,568.115966796875,572.9939447204633,523.504014961774,524.7353317954808,46150034
2019-09-23,595.4182739257812,607.4710605618943,582.0394182977014,596.5075490128261,41920410
2019-09-24,593.784423828125,597.6441182602333,581.3527437208729,591.9847670120035,23379048
2019-09-25,587.1067504882812,591.9373805534856,582.5603193412131,591.9373805534856,15608976
2019-09-26,588.432861328125,603.8244653467681,585.5202846977793,587.1541973494428,30671560
2019-09-27,589.2379760742188,593.6423661754355,586.1123078464277,591.1560299788491,14873170
2019-09-30,581.3053588867188,587.2489092784182,576.119595271932,581.9447487061157,18218458
2019-10-01,591.4165649414062,594.3527866594592,578.2981460392825,583.2234715307761,18768352
2019-10-03,579.45849609375,589.0486510343974,576.0486285393506,587.2252913771105,16298876
2019-10-04,563.4274291992188,587.0594739386505,561.3436889554499,585.6624129373488,18403632
2019-10-07,562.1014404296875,577.7061372321348,559.3783102451832,568.8737121149742,22513220
2019-10-09,581.6369018554688,582.4656805535213,563.5695146757208,566.9319766884739,17427270
2019-10-10,568.56591796875,580.5950031422398,566.979352418176,578.6296598082755,11556858
2019-10-11,567.7371215820312,579.6715119387164,563.0722351431893,574.6514924334763,17186318
2019-10-14,570.3892211914062,577.7298329061626,567.0741062234517,572.5677137510015,12267802
2019-10-15,579.2216186523438,580.145091796512,571.54946111912,571.6205108558286,8400374
2019-10-16,578.2980346679688,584.8809164640575,573.0885690152525,583.2944089411139,10586816
2019-10-17,577.777099609375,582.4419277448391,574.5093323198743,581.329008008613,12243614
2019-10-18,582.0394287109375,584.3363180675698,577.9428825202974,580.3581688315088,11233806
2019-10-22,586.9174194335938,595.2999008800527,583.744346293607,595.2999008800527,20006228
2019-10-23,588.006591796875,591.8663438692063,583.9337483422535,590.492927708308,10190214
2019-10-24,585.4019165039062,593.950200126325,580.7844350714618,591.0376233528876,13107494
2019-10-25,582.0394287109375,590.4929597056838,577.7771383460893,587.2488947124186,12993542
2019-10-27,586.1595458984375,588.1486491718518,584.8808820741756,587.2251183556576,1750082
2019-10-29,588.432861328125,595.4656288329024,586.1596166871203,586.3017161563129,14232568
2019-10-30,591.203369140625,597.9993430897654,588.6696857560904,590.5166898962892,12011366
2019-10-31,582.6787109375,598.5676040093693,581.1395506594295,595.6313250999839,13217706
2019-11-01,587.2725219726562,589.0247735514826,581.3763197035677,586.7752317027432,11512260
2019-11-04,585.7570190429688,591.9847097517586,582.0630691407218,590.3034500516609,9935176
2019-11-05,587.0120849609375,589.5221234546789,582.0631155174988,587.7224666692404,12367810
2019-11-06,595.1341552734375,596.2470751063895,581.5895549626913,588.4091734331271,12130336
2019-11-07,598.4729614257812,601.3144886136432,591.9848308045706,597.1942973156508,16963034
2019-11-08,594.636962890625,600.0358765783174,592.6715615195805,596.2471733323612,13251496
2019-11-11,598.97021484375,600.7461692265641,592.2215881890567,593.1924663760677,14286610
2019-11-13,595.5603637695312,601.4565087824031,593.6896572642707,597.6441038503623,9293496
2019-11-14,603.3035278320312,604.7716384932658,595.3945766514241,598.520302472713,11055218
2019-11-15,605.1978149414062,608.5602765022916,601.9773950230616,608.015639011703,9279012
2019-11-18,597.6915893554688,605.931971974306,596.1050237556977,604.7717048271187,9130292
2019-11-19,602.3563232421875,603.8244338328341,597.2415519723761,599.230655382196,10570578
2019-11-20,603.04296875,607.5893997299098,600.0356980057007,602.8772245945202,11054258
2019-11-21,607.7789306640625,609.5075378074598,600.6751132070991,601.574941647184,12019526
2019-11-22,598.97021484375,607.9210364953358,597.6678482963531,607.9210364953358,7688010
2019-11-25,601.9774169921875,605.9555659156172,598.6860050379559,598.6860050379559,7893556
2019-11-26,603.8482055664062,606.074045315987,600.0120977688067,605.4583579923924,8716002
2019-11-27,605.4346313476562,608.9154899789958,602.0247646347251,604.2980091100126,9580666
2019-11-28,599.2306518554688,607.6368351005303,597.6677890291662,606.2870636546285,12366040
2019-11-29,603.80078125,606.1450756971117,592.9319636666191,600.3672694795663,15567626
2019-12-02,599.4437255859375,603.3271222125159,596.05756143599,603.3271222125159,8946204
2019-12-03,594.5421752929688,600.9829582398772,593.784446324688,600.6040648502295,6991906
2019-12-04,592.7662353515625,595.2525715277253,584.5020928032309,593.1687734559762,11395614
2019-12-05,589.9009399414062,596.12863094506,587.6040507210195,594.636817843651,12772494
2019-12-06,590.1140747070312,596.7206010947484,586.3963643958487,591.4874330163,13774650
2019-12-09,588.6459350585938,591.913702452859,586.088607177962,591.7479582844493,8265350
2019-12-10,591.7479248046875,593.713325632947,589.6641270326895,592.4583064671181,9788900
2019-12-11,591.3927612304688,593.8790971635698,588.4328375005865,592.0320931939212,11054642
2019-12-12,598.4255981445312,601.1960755161554,593.4055784762097,593.4055784762097,12913148
2019-12-13,598.5439453125,602.5694417190632,596.365452937033,599.0885828591198,11775186
2019-12-16,595.4656372070312,601.4565347253566,591.1322970678702,601.1013438583927,11327576
2019-12-17,601.9774169921875,603.7297264688573,594.5184094398851,596.720604184195,12427354
2019-12-18,612.041259765625,615.1906305991793,603.1851899014221,607.6132248335235,17447172
2019-12-19,610.3599853515625,618.2688785595552,609.0812635932508,618.0320846573876,13018376
2019-12-20,614.101318359375,615.4747346337728,606.2161272088615,610.33631822104,15026044
2019-12-23,616.8007202148438,617.5584490809625,610.3599381363234,615.190510242462,10195782
2019-12-24,610.5257568359375,616.1851082265389,609.4838289331773,615.0011386627299,7179208
2019-12-26,601.6695556640625,611.8043454434885,598.9227813011383,610.7861201818931,14949758
2019-12-27,603.824462890625,605.7188141467524,601.4565238204657,602.4036994485294,7092992
2019-12-30,607.2105712890625,610.3362390110301,603.374521911602,607.1395215613118,9334190
2019-12-31,602.4510498046875,607.1158782349886,600.8171949621751,607.1158782349886,8357056
2020-01-01,605.5294189453125,606.1924535035355,601.7407161109154,604.3454493095634,3673698
2020-01-02,609.3890991210938,609.981083868637,605.7187936863252,605.7187936863252,6137166
2020-01-03,600.6988525390625,608.5603994443895,598.4256076891043,607.234330313411,10855550
2020-01-06,587.69873046875,597.5730818969894,585.3544940901224,596.720600771484,10890186
2020-01-07,597.0048828125,602.1432998588674,593.05043549161,596.1998065235841,14724494
2020-01-08,595.44189453125,597.7387835308269,587.2725059352362,590.5402151248385,11332110
2020-01-09,602.1195678710938,604.2033658480826,598.1887658278872,599.0885942510204,9546316
2020-01-10,607.4710693359375,609.4601728526172,603.871813491343,608.1341038414974,9214580
2020-01-13,609.0338745117188,614.0065461154303,604.2979967938983,607.4710117404351,7451568
2020-01-14,610.6914672851562,612.1359331976332,605.0084136927392,610.4546733854722,7886290
2020-01-15,608.2051391601562,609.9573909159484,603.3982113725496,609.2233645040944,11787448
2020-01-16,609.8153686523438,611.4018762888768,605.8845666176381,607.163288419645,7150400
2020-01-17,605.3162841796875,608.513001967246,602.3563603023184,607.0211887708494,16918814
2020-01-20,594.3053588867188,617.9610470531414,593.1687365718038,617.9610470531414,22178450
2020-01-21,589.30908203125,591.9848651840864,586.4912571973825,591.9848651840864,14984804
2020-01-22,587.6513671875,594.3526456307169,584.5967492247966,591.0612337852921,18368310
2020-01-23,589.5458374023438,590.493013124663,582.9866570874867,587.2489478379233,11508920
2020-01-24,589.40380859375,593.8791908549719,586.8227200074896,590.0904878830103,11831756
2020-01-27,574.5567016601562,584.8809389292223,573.8700224675994,584.8809389292223,18888552
2020-01-28,579.2926025390625,581.4711527758164,574.5804268199824,577.2088623646235,13412158
2020-01-29,585.2835083007812,588.1960850182678,578.8427253732511,580.2871913795456,13788350
2020-01-30,580.6423950195312,586.7516319136959,576.4510963819321,586.7516319136959,12111984
2020-01-31,580.7607421875,586.2070018867788,577.8955128734751,583.1996731083684,11178268
2020-02-03,564.8955688476562,567.3344998460584,557.744346592457,566.8846145462204,13077010
2020-02-04,582.4182739257812,584.4073194738172,567.3581594243379,567.3581594243379,20897704
2020-02-05,589.4511108398438,591.0376185260882,581.2343734585951,584.8336294451086,18020682
2020-02-06,587.1542358398438,591.3691214293652,585.9228611888204,589.4511253356094,11827550
2020-02-07,588.290771484375,590.5640161625739,583.270752115284,590.0904283388669,6815448
2020-02-10,587.3910522460938,588.6460138398753,580.6424251679804,588.6460138398753,9219834
2020-02-11,587.5330810546875,594.3527577254539,586.3254667116565,588.8118029491535,11613520
2020-02-12,591.5111083984375,593.3581122126434,589.1668721260645,589.711451797723,6297930
2020-02-13,587.9119262695312,596.6733008644125,584.2179181807978,596.6733008644125,9112140
2020-02-14,577.46923828125,591.2269861835692,575.4091430350544,588.7642950823292,14688858
2020-02-17,576.4273681640625,583.9337227869158,575.1486464932532,580.1450206114938,10152690
2020-02-18,574.5804443359375,577.0667804849288,569.9629629163823,576.3090515064869,10529116
2020-02-19,581.18701171875,582.5130808809355,574.8883277259173,578.9611718511736,10012268
2020-02-20,576.4037475585938,582.5130422467998,574.9829840409186,582.5130422467998,11123414
2020-02-24,573.0175170898438,575.2907615812694,568.3053417555244,572.5439293050475,16568084
2020-02-25,568.447509765625,572.5677008658114,567.3582346048321,570.1997616562753,13886680
2020-02-26,567.9502563476562,570.5312871295188,561.5094728410021,567.1214775704135,13814786
2020-02-27,568.044921875,569.4893879376268,559.3072491927961,565.937479073151,20655098
2020-02-28,557.720703125,561.201562010712,554.1450919894718,556.7024777583055,24313056
2020-03-02,558.6441040039062,568.8499432443219,552.2743718262025,568.4000001906555,14664898
2020-03-03,559.6860961914062,561.367298227923,553.1505612982381,556.4656759635528,22369550
2020-03-04,544.081298828125,558.833569448218,536.6222914393035,558.0521380643305,34288870
2020-03-05,545.2653198242188,551.7298050681208,541.1924761730429,546.0467512820113,19549708
2020-03-06,537.474853515625,540.3163805679825,521.4202141076019,532.7863223170319,23053566
2020-03-09,524.4038696289062,529.66068340419,504.371079677857,525.6825337487523,34420590
2020-03-11,527.4821166992188,530.4183379455845,517.1578794969449,523.3145209195276,35538240
2020-03-12,483.67523193359375,511.4748425848141,475.2217009586306,509.10690349877325,59000770
2020-03-13,506.6442565917969,512.1615082677355,435.32191586076743,464.13972221452224,66342364
2020-03-16,473.35101318359375,491.1105559493614,471.2198680517016,490.1633803351871,31986322
2020-03-17,461.7954406738281,478.32366604285744,452.1342671386415,477.3764904665349,42676838
2020-03-18,415.2891540527344,470.2726861593095,409.6534476614327,466.4839837531922,61181406
2020-03-19,424.1215515136719,435.67710547774163,376.502303667405,401.12886944187676,67220048
2020-03-20,418.10699462890625,433.14340788887984,390.4968305499615,414.38934181029646,88637464
2020-03-23,365.39666748046875,397.2217739590976,362.294673119177,376.31286067374276,50276954
2020-03-24,363.5733947753906,383.606154859156,349.86302086691546,376.62073413795537,61057272
2020-03-25,405.7463684082031,410.81376390855485,357.67720424895873,364.87574495834104,47228042
2020-03-26,426.7499694824219,444.0833008932357,398.2873532998881,412.0687471848041,57043156
2020-03-27,428.3365173339844,468.2126182809355,413.0159337363424,447.51682439119236,55235936
2020-03-30,393.8593444824219,420.072420249184,392.13073727883244,416.75730532049823,39268444
2020-03-31,408.18536376953125,413.7263182768991,396.8666030278932,404.3492849888451,35211092
2020-04-01,392.9121398925781,409.10881994288405,388.3420059433593,409.10881994288405,29103504
2020-04-03,385.4294738769531,399.70815962480606,383.6061721517689,399.23457175795204,34996280
2020-04-07,424.3820495605469,429.686239120886,400.3474668108766,413.91576991550437,60412638
2020-04-08,420.9721984863281,447.54046196793706,410.17437373984075,416.7335819807689,56219352
2020-04-09,438.0924072265625,440.86291331760424,421.4931599122434,432.3856797751441,44457146
2020-04-13,424.0268249511719,448.3455758120512,419.6935139266889,442.33100497402285,34158056
2020-04-15,408.8483581542969,440.6734653560616,399.23453121457277,440.6734653560616,57978752
2020-04-16,416.63885498046875,421.8246470213436,405.5095420028717,409.65343513282806,53854396
2020-04-17,431.1070251464844,435.7008331905738,420.1908307047137,433.33289387975543,55883462
2020-04-20,447.4694519042969,455.0942333496393,442.8046233171163,450.38202863591187,66232986
2020-04-21,436.4822082519531,442.3310060307355,430.0177232076101,438.0687158227306,33178006
2020-04-22,439.7736511230469,441.8574491550055,429.68623603919485,435.29826921581855,38289354
2020-04-23,452.252685546875,453.93391649352765,432.1725508137539,442.8046029436081,40901222
2020-04-24,444.2490234375,453.88655236824343,438.54229631301587,441.8574108639782,33284568
2020-04-27,440.2945861816406,453.4129741043949,438.684376089416,447.61152351828474,27421072
2020-04-28,441.0997009277344,446.9721724701217,436.6479639199274,446.9721724701217,29441436
2020-04-29,462.7426452636719,470.1306325655098,442.3783690959177,442.80460969418954,55877778
2020-04-30,474.44024658203125,482.58596242566557,469.84643919589695,474.25082880760095,43793134
2020-05-04,437.1215515136719,454.64430059926866,434.51681854148853,453.4603310664581,26722324
2020-05-05,431.651611328125,447.06688862405014,430.04140122638694,444.22536178957523,29672858
2020-05-06,448.2035217285156,449.9084263081122,428.9048181789834,435.22720397595276,33785846
2020-05-07,438.0687255859375,446.7353767542662,436.34011851196357,445.4093366633235,21831730
2020-05-08,439.9867858886719,447.0432564098975,438.16348422991985,446.11975432207817,20807484
2020-05-11,433.7117004394531,451.8027601380309,432.8592481825579,443.75176755695486,28550784
2020-05-12,426.9631042480469,430.680786073331,412.5423489795209,426.7026367214937,49568418
2020-05-13,439.32373046875,454.64428410530485,436.69529507686207,450.3819939418176,44346966
2020-05-14,423.24542236328125,431.43848551680225,421.4931417233304,425.28184412084346,39554890
2020-05-15,420.6170349121094,422.6297831519755,414.38934350185036,421.7299547295974,24349628
2020-05-18,396.2272644042969,420.5459875978959,393.6935522032802,420.5459875978959,46649964
2020-05-19,393.3857116699219,410.7426869335507,391.2308640881771,407.68803988874686,47460692
2020-05-20,405.912109375,409.1798768985452,394.11978998824173,396.13253822530055,40014306
2020-05-21,407.0723571777344,418.65158380037246,403.63884588525394,407.97218549244775,48478908
2020-05-22,397.26910400390625,412.16344570269695,394.5223006173569,402.54961939702196,42047432
2020-05-26,403.6863098144531,412.85022348826647,401.95770253589467,405.8648024427237,38005152
2020-05-27,427.9576416015625,430.87018932741387,405.93580815185277,407.23817464619043,56025754
2020-05-28,447.6589050292969,449.908447265625,432.83561144259414,435.7008120888158,75488806
2020-05-29,450.6898498535156,452.276357450958,437.33466786286783,447.0668915536171,53025166
2020-06-01,467.7389831542969,471.21984178011917,457.5331433561633,461.74808616644845,39190230
2020-06-02,474.0614013671875,475.95575262140204,461.842841558605,467.2891014144718,41623594
2020-06-03,484.1251525878906,495.49126035224316,480.9047611690921,483.0595799849826,50546088
2020-06-04,474.3929138183594,492.03403078925146,469.3728657021748,486.87196992255116,54275882
2020-06-05,489.3819274902344,493.6679200813478,474.91382639752493,475.0558969523371,35195984
2020-06-08,481.1178283691406,505.15240775978157,476.6187445423211,502.0030375188065,49812664
2020-06-09,467.5732421875,486.25628719919104,463.9029366352295,483.05956946011673,61844146
2020-06-10,469.72808837890625,473.51679110565817,463.26363169469056,468.85196243554805,36497730
2020-06-11,458.7171325683594,468.0941941542392,457.0122280466569,466.4839840683493,30897714
2020-06-12,465.41839599609375,467.26539992093586,439.48946475133556,439.48946475133556,42644876
2020-06-15,449.8373718261719,461.27452905224675,446.5933068750192,458.43300217923496,32009936
2020-06-16,469.0413818359375,470.72261279198466,450.85559824373564,461.748117949204,45399970
2020-06-17,463.7608947753906,473.0669074428646,460.9193677203461,468.37837623983796,36957838
2020-06-18,483.035888671875,485.38015409345786,460.32734758550146,464.11605003476484,40870126
2020-06-19,489.3819274902344,493.9520611909721,479.34188954345046,482.08869292333486,47877752
2020-06-22,487.2034606933594,495.34914792027973,484.85919524719657,492.2708271479766,29694474
2020-06-23,493.62060546875,494.89926945201995,481.4256902585646,492.0577425460753,28830512
2020-06-24,488.9793701171875,500.819064308887,487.8191032108037,496.55677439987517,39429246
2020-06-25,487.2034606933594,496.79361386861143,476.90292580142204,483.95939574936546,70646790
2020-06-26,500.32177734375,503.42380036693316,486.84822838871804,493.0048694091979,39969138
2020-06-29,509.6041564941406,512.7061217829751,491.11053046272707,491.11053046272707,46005956
2020-06-30,504.7735290527344,510.7881286085143,500.25080039283444,508.6332810624773,35746130
2020-07-01,513.6533813476562,519.0522945133749,502.6188188972583,504.77360897345386,34846718
2020-07-02,515.9266357421875,526.2745191114437,513.9375320069659,516.3528763862364,36954496
2020-07-03,508.6095886230469,518.9575281785096,506.738939959749,517.6314592299118,27597254
2020-07-06,522.3673706054688,530.3710164045095,520.9466071314738,524.7116072131548,35558216
2020-07-07,523.3855590820312,526.4875244282308,517.6551583698904,525.3983071949202,24349850
2020-07-08,525.84814453125,532.7388693903838,523.3144616411611,524.2616371373442,30056350
2020-07-09,532.7625732421875,535.0121152953822,524.3800922946875,529.4711611519176,20114484
2020-07-10,523.3618774414062,530.4183473749359,520.7334997816465,529.4238245358104,17562978
2020-07-13,511.5932312011719,527.1032319619572,507.35464343064444,525.6351213147418,29922114
2020-07-14,501.45843505859375,506.2180156165715,497.26719455242556,503.23438932485243,26612674
2020-07-15,498.75897216796875,511.00120447573744,497.31450634324057,506.83360897006816,20974394
2020-07-16,503.2108154296875,504.6078765246582,489.7372058138159,498.9958718157995,23662456
2020-07-17,520.2125244140625,522.8409599731156,501.1980194464601,501.553210316007,28405738
2020-07-20,536.5986328125,545.9993382551166,532.3836902002798,537.5221058170345,65124096
2020-07-21,539.2034301757812,548.3909875427954,537.0485824919947,545.5968656816383,47512422
2020-07-22,533.4256591796875,542.021290153233,529.2581208183739,539.1797630751033,24718012
2020-07-23,535.3436279296875,541.7370628385348,528.6423494074719,532.7862424039471,20149122
2020-07-24,529.9921264648438,531.7917833346723,521.5385953018364,531.7917833346723,19598440
2020-07-27,511.2380065917969,522.3673193800389,509.27260574996956,520.8755063164347,37970094
2020-07-28,514.6242065429688,518.2945120793429,501.7662859081783,511.00124822550674,35596450
2020-07-29,504.18157958984375,515.5003400046988,499.89564452262283,511.9484313689292,33592086
2020-07-30,497.5750732421875,513.2034718863025,495.7043665966615,508.6333376902901,26956266
2020-07-31,489.12152099609375,500.9138114020133,483.08324741798464,500.9138114020133,37726696
2020-08-03,474.5349426269531,486.35093429151493,470.2726527231182,485.8773465244222,31783542
2020-08-04,493.312744140625,502.50035903602105,475.0085640821371,477.3765030855376,60306168
2020-08-05,486.63519287109375,500.0140489319608,483.0595816667043,496.2963382556168,33221360
2020-08-06,492.8628234863281,499.63515246884197,486.0195025792882,491.11057166842573,33646888
2020-08-07,494.3546142578125,495.9411218281457,483.3436978902163,490.09232405100107,24836784
2020-08-10,497.5750732421875,503.89745931328554,494.3310081161424,494.4257025592764,22172854
2020-08-11,505.1524963378906,507.21259194183745,496.5568652203703,496.5568652203703,20136148
2020-08-12,503.7553405761719,504.84461568563995,496.32003493297435,504.37102786604737,20666432
2020-08-13,501.5531921386719,507.37828750151994,500.3455201015752,505.76807738906166,19892740
2020-08-14,489.9029235839844,504.7972960094688,486.5168167379499,504.7972960094688,20924512
2020-08-17,489.09783935546875,495.84646604229073,483.1543177737902,495.84646604229073,19561012
2020-08-18,500.3454895019531,502.78447813082306,484.00671109417516,486.84823777378875,24040824
2020-08-19,505.1287841796875,506.644299971092,500.22716154357033,504.3710551894934,17715624
2020-08-20,501.5295104980469,506.24168626831124,498.2143956977765,499.6114566677705,19216734
2020-08-21,514.150634765625,515.6424479794565,504.1815879057319,504.56048129086855,28924302
2020-08-24,529.0213012695312,531.8154231788657,514.1506320521144,514.3163762281067,36779740
2020-08-25,530.2762451171875,533.7334592375407,523.8828097137209,529.9447567762272,27601738
2020-08-26,529.684326171875,535.9830679208438,525.4457378910326,530.8919983558789,25190062
2020-08-27,526.677001953125,535.1068882558171,523.906524774149,533.1651897600997,20645996
2020-08-28,527.8136596679688,532.7863321009106,518.5786965782196,526.6059875241332,38696610
2020-08-31,528.4530029296875,544.0577576301962,521.2781352761166,534.917488792034,38501166
2020-09-01,533.8756103515625,541.5950576766639,524.7353416550061,534.2070987245911,28877884
2020-09-02,537.1196899414062,539.4165795299666,530.7498984552532,532.3601087623225,19761682
2020-09-03,535.5805053710938,542.7079677503818,534.207089058651,538.58777662407,19833362
2020-09-04,530.0868530273438,532.9757270743686,523.0303831737506,525.6824633183799,23661370
2020-09-07,525.9192504882812,530.1815406768401,520.4729908029005,528.6660828453123,17615466
2020-09-08,526.8427124023438,529.8500411093245,522.3673309236393,527.576796599215,14624918
2020-09-09,519.2890625,525.6824982900137,516.8027263594391,521.4202077633379,15728872
2020-09-10,516.4712524414062,523.2435240032332,513.3692289025056,522.3673980437857,15188088
2020-09-11,510.83551025390625,523.2434879320994,507.2125518924717,519.265338707995,20794730
2020-09-14,501.0321960449219,518.1050595692076,498.3801158945213,515.2635327342759,21650590
2020-09-15,506.9757385253906,509.6515211503377,501.10323825911115,505.7917690286008,16505110
2020-09-16,517.9393310546875,519.0522508698061,505.9575360808241,506.83366198587436,18710112
2020-09-17,513.1797485351562,518.1050734094782,510.52766831390994,513.3691952247481,18318686
2020-09-18,500.7243957519531,517.2525634487629,495.94111280255106,517.1578690147392,23481778
2020-09-21,496.9356689453125,507.3782445611491,493.241661224128,499.63509610317334,19842878
2020-09-22,490.3528137207031,501.126936039716,487.55863417247144,499.18523764552447,18620678
2020-09-23,495.96484375,499.63514934948677,489.8555493189743,495.37285897588924,16079828
2020-09-24,487.98492431640625,495.8464709371609,485.42753840553,491.5841803560392,19809510
2020-09-25,494.4256286621094,498.19062828470265,485.7353047013704,497.2671552636158,20321544
2020-09-28,499.2562255859375,501.529470104583,493.78632129264906,496.76988968598556,16152422
2020-09-29,503.2108154296875,506.69167471915534,497.7408523955099,501.0559674923401,12644446
2020-09-30,510.8118591308594,514.7426615309505,498.2144334962937,502.00313641261533,18813842
2020-10-01,524.238037109375,525.6825031478362,516.2580935562258,516.2580935562258,21203080
2020-10-05,527.7425537109375,536.1013899485746,526.156046142108,526.629633942416,16940126
2020-10-06,541.8317260742188,543.6787298370856,533.3544938987045,537.5457916797883,19371990
2020-10-07,550.4274291992188,551.6587459363651,538.7534781835764,542.210692302306,21248778
2020-10-08,564.4220581054688,569.7262192332739,550.9484482424753,558.83369800105,35060674
2020-10-09,584.1942749023438,585.8281297469175,564.350933803847,568.7789683314858,44972388
2020-10-12,574.7698364257812,588.5512296372209,570.9574315684628,583.247069481048,19220546
2020-10-13,567.5712890625,578.9373965283816,565.9374342386844,574.6514615247294,18353952
2020-10-14,573.7515869140625,575.0776558026911,556.7024270883041,566.1978850601087,22582918
2020-10-15,553.7424926757812,576.3563083912129,551.256156916493,575.0302395285233,28246896
2020-10-16,567.9974975585938,569.9628984257118,555.5184710040381,558.8335854942584,25822848
2020-10-19,569.9866943359375,584.8810094688545,564.8008725613233,584.8810094688545,42359556
2020-10-20,579.6478271484375,581.2817399211143,571.0996011238872,571.8573301233379,27411978
2020-10-21,590.4219360351562,592.4583868682222,578.5822400545762,582.7971833858658,35640752
2020-10-22,584.0758666992188,591.9847599679864,579.1978891526778,587.2251793734391,21913060
2020-10-23,585.2598876953125,591.2507277442996,583.081337338208,588.9064910130453,15866230
2020-10-26,573.467529296875,588.1960996171958,570.4839027686133,582.4183510706442,19571976
2020-10-27,583.9811401367188,585.3545564024548,567.2871691713575,580.6186781144091,24317780
2020-10-28,572.851806640625,583.4601852065834,569.0157569202192,581.5658339559128,16571186
2020-10-29,562.243408203125,570.4127976829093,558.1232175029422,568.5894962307826,23060024
2020-10-30,560.514892578125,567.973900810896,557.1050255565358,560.0413047538221,11522716
2020-11-02,575.5275268554688,580.1450075276274,557.6495888683928,565.6295310832044,21926080
2020-11-03,591.013916015625,592.3399850790447,580.3818922361537,580.8317775553417,28164230
2020-11-04,595.4892578125,598.9938187800234,582.512941695457,592.9318723599285,23404822
2020-11-05,601.0775756835938,604.2979956500186,593.0976333063729,599.5621179411627,21433928
2020-11-06,619.287109375,620.4000291628225,599.3253716836275,599.6805625400184,35705724
2020-11-09,634.8682250976562,637.4255532777373,622.8627266687505,622.8627266687505,26288440
2020-11-10,660.0157470703125,660.6550791330761,640.0777092909375,642.658740059917,41517356
2020-11-11,658.2633666992188,670.0320702645637,649.0521067328153,662.9756001906362,36116194
2020-11-12,649.6204223632812,657.6004237819327,644.0794677139719,652.3199077601627,27053948
2020-11-13,643.5111083984375,648.2469862706338,637.9227493848422,648.2469862706338,22472480
2020-11-14,648.6732788085938,651.1596151122721,646.5421334054408,647.7735081094111,1835066
2020-11-17,667.0248413085938,668.9902426165448,653.8354301192207,656.298121836649,31059900
2020-11-18,667.1431274414062,672.0211050279592,662.5730513057764,664.4437000382147,18862776
2020-11-19,650.8753662109375,662.7624081519232,647.8680953131696,658.14492720945,20266882
2020-11-20,664.7515258789062,667.0010679250034,646.4710483928237,650.0703041043771,20405362
2020-11-23,660.4655151367188,674.2232634515739,651.3489502514798,670.1267175383426,25246636
2020-11-24,681.1139526367188,684.334372809639,663.9937998702551,666.8116241633022,40154400
2020-11-25,664.3489990234375,693.5219963829492,661.6021666174429,687.3180076712156,24152602
2020-11-26,675.64404296875,678.1777261235598,656.8662752328055,670.1267335648304,27943126
2020-11-27,682.3690185546875,684.8080074601961,670.3872810499112,678.0830833467495,17994580
2020-12-01,678.7933959960938,686.2287011031041,675.0993881452553,682.3689490895632,17147574
2020-12-02,666.3143310546875,678.0830341152878,660.5602855423987,677.7041407514697,17892150
2020-12-03,652.2251586914062,678.1777957887336,650.7334032246226,676.7570322500701,37933222
2020-12-04,656.2033081054688,663.7096639052261,650.3782122840587,654.0248155752419,26912322
2020-12-07,649.880859375,653.527462315225,643.1795804342909,651.1832258266534,24316318
2020-12-08,651.7989501953125,657.7187980398132,646.5184343558151,651.1832628950788,19457896
2020-12-09,666.4328002929688,667.7825719160998,651.2069971437802,652.1304703281169,22069074
2020-12-10,656.3217163085938,663.9701717176157,651.5384905424463,662.075820300447,19727966
2020-12-11,654.877197265625,660.6549449862631,650.2360139542217,658.3107086284568,21356384
2020-12-14,649.8336181640625,657.3399744658963,647.8682169087508,654.9720350766099,17222050
2020-12-15,658.9027709960938,660.631320326763,646.920975772821,653.9300987811489,21561436
2020-12-16,668.0902099609375,670.9791414594896,660.4181116023998,664.9171951880742,16832092
2020-12-17,682.8189086914062,684.3343665170745,665.1540607427205,671.831637116775,21924478
2020-12-18,668.3981323242188,681.8243349393504,666.0065486123938,679.5984953959074,22995918
2020-12-21,650.0703125,674.3179850066851,647.2524303718895,671.3107140052659,23761824
2020-12-22,650.2833862304688,655.8243980885657,636.9755808252437,655.8243980885657,22851558
2020-12-23,651.4910888671875,654.0010695985399,644.5767183346328,647.6313366151035,15467394
2020-12-24,661.6495971679688,664.9173650112106,652.1304926071488,658.0029937178846,14952188
2020-12-28,669.1085205078125,672.9682726910083,664.9172799846416,665.3908677908984,11699194
2020-12-29,675.904541015625,679.48015232617,672.4947316976208,672.9920220532118,14495346
2020-12-30,678.4146118164062,681.9191735548343,669.1796485141934,681.9191735548343,16216726
2020-12-31,680.2141723632812,683.8607752565193,674.8863096751678,679.5984851060285,22145750
2021-01-01,674.8863525390625,683.3872308658292,672.7788520330828,681.9664673920958,8810938
2021-01-04,670.600341796875,681.0192736609507,662.5493489928165,681.0192736609507,15740192
2021-01-05,675.6676635742188,677.5857172103831,667.2851829805555,672.1157552191057,14386824
2021-01-06,672.755126953125,681.9663859162719,669.2268633949402,679.5984470762849,22134050
2021-01-07,670.71875,678.4618992939315,668.9664981906012,678.4145520741395,19894842
2021-01-08,678.0120239257812,682.9136463718647,673.962824881487,678.1777681029891,13768764
2021-01-11,687.3889770507812,693.7587675349387,680.2141682562502,686.7022978773078,17331392
2021-01-12,701.3836059570312,704.5566214281087,686.2761419775225,687.8626497130612,20388156
2021-01-13,696.48193359375,708.9136137714456,692.4327346400382,707.019262506273,16934650
2021-01-14,695.5820922851562,704.6986575797872,689.5438477393617,696.7187145853906,12297166
2021-01-15,694.5875854492188,696.9555245413233,684.3343976182036,695.7478524799448,14165236
2021-01-18,702.3779907226562,711.7313489217837,694.75323939848,696.1266554557428,42825632
2021-01-19,712.2050170898438,715.8990251352752,694.7533178392471,706.4983186612751,17360254
2021-01-20,706.593017578125,710.8553078986365,703.751490697784,710.8553078986365,13346052
2021-01-21,698.4473266601562,707.7059336769149,695.2979561553767,706.5930138834698,26333054
2021-01-22,683.6475830078125,695.1794325402477,682.0373731818848,695.1794325402477,15392364
2021-01-25,692.7879028320312,701.3835329786784,689.1412998903074,693.853475383822,20344718
2021-01-27,667.5693969726562,697.073942054867,665.9355420753217,695.2269379463488,23556276
2021-01-28,649.501953125,663.6385949413054,635.5548157983885,658.2396825593556,42704446
2021-01-29,658.5238037109375,667.1667806384634,646.2105215128186,658.926341759059,28704502
2021-02-01,699.3707885742188,702.0939184433921,663.4965124716306,667.8771996524747,26370544
2021-02-02,739.0574951171875,747.5583733559366,709.1504127425507,710.8553173311757,42420206
2021-02-03,745.8060913085938,749.0738008830458,730.2723883286894,747.7951369461741,20237254
2021-02-04,747.842529296875,752.0574725376579,730.9591116288991,741.6385402984712,24484684
2021-02-05,756.6039428710938,766.383543603958,733.1139969095794,733.1139969095794,27054716
2021-02-08,760.226806640625,772.7295359697247,755.7040200816045,767.2122266050849,17447580
2021-02-09,763.3525390625,771.0009941477288,751.4417934690837,762.4764131313533,18421366
2021-02-10,749.0975341796875,764.7732794572811,742.1121138356696,761.6949586277138,19788006
2021-02-11,744.6458129882812,756.698657949199,740.7860606113193,749.2159471102909,13648618
2021-02-12,749.1921997070312,754.1885741389179,744.9536120066047,745.3798525902982,9910106
2021-02-15,765.6019897460938,769.5801386403439,756.177581409158,757.7877914152841,10355244
2021-02-16,770.3616333007812,777.1576069056083,761.7423003535508,767.7805450141519,13897358
2021-02-17,751.3471069335938,768.0647807827121,749.6895494962994,767.2122995476974,12794426
2021-02-18,736.0975952148438,760.5583606487642,733.1139687293299,760.5583606487642,14720560
2021-02-19,728.89892578125,740.7859672547971,726.0100519443253,731.6931051885078,17139508
2021-02-22,733.1138916015625,745.3798268023176,729.0646929130805,731.7168307594127,29451838
2021-02-23,724.1868896484375,737.7077884015558,721.1085685500753,735.8371394738815,18239906
2021-02-24,760.795166015625,764.3470748323017,718.0775657714667,722.931841154258,14314332
2021-02-25,760.771484375,774.908069216845,758.6876864081806,762.3579920072215,20109570
2021-02-26,726.673095703125,752.4836295180887,720.3270079368773,751.6075036939108,27912846
2021-03-01,738.2760620117188,744.7405472981088,729.6567290261943,740.6913483244873,13536018
2021-03-02,742.680419921875,751.8206882642336,734.5347322820953,746.2323286853281,16110038
2021-03-03,751.5128173828125,755.8461574794367,741.1649351223799,750.1631036638017,11222410
2021-03-04,735.031982421875,744.0064482821596,728.8989856058892,733.3744250896104,16291438
2021-03-05,724.5894165039062,731.9773754629191,720.3744730417781,725.0630043578303,17445822
2021-03-08,719.61669921875,736.4290669859535,716.3015844477521,730.272425268386,15117050
2021-03-09,739.98095703125,741.4964149068451,728.496452578125,731.6931703125,15066696
2021-03-10,736.7842407226562,745.9008061309231,735.0793361565595,744.4800426906737,11055016
2021-03-12,734.984619140625,757.7405377905536,726.9810309590243,757.7405377905536,15631204
2021-03-15,723.9500732421875,733.3034332122131,717.6276870525,733.3034332122131,12230386
2021-03-16,716.1358032226562,729.5146585706096,715.1175778906098,725.0155744712979,13722366
2021-03-17,708.1795654296875,728.8516862209648,705.7405764899419,721.8662655765469,21064428
2021-03-18,706.119384765625,720.8243085586888,701.4545566632114,715.9463312672258,18065540
2021-03-19,709.19775390625,715.6858838559789,698.0921427541265,703.2779062108723,21235020
2021-03-22,695.7715454101562,707.9664315664949,691.6276520560606,707.9664315664949,14015632
2021-03-23,710.4526977539062,713.9098537543666,695.7477745153468,696.1740150663642,19761428
2021-03-24,700.3417358398438,713.4363936460627,696.6477274847226,706.0721372637486,16368900
2021-03-25,693.0247192382812,708.2742816057414,686.8207304085842,705.7405405403921,23964356
2021-03-26,706.261474609375,709.9080773660381,698.0683829469915,707.5401384822288,12021258
2021-03-30,735.8134155273438,740.0047142264807,711.1158555293341,713.5311419893512,25607644
2021-03-31,707.3744506835938,733.1139368392285,704.698667969491,733.1139368392285,30774506
2021-04-01,704.1066284179688,710.0975253674159,693.8060942541276,710.0975253674159,35763762
2021-04-05,686.5128784179688,703.2778984689253,677.704156706419,700.9099594168414,16006586
2021-04-06,682.0848388671875,692.6932173036304,678.4855830970582,691.4381980531808,15075734
2021-04-07,685.3762817382812,689.87536610547,673.228800195683,681.6349841449041,25088180
2021-04-08,678.556640625,691.8644465891563,677.4673655322455,688.123091309579,17613592
2021-04-09,673.323486328125,678.5566548887363,670.1741157477531,675.3362345728195,28157816
2021-04-12,647.4182739257812,662.54938215217,640.7643417097112,659.7078551379362,22549128
2021-04-13,663.188720703125,666.0775949671928,644.5530507466788,647.8681656292848,18600682
2021-04-15,677.2778930664062,680.4035609465851,658.7606218714734,665.3908509916752,34444984
2021-04-16,676.5912475585938,684.3343968185246,674.1522587343736,679.5748161245511,15606526
2021-04-19,668.8954467773438,671.4054275301584,649.9045868073125,658.2870680749406,24069242
2021-04-20,658.9501342773438,675.5257087311528,655.4218701712806,674.8626741907973,23186270
2021-04-22,673.6786499023438,675.7151005800558,649.3125805575211,653.551168270815,38485312
2021-04-23,669.7242431640625,679.4090911892929,663.1176582311249,667.2852542707776,22713528
2021-04-26,665.296142578125,676.7569438349715,664.3252644958056,669.1795392853847,30170952
2021-04-27,681.3507690429688,682.9136319631285,665.2961882990259,666.4564553260143,20592906
2021-04-28,699.39453125,700.4364013527586,677.7041854873546,680.1905215976332,24103940
2021-04-29,697.3580322265625,712.1103036895167,691.9117725521276,703.8461619317026,24078552
2021-04-30,668.8480834960938,688.5019775026257,666.5748388962347,684.3343816732215,35232902
2021-05-03,669.8662719726562,673.394535934582,652.2725306270976,659.7078363110799,22473700
2021-05-04,657.505615234375,673.9154441830442,655.1140315140075,667.7351002247756,21486328
2021-05-05,664.2542114257812,667.5693258995556,654.3562152204534,663.4964825368345,14421612
2021-05-06,663.44921875,668.1377499432683,660.6550389228186,666.6222341637894,11477044
2021-05-07,670.00830078125,674.838872933729,667.877155806155,669.1558196668091,12048334
2021-05-10,672.423583984375,677.2305114143073,669.0848248909298,675.809748103648,11060050
2021-05-11,664.7042846679688,674.4838280318311,660.678787732968,661.1286730895307,14519034
2021-05-12,662.7861328125,667.0957702739445,657.7424111292165,662.9045297636991,13774926
2021-05-14,656.7952270507812,662.5019831493979,654.664081956677,660.3471355409549,10604142
2021-05-17,682.0848388671875,683.1977586511666,654.1668607756777,660.726040338843,15120692
2021-05-18,699.3471069335938,702.2123363536926,689.0702744188992,690.9409231735007,22165280
2021-05-19,690.5857543945312,700.3653547002302,687.9100293890692,696.2688083859091,10130916
2021-05-20,678.556640625,694.2323856507859,676.5201899075936,690.6567745433202,10684184
2021-05-21,709.1030883789062,711.2815808574237,683.3872458173004,683.3872458173004,19341646
2021-05-24,715.0938720703125,720.066543946563,709.6713149106149,711.9208569498711,22146102
2021-05-25,700.4126586914062,716.8935373735985,696.41086487721,715.3543770125982,19236974
2021-05-26,699.5128784179688,704.2250538719275,696.1740613259808,700.9099392941847,12283990
2021-05-27,702.1649780273438,705.1722490585071,692.5984695791637,697.6421913176409,20439496
2021-05-28,712.0155029296875,716.5382892146984,700.3179082460247,706.0720111591569,17750020
2021-05-31,717.8880615234375,719.6166685711843,704.461858834904,710.3817063881385,15661054
2021-06-01,715.922607421875,723.1685234134856,713.8151649737893,719.9955084849281,11030162
2021-06-02,712.2760009765625,715.2122220051217,707.0665355438882,715.1175275762031,10624016
2021-06-03,720.1139526367188,722.1976927085534,704.5802496675188,714.1704026204795,10287260
2021-06-04,710.8316040039062,720.1613185961918,710.002825332082,717.9591237059993,9424476
2021-06-07,710.3106689453125,717.0119480537238,708.4873674295712,715.1175968039121,8091668
2021-06-08,702.3544311523438,710.9974087636919,701.6203469157421,708.7478666456698,9872540
2021-06-09,701.052001953125,711.3288334802004,697.1449028344755,702.7569063699707,10223442
2021-06-10,701.4072875976562,705.1722877692647,697.9027260492259,701.9045201388227,11483540
2021-06-11,703.9172973632812,708.7479281753265,701.4073164160874,706.1194924532565,7205974
2021-06-14,700.6494750976562,703.7514984338662,692.645887212192,700.0811928397461,8881964
2021-06-15,705.7642822265625,708.4874123207096,698.4473731849562,703.7515338961059,7569602
2021-06-16,703.0884399414062,707.540176846552,700.0101192255411,704.6986500319072,7702098
2021-06-17,694.3270874023438,700.3179848535726,691.4382132789289,694.2797401828149,9283802
2021-06-18,700.8152465820312,705.6458189970701,689.0702460676088,695.9372691383855,11938060
2021-06-21,705.0302124023438,706.4983809928871,690.9646763172761,692.0775962076742,7260472
2021-06-22,702.7096557617188,714.17045829429,700.909998856465,708.960992086573,14366824
2021-06-23,703.5147094726562,709.3398628067645,700.2469419391567,705.645854671328,7844868
2021-06-24,713.3416748046875,716.7514840843272,704.6986968360997,705.6458725038901,14785024
2021-06-25,717.5330200195312,720.8007881112811,713.6969695687915,715.6386684082007,10383176
2021-06-28,714.3361206054688,721.2741931855088,712.749613095332,719.853429837146,9356786
2021-06-29,714.4313354492188,717.3564596471477,709.722512551715,716.7857178673613,10971692
2021-06-30,712.4573974609375,717.7369619104611,710.6499518008912,712.5049495969985,9679022
2021-07-01,707.154052734375,714.4075246053683,705.3704121103602,714.4075246053683,16911442
2021-07-02,704.1337280273438,708.3431080594358,702.5165490037177,706.3216487952071,14827036
2021-07-05,711.2919921875,715.5965342788664,706.1075904984567,708.6759862463011,7373882
2021-07-06,729.9608764648438,732.4817785375456,711.5537277221872,712.029365240718,17669032
2021-07-07,732.2440185546875,735.0264866491946,726.6314721610221,729.6280119927837,9629190
2021-07-08,723.1830444335938,731.3877916578379,719.8535817918715,725.3472183752016,8420922
2021-07-09,714.407470703125,721.0663951970289,712.2671021157987,719.425469171231,10695842
2021-07-12,707.2728881835938,714.4074499339326,705.8459758335259,714.4074499339326,14458978
2021-07-13,714.3361206054688,716.3575798470209,705.8935555378092,711.6012051610156,18178142
2021-07-14,713.052001953125,716.95220640485,709.2230966806467,712.2671884304233,9788494
2021-07-15,723.302001953125,726.1796323666229,713.2898663223192,715.8345156127509,10438802
2021-07-16,724.0867309570312,727.701564317052,722.3982526817174,726.7502893243508,5170628
2021-07-19,699.6627807617188,708.1528987460736,697.2845931996463,707.2729809603507,25111600
2021-07-20,686.416259765625,691.5769149534121,683.0867973139923,685.8692650363275,24174250
2021-07-22,689.0560302734375,698.4736760969855,687.2961947294137,692.5757594227039,13207114
2021-07-23,686.2260131835938,693.217861311592,682.6825369811414,690.3878413695973,13126684
2021-07-26,682.3258056640625,686.8205568594655,679.2579089216915,680.161631792961,13167166
2021-07-27,684.799072265625,689.6268043734378,683.0629838249257,683.0629838249257,22401430
2021-07-28,674.1210327148438,684.2996284750666,667.7950309210904,682.5635980986397,20670342
2021-07-29,674.5728759765625,680.1378114327916,672.2184936053619,679.3292509173456,13702230
2021-07-30,678.47314453125,680.994046713365,669.6738500565182,674.9296680888878,11655488
2021-08-02,676.6657104492188,682.5398220441142,673.6216187944088,682.5398220441142,13258786
2021-08-03,682.3970947265625,684.8704445513364,670.6488717578449,670.6488717578449,12033120
2021-08-04,696.95166015625,701.3275019831323,684.9180080404954,685.393645546079,22053948
2021-08-05,706.2503662109375,716.8095540851317,693.1941393958622,697.8078001562104,18822408
2021-08-06,709.9603271484375,713.4562511669117,701.0896761466853,705.632037503602,13339270
2021-08-09,715.311279296875,716.9522055194989,702.0409808514629,709.6511811858961,10998048
2021-08-10,717.0948486328125,722.8500504507084,708.2241981385786,708.2241981385786,14838346
2021-08-11,711.0543212890625,722.4220701727036,709.19938132137,720.5433251033847,12585786
2021-08-12,714.1221313476562,717.0710605291638,708.3669293933626,712.0293148021268,8597674
2021-08-13,725.9179077148438,728.2009908715206,713.9318662953315,714.0269705680195,16658428
2021-08-16,728.0107421875,730.1035587891065,723.6586474723767,725.8941785477451,6252778
2021-08-17,720.42431640625,724.8715152055369,715.977117606963,721.6371571363015,8282666
2021-08-18,719.6395263671875,744.5391374947473,717.4278004141593,740.4248615711514,22985932
2021-08-20,720.471923828125,722.8739164966347,706.8211504103504,706.8211504103504,13150406
2021-08-23,725.1569213867188,729.2236452390042,717.570526480986,727.6540182634369,10843054
2021-08-24,741.447509765625,744.1348732691891,726.5124805626797,727.725379419533,18381314
2021-08-25,740.7578735351562,744.2776027396884,736.2868693056814,738.2369714945701,7727974
2021-08-26,739.5211791992188,747.226483172308,734.1226473371297,737.2380960643395,11119002
2021-08-27,736.5009765625,741.3525146430138,734.9789595536489,738.1895131708546,6382138
2021-08-30,745.9185180664062,746.750883701105,737.9991419868863,739.9016920090548,9049166
2021-08-31,752.1731567382812,753.100626642032,743.040881869667,743.6592338463132,12062576
2021-09-01,751.0792236328125,760.0687847011596,748.8913025732014,749.1291213418814,12422558
2021-09-02,755.7879638671875,757.2148763225692,747.345398506179,748.7009537265483,9618524
2021-09-03,749.62841796875,760.0686366557762,745.9422277722028,754.4085394514163,10735334
2021-09-06,744.7056274414062,751.959099481168,742.9219867758911,751.4834619703639,7876896
2021-09-07,746.3941650390625,752.4585433116437,739.7114347769459,743.1836118359313,7245496
2021-09-08,749.7949829101562,751.7450850903009,744.6580745740106,747.6783611524173,6724080
2021-09-09,746.0850219726562,751.2456775887658,742.47018833739,748.6534762607636,8250948
2021-09-13,739.8779296875,753.4097932161694,738.9742068333936,742.9457683103893,8959164
2021-09-14,736.5485229492188,744.134918355455,735.620994925657,741.994549462774,9758506
2021-09-15,735.716064453125,739.5211642267409,730.1035190625556,730.1035190625556,14822998
2021-09-16,741.970703125,744.0397727219095,730.7219225742858,731.411573732443,10260550
2021-09-17,752.5298461914062,755.7879512981008,741.6139312525427,746.2752017537572,20498102
2021-09-20,741.9231567382812,752.3158246968031,741.04323895895,743.8970640127071,8781610
2021-09-21,738.16552734375,746.1087077035227,727.2258658449457,742.9457070057563,14774996
2021-09-22,729.4852294921875,737.3095014073501,727.7253939209189,736.7625066558845,10582202
2021-09-23,746.7508544921875,747.7021294660628,733.4330048579319,733.4330048579319,13664304
2021-09-24,761.7572631835938,764.8012967419484,749.1290643037012,751.031614308282,20806702
2021-09-27,772.9585571289062,777.9051991730677,764.82516678098,768.4875526262753,16415462
2021-09-28,768.1784057617188,776.2404385627441,752.4585623812875,776.2404385627441,12773790
2021-09-29,758.0948486328125,764.1592270047574,753.9568254387971,759.5931184310665,16263036
2021-09-30,758.6179809570312,764.0402598802681,752.9816883907416,754.3610487049043,15975348
2021-10-01,752.7914428710938,755.7879823250635,744.4915917774107,752.9341573446038,11128596
2021-10-04,754.2421875,761.6621211029538,753.2195552330974,755.7880094198329,7051028
2021-10-05,758.8558959960938,759.830976185328,749.7236783800458,757.2149696945492,10257178
2021-10-06,768.1070556640625,773.7909008998,754.8367570191563,759.1174947716279,18600830
2021-10-07,766.0142211914062,774.19516325999,764.3494898817696,773.6719736034911,11265724
2021-10-08,762.2804565429688,771.4840306228035,761.0913627843023,766.7276555881376,7245562
2021-10-11,777.0966186523438,782.4237357564093,760.5444094069899,760.972494795636,13080848
2021-10-12,775.098876953125,780.7827800509983,772.9109560129631,772.9109560129631,8176946
2021-10-13,779.7601928710938,783.8506640933167,775.2891883932683,778.6186511655094,6225644
2021-10-14,802.5906982421875,803.8273440823788,779.0941950336901,779.0941950336901,14757288
2021-10-18,794.4573974609375,820.4747473854239,792.9115754731099,810.9619966911002,28856456
2021-10-19,803.2090454101562,804.9926860848645,794.7902846500209,796.9068483595202,8987540
2021-10-20,796.1458740234375,807.9892602226093,791.6748695952446,803.3993464110135,10908568
2021-10-21,797.3111572265625,799.998462628159,789.962523081634,795.1707884960194,9738190
2021-10-22,799.4276733398438,812.388794326612,794.6712986658004,799.118497373788,12175554
2021-10-25,788.13134765625,803.827385358517,767.5838306159519,803.827385358517,16426766
2021-10-26,786.1099243164062,796.1458645438692,783.0658325252933,784.8019211145486,12090656
2021-10-27,781.3773193359375,791.9602538614304,778.761313048737,786.1098893037489,13249642
2021-10-28,757.9758911132812,784.8018571141539,754.9080525326855,784.8018571141539,17797750
2021-10-29,752.8628540039062,761.9713243308421,741.9945480375242,756.2636739613226,12406874
2021-11-01,763.5408935546875,766.252004050304,753.1957780437663,753.885429186674,8122320
2021-11-02,764.2305908203125,771.4840630530865,761.043842637615,763.873862677717,13237722
2021-11-03,752.1969604492188,765.7288832277255,749.3907454269682,763.4457998232535,10207338
2021-11-04,758.1423950195312,759.9973929432354,756.3112021961033,758.6418376355663,1096808
2021-11-08,761.138916015625,763.2554796846038,746.9648951674751,757.2624587445608,18943580
2021-11-09,747.8211059570312,758.4515931319643,746.2990890867115,758.4515931319643,12695476
2021-11-10,739.7352294921875,746.2752451845312,737.2381325914745,745.7996076796335,13714126
2021-11-11,736.4296264648438,739.5688226168478,730.3889948696312,737.2619921599097,7999404
2021-11-12,738.6650390625,741.5426691680743,734.8837441539887,737.2381265594817,14914092
2021-11-15,740.6865234375,747.6308195742927,739.3309681261308,742.9933537829838,9533594
2021-11-16,736.286865234375,740.6627071004274,733.2427735591466,739.6163278032643,8245406
2021-11-17,728.1058959960938,734.3842876661621,727.0119065399798,731.007273085122,7598878
2021-11-18,732.1964111328125,734.1465133558511,725.4661286012387,725.8466618423676,9152874
2021-11-22,720.75732421875,738.5223744689714,713.004467265438,735.3356262214785,15261272
2021-11-23,720.8524780273438,726.6790377392206,711.7202026626078,714.407566305228,11235214
2021-11-24,722.0415649414062,730.7456967746908,720.1390148495992,724.8715849784808,30802286
2021-11-25,725.799072265625,729.2950545918285,716.7857642148182,720.4957602069751,10251652
2021-11-26,708.65234375,716.6430191487968,706.3217083190601,713.4562710293536,18624936
2021-11-29,714.05078125,717.0948727956322,695.3820097835137,710.9829426666183,12990996
2021-11-30,710.3883666992188,727.2496917899412,707.0589044084865,711.0780178063845,25221542
2021-12-01,715.66796875,716.8095103506997,708.2717824753072,711.0780553091722,8677634
2021-12-02,725.7039184570312,727.15463606218,713.4562527842353,715.596621542588,11203110
2021-12-03,719.9011840820312,730.5554179694886,716.8095402344054,725.7277436410184,8124694
2021-12-06,715.2637329101562,722.3982957810733,712.1958360389292,719.6395749131635,7029532
2021-12-07,725.6801147460938,728.6766542380091,718.165077039117,720.0913740885894,12427534
2021-12-08,739.045654296875,739.6402012391072,729.6280075074261,730.5792826149977,15295534
2021-12-09,726.2271728515625,739.4736668471489,723.9203423741131,734.9551101766141,11747744
2021-12-10,724.1818237304688,726.7740246120937,717.4752892271596,725.2995601272828,7779384
2021-12-13,718.7596435546875,731.3640377223576,716.8808405306988,725.8228490514963,10322142
2021-12-14,714.62158203125,721.0664937719724,712.0531858243114,714.6453871321823,9191100
2021-12-15,713.456298828125,724.5624236009718,711.387287173768,714.8832114257813,10115148
2021-12-16,713.5037841796875,721.5420693396168,710.6024071149554,719.5444151143828,13210432
2021-12-17,700.6378784179688,716.3101116196879,698.0931712139019,712.0293739008451,14994768
2021-12-20,678.0926513671875,693.4795137394923,672.599014710812,690.6256885800706,21156668
2021-12-21,685.774169921875,690.0311023174055,680.1616242039565,684.6801804486681,9118750
2021-12-22,687.3912963867188,692.5282046456658,682.872740106407,690.7683691083477,8577484
2021-12-23,686.8681030273438,693.3843716225142,683.4197311478777,691.220197770224,9779166
2021-12-24,684.394775390625,690.6256147099941,679.2103152933,687.5339711179728,5561024
2021-12-27,690.0548706054688,691.5768872980073,676.4278453611157,679.6383983110893,4705098
2021-12-28,694.8113403320312,697.712717708256,691.2916109304961,694.7637301291435,5450678
2021-12-29,691.505615234375,694.9064352050838,688.4377763732563,692.5520526429435,7668702
2021-12-30,695.1442260742188,697.6888751595437,687.2962071004079,693.7173135335258,7215918
2021-12-31,703.6581420898438,706.2265962494574,695.1442190705774,695.1442190705774,6325736
2022-01-03,722.8025512695312,724.3959253104654,704.1813312029835,706.3216999908345,9069184
2022-01-04,727.03564453125,729.104655818281,717.1661674829916,722.9689211254346,8857352
2022-01-05,744.3013305664062,747.7021503050373,726.8216524342752,730.9597335226943,14332638
2022-01-06,732.36279296875,739.4973550044904,727.749132743457,733.9086147431605,9628930
2022-01-07,737.499755859375,745.2050602081262,730.5316548059,734.3843069802756,11179384
2022-01-10,741.5902709960938,747.7022016813078,735.0978070600898,741.0432762210418,8856496
2022-01-11,744.80078125,746.1325314282669,736.191754015291,742.731769713943,8389198
2022-01-12,740.4011840820312,749.9139348284391,738.1894579212469,745.7996585183731,21085530
2022-01-13,726.7740478515625,739.6162594300914,723.1592147231823,739.6162594300914,41963896
2022-01-14,734.9313354492188,736.619813831022,722.493402522968,727.7254153127986,11208968
2022-01-17,723.6824951171875,740.0919897485006,722.5647585444003,727.7254140843227,22989372
2022-01-18,727.36865234375,737.6662159084163,724.3959179463994,729.1522929821604,12341152
2022-01-19,722.2317504882812,732.3628526288228,719.8060108107658,729.6279369589961,14317626
2022-01-20,717.7369995117188,727.0119309169397,713.5038140786304,726.9881258170541,15197846
2022-01-21,723.72998046875,727.6302426550222,706.6070311292943,713.4562224773198,11537694
2022-01-24,707.1065063476562,723.5635523601698,698.0218416410312,718.1888253449379,11868508
2022-01-25,707.7724609375,711.0781185988046,686.8206041850661,693.7887057220415,13594248
2022-01-27,701.54150390625,706.321683981928,682.5398091003816,689.6743715648455,28617838
2022-01-28,695.9766235351562,707.1303005135713,694.4308015454147,702.7544584132536,24925208
2022-01-31,706.6547241210938,709.4372503923628,697.665220374995,700.4952407304369,12842546
2022-02-01,712.0294189453125,721.5421700334263,700.8281313145686,717.499250820978,14739484
2022-02-02,728.2960815429688,730.1035271800179,716.1197737442617,719.1400601109066,13969290
2022-02-03,720.75732421875,732.4579959215433,717.7370374956087,727.1308787749581,10564762
2022-02-04,724.87158203125,729.0809624800141,720.1627589609288,726.9643987359728,11579958
2022-02-07,698.3073120117188,722.4934709033818,694.4308541928489,719.2115600487182,12268042
2022-02-08,695.3107299804688,703.2063015747357,687.0822353308985,702.2312794492199,13981130
2022-02-09,712.3147583007812,713.313585508527,697.7602613931682,701.0897241264689,11308342
2022-02-10,725.3947143554688,730.3413557953064,714.2410385936968,720.1151499017218,14314530
2022-02-11,722.4219970703125,725.3471792743838,713.2184231619269,713.5751512828815,10711104
2022-02-14,700.947021484375,713.1946881745109,698.8542627513499,708.6999366331057,14656620
2022-02-15,721.922607421875,725.2996219974043,700.6378296890821,702.0409370637402,13135066
2022-02-16,720.947509765625,729.9846218788012,716.7856818187674,729.7943552747017,10032264
2022-02-17,716.5479125976562,723.9202940415751,714.4075437913573,719.6871085679842,7351208
2022-02-18,719.3303833007812,721.5421093550166,708.9139101230298,712.6477110600987,7796128
2022-02-21,723.9677734375,728.058244021846,711.3396335859223,715.3587469383176,7468066
2022-02-22,718.5454711914062,723.9677497238454,707.7247192234698,708.6046949533486,9536196
2022-02-23,713.8843383789062,725.6801135920207,711.3872414933543,725.3947427030585,9029562
2022-02-24,675.1199340820312,701.5415645216091,669.2933742326196,689.6268790132194,23630766
2022-02-25,692.5758056640625,697.2370767488001,681.5172329343914,684.8942478331431,18318654
2022-02-28,678.3780517578125,684.2284168134124,672.5752969059163,678.2591423710013,24880832
2022-03-02,653.6448364257812,665.1314936990638,644.2034436334029,659.4713958190617,38505560
2022-03-03,652.0989990234375,662.0873863170132,648.2463469653018,656.8553739251402,17527922
2022-03-04,649.9586791992188,659.2336109550803,635.8798200435912,646.8670352805982,21219364
2022-03-07,630.1246337890625,633.715662365495,616.9256921049088,627.1280940741168,27054458
2022-03-08,631.5515747070312,634.5005043513404,614.5237268530224,619.3752067352665,39212492
2022-03-09,652.17041015625,653.8588885491644,627.2945441400525,632.5979142059786,23134694
2022-03-10,662.4203491210938,678.7347392382749,656.4986852373013,678.7347392382749,22273206
2022-03-11,664.3704833984375,670.149432575976,652.9075731964616,660.1848501728542,15150780
2022-03-14,686.1309204101562,689.6743966720176,673.0270836488999,673.0270836488999,25018126
2022-03-15,677.307861328125,689.4366186763464,671.481301425548,686.5827934179413,18867928
2022-03-16,688.79443359375,692.0525387446689,683.1105308271242,688.2474388752825,13364108
2022-03-17,703.9673461914062,708.6048120871039,699.4487896776494,700.1384408684183,14823954
2022-03-21,707.0350952148438,710.4359147186346,700.518885136643,707.2729139485184,12257876
2022-03-22,710.6737670898438,712.5049598135698,693.0989270027054,704.561836957358,10461814
2022-03-23,703.5867919921875,722.3982788795391,700.8994284281059,716.785732994576,31188256
2022-03-24,686.178466796875,699.0206795927611,682.3258145703531,697.2845910655177,20160044
2022-03-25,680.5897216796875,690.6256614843303,674.9296237233227,690.1500239764209,16366462
2022-03-28,681.493408203125,683.9666998878296,666.6534839112492,680.589685374062,15754886
2022-03-29,690.530517578125,694.5496310648167,680.16159727628,685.3936095630206,12377448
2022-03-30,702.4928588867188,705.2515799115708,691.6008053997855,700.138476229865,20109742
2022-03-31,699.3535766601562,706.1789630767555,697.237013039462,699.6627526430442,14295714
2022-04-01,716.3101196289062,718.2126697474425,699.3298830454588,702.2312603639822,14568556
2022-04-04,788.0361938476562,819.0952862089551,743.2073617126769,751.5072124484601,97450970
2022-04-05,764.944091796875,792.7450834429137,761.9713571015661,792.7450834429137,30922582
2022-04-06,737.6423950195312,756.1685102240006,735.9776637926485,755.1696250388968,27027860
2022-04-07,721.4231567382812,733.1238272791691,719.9724391818007,733.100080241604,40781732
2022-04-08,720.42431640625,725.7038807905826,712.1720177896111,719.2114176149829,41256322
2022-04-11,711.6250610351562,718.2126288330701,710.245700665551,716.3100788229164,20799066
2022-04-12,710.3646240234375,716.7143731950656,704.0148748518094,705.8460676603825,27435402
2022-04-13,696.78515625,714.5502639320367,695.691224799288,708.6998992573039,28892520
2022-04-18,663.7283935546875,680.9465076399842,661.1599972428315,674.8583237972184,45620376
2022-04-19,638.4006958007812,660.9221802216326,631.1710282718929,656.8079038056561,74096022
2022-04-20,644.156005859375,646.8195647283782,635.1426387691259,644.2273050482826,49325736
2022-04-21,653.6923828125,656.2846420095574,643.6802483309051,649.2451838249173,52446270
2022-04-22,644.774169921875,654.168010350688,641.706331335433,646.8669864904109,20659148
2022-04-25,649.6019287109375,651.9325641201308,628.9116970441421,642.1106379350289,20935488
2022-04-26,652.5985107421875,657.3072759446977,645.5114997756818,652.5747056406705,17016842
2022-04-27,652.8363647460938,655.904203823752,645.012091944963,646.8670900654843,18054334
2022-04-28,652.2655029296875,655.9041415782432,647.8658558596376,652.5746789306378,20773722
2022-04-29,658.5676879882812,668.1517954743881,652.3606532888389,656.5462285607915,28401476
2022-05-02,667.6522827148438,668.9602857363819,647.8420288557909,647.8420288557909,19494316
2022-05-04,644.9644165039062,667.6047487158417,642.1105916521191,665.8924654170124,29055916
2022-05-05,643.5137329101562,654.0015630179496,640.4458942572139,654.0015630179496,17862912
2022-05-06,626.699951171875,634.9760551888268,624.5120303093106,632.5978677162095,26731268
2022-05-09,627.7701416015625,630.9331425829555,616.1883801102291,618.32874885627,32762434
2022-05-10,637.8536987304688,643.537543685614,625.4871236116026,625.4871236116026,20113812
2022-05-11,641.4447631835938,644.4888549965599,631.9558176573953,643.5375799338344,17102924
2022-05-12,626.9856567382812,638.4133907389254,622.1498973824371,635.6706993369925,22382290
2022-05-13,621.35595703125,634.1790892090257,619.262889083472,630.353829122959,16768238
2022-05-16,627.9719848632812,631.292053906236,618.4448991695826,625.0368734940553,9804356
2022-05-17,632.2544555664062,633.6979588896172,624.6519812363082,631.580808934981,16641444
2022-05-18,632.206298828125,641.5409646353346,630.3297329141748,637.0901630861314,15732384
2022-05-19,619.2869873046875,623.7858941010936,615.0767694162303,618.8779477207698,20537506
2022-05-20,635.5985107421875,637.1623059170763,621.837124950426,626.9615731938593,13919350
2022-05-23,627.4428100585938,639.9290909513579,625.0850760956221,632.2544880498406,19486320
2022-05-24,634.6361694335938,637.5472577654566,624.0264559706711,625.5180642227122,12870796
2022-05-25,639.375732421875,642.8160348600121,636.6811460213428,639.9531102298189,12887112
2022-05-26,657.6119995117188,659.6810445171251,644.7648429270224,645.7993654297255,26992428
2022-05-27,669.8095703125,671.0846178237094,659.5606740424182,660.0659236596756,24031718
2022-05-30,674.3807373046875,683.4988434000511,672.889070171654,678.566873569111,12624674
2022-05-31,668.3179321289062,675.944488061126,664.0115042012508,671.662083279525,13485388
2022-06-01,671.1567993164062,673.8513268686822,663.6024894175849,664.0114702425767,12091896
2022-06-02,666.4654541015625,667.860852355906,663.3378636546508,667.4999765351084,11475020
2022-06-03,664.1558837890625,673.995741003826,662.231212745682,672.8169034842749,6957244
2022-06-06,663.2656860351562,667.3796939444019,654.7009350100217,662.2312223234171,6173266
2022-06-07,655.63916015625,661.2688580365657,651.5492343077399,655.3504712553794,10253966
2022-06-08,657.9487915039062,664.4926611407994,652.9446351687653,660.7876929692908,5986588
2022-06-09,662.9048461914062,664.9979730840081,653.0168832680971,655.4708272698372,7311816
2022-06-10,650.1057739257812,658.2134392480132,646.4970155862447,654.4362839332251,9155430
2022-06-13,638.317138671875,639.9531208031428,629.511803905611,636.8736353918679,10892572
2022-06-14,631.2921142578125,638.0284630380025,627.9239398677174,630.9312384303023,11870356
2022-06-15,629.1027221679688,633.1205196838177,624.7481894734992,626.3119845887259,11810470
2022-06-16,616.520263671875,635.4060979237764,614.9323865969412,630.3297546494468,12169192
2022-06-17,620.5861206054688,625.0369224008559,611.8529139840168,613.4888961209325,14723922
2022-06-20,636.1759643554688,637.547280721459,622.703267102487,627.7795517185277,15936840
2022-06-21,643.1047973632812,651.5011513361289,637.0902003236198,643.2731943331319,13220684
2022-06-22,640.0734252929688,643.2972258536737,636.6811690239211,641.0357608318419,8159698
2022-06-23,642.43115234375,648.6141463686242,634.419697319756,640.193710492177,15372244
2022-06-24,651.4049682617188,655.1821236118307,644.0671595693715,644.0671595693715,8013432
2022-06-27,652.583740234375,662.0868029953917,650.5387773617512,659.1997965869816,9804164
2022-06-28,647.6036987304688,650.0576425546589,643.9949405371601,646.6894682409041,9770574
2022-06-29,646.6653442382812,649.9373082816165,640.5545375901551,640.5545375901551,9994046
2022-06-30,648.6141357421875,651.5011422810993,642.8401226643639,642.8401226643639,12475822
2022-07-01,651.380859375,654.3881578947369,639.9772068826776,646.6653918015329,11472452
2022-07-04,652.2950439453125,654.4843218717582,645.8473846257052,651.35673163144,8487480
2022-07-05,650.8275146484375,663.6987525096566,648.7585284770123,656.3128389795442,14325718
2022-07-06,659.8013305664062,660.8358530598603,648.1811167165542,648.6141794738492,15049078
2022-07-07,671.6139526367188,672.6724981664967,661.3409744346241,664.0114788767993,17743142
2022-07-08,672.2394409179688,678.4465165399553,671.1087084709948,678.4465165399553,12474030
2022-07-11,676.5940551757812,678.3984342696596,670.3869793455802,670.7478551643559,7462880
2022-07-12,669.6892700195312,676.1609524926532,668.5344557204256,676.1609524926532,9876974
2022-07-13,653.3536376953125,670.8440741987707,651.6214454892688,668.823193081103,15945610
2022-07-14,650.0817260742188,660.4749379498609,649.215600611124,655.350489555198,10372410
2022-07-15,655.3745727539062,656.7458891263111,648.0367643942972,651.0199810197498,13595646
2022-07-18,648.397705078125,657.3233327010787,645.7512821263163,648.6142070978419,20332220
2022-07-19,648.6382446289062,653.6905062823398,643.3213172038678,643.3213172038678,15792538
2022-07-20,656.8179931640625,659.7290225107647,652.1025262039135,654.3399677588443,20347862
2022-07-21,654.7490844726562,658.9593027266601,653.4739780541829,654.6528744070862,12640278
2022-07-22,670.026123046875,672.19137802261,655.5429848453301,657.275177078658,12729592
2022-07-25,671.9989013671875,675.8482435588785,665.5994052152816,671.2290446761094,10143126
2022-07-26,670.6275634765625,674.5971974845852,667.0428871698978,671.710190933296,8527964
2022-07-27,675.7520141601562,676.5218708292028,666.0564720450384,668.2939138771885,9212778
2022-07-28,681.7425537109375,685.182915066855,678.9277339602053,680.8764869533358,17420406
2022-07-29,690.0908203125,692.207970333886,680.9967960785934,691.9192814074022,20019736
2022-08-01,695.8406982421875,696.9473487376716,688.0939098286271,692.4003373551864,13193036
2022-08-02,688.190185546875,695.094931123578,684.7258011854689,693.8439067006424,15036510
2022-08-03,689.8020629882812,690.8365853805471,681.8146902206062,685.6399502739025,10975498
2022-08-04,688.984130859375,696.1053785024752,679.8659665183745,692.8815779882993,12012206
2022-08-05,686.6504516601562,691.4139653304088,683.8115502270574,689.5133762386452,9268982
2022-08-08,703.4913940429688,704.6702316392747,686.674544464695,687.1076072249125,15357736
2022-08-10,705.5363159179688,708.0383647964982,697.2361719881424,703.154500244152,17353102
2022-08-11,714.8709716796875,717.4211844953526,709.5059977383994,715.2559294113627,18301766
2022-08-12,714.6063232421875,716.6031812290219,710.1795445295438,714.5341363296417,8850370
2022-08-16,722.7861938476562,725.8415975092017,716.0017398840251,719.2496224051965,12563756
2022-08-17,726.5151977539062,727.8865140946783,714.8949848396419,721.7516252798,12384350
2022-08-18,727.3812255859375,728.4398298215469,721.5831897478574,721.7515867041628,8342138
2022-08-19,718.407470703125,727.5255752850977,716.9398856976162,726.563239868054,8063702
2022-08-22,707.4849853515625,716.1460048012029,706.2098790742172,714.4378945404134,8234066
2022-08-23,705.2957153320312,710.1795210324121,697.8857201939286,699.2811184238794,14966884
2022-08-24,708.6879272460938,709.9630335639699,702.1199755407531,703.4191637412739,13455520
2022-08-25,704.838623046875,715.400291243383,701.0614676554292,712.0802217563679,11823040
2022-08-26,704.9588623046875,712.9943990116683,703.0822963230394,708.303013425697,7706176
2022-08-29,692.5928344726562,695.7685297074646,687.3961995529374,691.4380201864637,8653178
2022-08-30,715.0634155273438,716.9158997056655,694.3732012935722,695.9851015854548,10135400
2022-09-01,708.3511352539062,716.6753023262013,702.023767412422,704.7904820543832,22403136
2022-09-02,714.7747192382812,717.1805580778581,705.0069900550793,708.351141283871,12038086
2022-09-05,719.369873046875,721.2704621778411,714.101050906599,715.0633864131738,12131932
2022-09-06,716.627197265625,724.951423073854,715.2317990033503,721.2223729044177,12238696
2022-09-07,713.2349853515625,716.9399535633776,707.9421400567993,707.9421400567993,9776206
2022-09-08,720.5968627929688,721.7516772237872,713.1628440120845,716.9881044068499,11164690
2022-09-09,721.0779418945312,726.0820979884301,718.888663984653,719.92312760574,15128888
2022-09-12,718.6480712890625,723.676250465666,716.9399023895229,721.751579586768,11080492
2022-09-13,728.0548706054688,729.4021637256475,721.0539154710427,721.2223124269915,13001966
2022-09-14,735.5370483398438,740.469017479329,718.0706365757347,718.8886569430844,20219760
2022-09-15,731.7118530273438,741.4555010181163,727.5257166443482,736.1867370805904,13539372
2022-09-16,718.2631225585938,728.8247306434838,713.5717372328886,723.243196772468,20560046
2022-09-19,723.0026245117188,728.4879484201334,712.1282454833537,716.4587550842659,12076038
2022-09-20,731.7118530273438,733.2997302685097,726.5152760073807,728.4880522483752,10781668
2022-09-21,730.5810546875,732.0967448746909,724.1574768560039,725.6009801321287,9072304
2022-09-22,715.015380859375,726.6355954651516,713.4515854436328,722.7140659830291,12048144
2022-09-23,695.8406982421875,709.7223749818623,691.4380019314822,708.4472687981956,15806252
2022-09-26,686.4579467773438,691.1733552416581,682.2958342078718,685.8324052401812,8923486
2022-09-27,680.299072265625,692.881621797613,677.0030846314178,689.2247583187195,12639700
2022-09-28,668.6066284179688,678.7351736760943,666.8503544937673,676.5218139126857,11816132
2022-09-29,665.1422119140625,674.6933797809945,663.434101683277,671.8545371114053,14410388
2022-09-30,683.9077758789062,688.7675584504451,656.7939846693048,663.4341231736677,15781756
2022-10-03,679.9862670898438,682.22370896109,674.1641488370536,678.4224718418965,11541112
2022-10-04,699.13671875,701.5425574242946,686.2173768162974,687.8292769808156,11538526
2022-10-06,691.4381103515625,703.7559939592081,690.0908170525987,702.4808875755999,12549198
2022-10-07,688.454833984375,690.4516331398249,683.4265958004532,688.1901682297433,13297994
2022-10-10,680.8524169921875,686.1452626366498,672.7687746952154,677.4842424911661,13109302
2022-10-11,673.9476318359375,681.8147129301799,673.3701952846903,674.1641338324686,14521620
2022-10-12,678.350341796875,680.7802037798269,672.3357447059547,675.1745875438293,9225050
2022-10-13,670.5553588867188,676.6421426191388,665.9361602736982,674.6212615810351,14714234
2022-10-14,692.400390625,696.249732615966,680.9726565893199,681.8147001498437,12849920
2022-10-17,696.033203125,701.3500712981873,686.6263505116987,690.475692350587,18410500
2022-10-18,694.7340698242188,703.90033929577,692.8815856653596,701.5666873690876,10561108
2022-10-19,701.8553466796875,710.8772419458467,699.329216005163,704.4295823817055,12967040
2022-10-20,697.1159057617188,699.0886819198254,694.0845252418784,694.8062769145736,7898078
2022-10-21,692.2079467773438,701.3742163513118,689.9945867678867,698.6556066854753,10492606
2022-10-24,703.0101318359375,703.948385410148,699.7622496749542,699.7622496749542,2167794
2022-10-25,698.1262817382812,706.2580282452401,695.287380341186,703.0341691638182,13773394
2022-10-27,699.8104248046875,706.0415240061888,698.2947345638005,704.6702075925484,15937276
2022-10-28,701.87939453125,705.8731104708331,696.4422340345699,697.6932584749202,10474278
2022-10-31,720.1637573242188,720.7892989018973,705.9933903964011,708.2789372387135,12830528
2022-11-01,728.1270751953125,735.7054670237125,721.2223299433629,723.4356897777316,19073756
2022-11-02,728.5841674804688,735.34459771333,727.33314310533,729.931460645262,12720406
2022-11-03,725.3843994140625,731.4952057919731,720.3080566160722,720.6448505160986,10332352
2022-11-04,720.38037109375,729.4984772519798,716.7475307718796,723.2914009917648,10818060
2022-11-07,725.9859619140625,727.5256752984809,717.9504248353214,726.5633397491442,9835834
2022-11-09,725.7693481445312,730.38854669658,723.6762802249166,728.9932072410344,9269790
2022-11-10,733.6605224609375,734.7431498920162,719.3698638652188,720.3562225050898,12774182
2022-11-11,775.2333984375,787.6715724866862,740.0359673088109,743.404141412297,56722338
2022-11-14,777.1099853515625,783.341084117066,768.9060518544665,775.6424002436796,19195390
2022-11-15,779.0106201171875,781.0074781111963,772.3945632755499,781.0074781111963,11030202
2022-11-16,785.6987915039062,790.0774060630871,775.6423742836154,778.8421514086572,13578150
2022-11-17,778.6016235351562,785.0492832742325,776.5566605526772,778.5775416526076,12100930
2022-11-18,776.5567016601562,780.9353167659891,772.3945885635269,779.9729811938807,10459232
2022-11-21,768.5933227539062,775.6424423049926,765.1529614641645,773.5493742606727,8344816
2022-11-22,767.4625244140625,771.9614309133688,765.537853506441,769.8683630485893,8546314
2022-11-23,769.4594116210938,772.2742311837565,766.9813859856123,772.2742311837565,10185738
2022-11-24,781.9697875976562,785.2657749671398,769.4594259866601,772.731331473911,17197960
2022-11-25,778.3610229492188,785.1213945985398,776.6528539412901,784.1590590980275,8410496
2022-11-28,769.9886474609375,773.4530315663065,767.0054310777749,771.2637536720435,16105980
2022-11-29,768.8339233398438,775.8108561300074,766.4280844466838,768.5452344199248,12638236
2022-11-30,773.9342041015625,776.0754357204742,768.4729621678146,768.4729621678146,15184806
2022-12-01,779.2511596679688,787.6715951691663,777.0859048248036,780.4540790252827,20446366
2022-12-02,773.2847290039062,778.8181584847341,772.3464753255907,774.680127315897,7811078
2022-12-05,776.0994873046875,776.893425827618,768.0399276122688,774.6559840761946,11592622
2022-12-06,775.2333984375,776.46034090485,769.8683665111166,770.349534240186,12353092
2022-12-07,774.8966674804688,778.8181968355076,772.0096606526566,776.6770235994021,11674720
2022-12-08,779.2511596679688,782.378749996985,772.2742273955479,774.6800661101757,14803634
2022-12-09,784.8087158203125,786.637118107019,779.4917884600618,782.3787950839879,11963384
2022-12-12,790.9195556640625,795.659046653405,780.1654672932444,781.8976595918489,14434808
2022-12-13,793.1088256835938,797.2949616133573,791.5209486143468,793.9267873639345,17031702
2022-12-14,799.8211059570312,801.3849011709643,793.9268009198986,795.3703041942985,14227640
2022-12-15,785.1695556640625,803.2614512642567,782.8840088582007,797.3190413162754,18182648
2022-12-16,788.9467163085938,791.5690570624564,774.1989129626363,779.5158401167187,14647958
2022-12-19,791.4006958007812,792.3149263180803,782.4750101040391,791.0398199705028,9604542
2022-12-20,785.939453125,787.3829564457624,779.5880032718654,779.5880032718654,7174698
2022-12-21,778.3369140625,791.4247116571615,773.0200458484181,789.5962507751079,9269198
2022-12-22,775.6664428710938,783.1004606156,774.198857837481,780.5502482170808,9747096
2022-12-23,768.7377319335938,771.8653225705988,762.8674496500488,763.613283219548,10693152
2022-12-26,784.0387573242188,788.6339327760353,765.0567133092716,769.6278068793584,9907322
2022-12-27,784.8327026367188,787.1663544691063,776.3641620124755,785.7469331059018,7926772
2022-12-28,784.2071533203125,785.7468664900749,780.983294437702,780.983294437702,8691870
2022-12-29,789.7406616210938,790.7992071900476,775.1612551160126,779.5398699494827,11012896
2022-12-30,783.4132690429688,791.5209337293505,779.4917402076278,791.5209337293505,7122640
2023-01-02,783.6779174804688,788.9948447926183,778.7941116415499,782.8599557722763,4381378
2023-01-03,788.8023681640625,790.5586422632767,780.5503292014555,780.5503292014555,8378030
2023-01-04,774.7042236328125,791.8818902379387,773.2366383790779,786.7093364964484,10351600
2023-01-05,769.7240600585938,778.5535356487463,764.7680672572426,777.085950452134,10941436
2023-01-06,767.1738891601562,774.2470317456477,759.3789361975485,770.8307523930382,9092462
2023-01-09,768.6654663085938,775.4258965646997,765.0567082508069,767.9437146970364,10729340
2023-01-10,754.6154174804688,769.8684118966518,753.0275403864125,769.8684118966518,16371766
2023-01-11,765.4898071289062,768.9060865044132,750.6217114811543,754.4469717086059,15195798
2023-01-12,769.5797119140625,771.7449667913606,762.2419037187744,763.998177755398,9250070
2023-01-13,770.18115234375,774.6319539246812,763.1320332277727,769.2669218933805,9244546
2023-01-16,762.7952270507812,780.1172653577423,760.3893883970367,777.0858851595061,14748094
2023-01-17,774.1508178710938,775.1612584159965,759.0421385172157,764.9605254372576,10786354
2023-01-18,787.8159790039062,789.884965083016,769.724024650822,772.274237215273,19090642
2023-01-19,791.0878295898438,793.92673085957,785.746879693138,787.6715505558279,11172162
2023-01-20,799.195556640625,803.068980550622,790.7510978089086,791.0878917418223,18843404
2023-01-23,805.0418090820312,809.6129030380878,799.4121694938297,801.7458215030824,15444400
2023-01-24,815.8199462890625,819.1400156177996,805.9560070977172,805.9800889805086,24983940
2023-01-25,793.2772216796875,814.5929177332151,791.6653214666925,813.8471429635326,14704142
2023-01-27,777.4708862304688,787.6716191971464,765.032652707376,785.2657804091282,35179948
2023-01-30,776.6769409179688,782.0419731157772,761.2073858984988,767.4625666928607,18512822
2023-01-31,771.552490234375,780.7908875770869,767.4625643428925,779.3473843212695,18596244
2023-02-01,783.1246337890625,801.1443434244188,772.7554447685386,781.4164646974513,17302790
2023-02-02,771.4803466796875,781.6570569523664,764.4553088538455,773.7658936298407,17497106
2023-02-03,798.1610717773438,798.9790334420251,773.2365593142633,775.1612302770866,14411100
2023-02-06,794.7688598632812,803.2614827057959,792.0983552594887,798.7384939446326,11167672
2023-02-07,795.9476318359375,801.0961617651983,785.5544206626682,798.449739262286,10264588
2023-02-08,795.8513793945312,802.6839372708745,793.9267085858384,795.9716713200746,8444826
2023-02-09,794.19140625,799.5323562116175,786.9738904271942,798.73841772385,11777336
2023-02-10,797.3430786132812,798.0167252205403,790.173667284601,793.3494214707791,8172116
2023-02-13,797.9445190429688,799.5805011250109,791.3044393965116,796.3326188427218,5736944
2023-02-14,805.3304443359375,807.1589052910266,797.7520522296284,801.1443083812574,10908592
2023-02-15,803.694580078125,807.3995485525281,797.1747330538742,807.3995485525281,11438712
2023-02-16,800.783447265625,809.2760700053668,799.2196520403804,805.0898752375481,8062500
2023-02-17,796.7657470703125,802.6600524376097,790.5345890116744,799.2196910269881,8956270
2023-02-20,789.2835083007812,803.2854781022144,786.6130625255412,798.7384663515395,8086706
2023-02-21,792.24267578125,799.8691726347396,786.2280790929624,789.1150855033404,12389296
2023-02-22,776.7010498046875,790.0534564358688,774.2230825901064,788.63403490113,10359102
2023-02-23,771.4321899414062,778.9383950431011,766.0671578181314,776.1235754720026,27882010
2023-02-24,764.5514526367188,778.4812938723913,762.7470736219656,778.4812938723913,17061740
2023-02-27,766.4520874023438,769.3871988024864,758.94588257592,763.0839132987682,14312972
2023-02-28,769.6759643554688,772.4186559261975,764.4312238388164,766.0191009974646,18993992
2023-03-01,768.93017578125,776.1236104242643,767.8234664194171,775.6424426558673,14137256
2023-03-02,762.3861694335938,772.7312753996731,761.2073320156976,766.9813446479279,17391814
2023-03-03,777.51904296875,779.491819158867,764.0944498915313,767.9437922083652,14986234
2023-03-06,783.0043334960938,788.8504748967295,778.5535316356411,779.4917852900815,27004710
2023-03-08,784.568115234375,788.8745431955432,779.4917718675084,779.4917718675084,20099774
2023-03-09,784.6401977539062,791.9780056732284,782.8599006384906,784.2793219545954,20700166
2023-03-10,764.4071655273438,776.4844644274136,762.6508914747951,774.8965873418113,27387000
2023-03-13,754.7357177734375,771.6968814107662,753.0034668384583,764.0463022356049,26443550
2023-03-14,752.7147216796875,761.9772004206781,750.2848599011005,755.5536230150942,33185612
2023-03-15,741.91259765625,761.6404762620406,739.3623849761033,759.2827424375032,37264754
2023-03-16,746.7242431640625,750.1886274704333,737.1730750713688,740.5171674402086,21753342
2023-03-17,756.70849609375,759.8601097073861,740.9983568458301,749.4187927190782,22950876
2023-03-20,751.4637451171875,754.5191486294086,743.596664030981,754.4469617185391,26503114
2023-03-21,759.9803466796875,761.4479317488242,748.7931969715295,756.371588709314,33050494
2023-03-22,758.22412109375,763.1560902525215,753.1718600042767,762.1696729262495,14177324
2023-03-23,752.1373901367188,765.225129615806,749.9240302046185,754.350750068819,28364178
2023-03-24,750.9344482421875,757.3099208232004,748.1917568712191,750.6216774626521,31477748
2023-03-27,754.2063598632812,759.9803728144399,750.092410877359,751.6802291971494,31872006
2023-03-28,760.3412475585938,761.6404357125624,752.5944586072359,753.3643152523856,39276302
2023-03-29,763.9981689453125,770.8307274292553,761.1592675027767,762.1697080199377,39763612
2023-03-31,774.463623046875,776.0995465082568,766.2115838805704,767.7512972805655,34711228
2023-04-03,774.9447631835938,777.422730170773,771.1916311425683,773.5012598964762,40025398
2023-04-05,795.7311401367188,796.8137675382653,777.5670581774376,778.8180825386323,43365392
2023-04-06,801.7938842773438,803.1652006446278,792.5314049071793,793.2291334002176,44637344
2023-04-10,797.9926147460938,804.0312933763835,795.8514417980481,800.3022433921424,31813286
2023-04-11,800.326416015625,803.2615278145549,794.4561336814621,798.2573710049368,42361542
2023-04-12,810.7196044921875,812.3074229248433,802.4916471991853,802.5878572606912,26955504
2023-04-13,814.3523559570312,816.5657746530499,807.4716921966794,812.3555567321653,35330086
2023-04-17,801.9382934570312,827.6085828103118,795.5147153318975,827.6085828103118,32405148
2023-04-18,798.5459594726562,807.0385817236702,797.0062462186185,803.5501156527228,29637226
2023-04-19,801.4810791015625,803.6944976892919,797.3671301762054,801.1442851788886,24741168
2023-04-20,804.46435546875,807.134801181368,801.8179329013308,804.368086679066,32922716
2023-04-21,805.7634887695312,806.8942212156402,800.3022466466929,803.0689611623811,20128618
2023-04-24,812.2833862304688,813.8712046366431,805.5229555378388,811.7300315452851,35675852
2023-04-25,800.7353515625,812.0668172386956,799.6527240862603,812.0668172386956,50353068
2023-04-26,804.416259765625,805.955973055451,796.3326181532963,798.738456878835,27392750
2023-04-27,808.8429565429688,810.8879194015693,801.5532536644629,803.7906953628967,47790392
2023-04-28,812.0186767578125,813.6546588421882,803.5501361717647,810.6232785465422,27916272
2023-05-02,811.8502807617188,817.5040017864336,809.3241500911014,812.547950500037,32221184
2023-05-03,814.689208984375,816.0605253605099,808.1934441893474,810.7435980893194,29407270
2023-05-04,831.3616333007812,834.5613517390001,811.7780713087349,811.7780713087349,56854638
2023-05-05,782.2103271484375,799.1955126698393,780.5021582230617,788.6339045566583,62770416
2023-05-08,791.2562866210938,794.0951881063704,784.3034360962322,786.7092748572636,37244524
2023-05-09,791.2803344726562,796.8137633850524,789.0909977997552,793.878651970084,43688938
2023-05-10,794.9371948242188,796.1641960299875,785.7950079560763,791.2803318242208,46340550
2023-05-11,795.4664916992188,812.2111527020498,793.5659026029952,801.2164814876731,35734618
2023-05-12,802.4916381835938,804.8974770572269,791.1601135942614,792.4833249747595,22478760
2023-05-15,806.3409423828125,808.7226992609494,801.1924121940802,804.5124814304968,18512260
2023-05-16,801.7174072265625,813.641207320555,800.1113205928083,813.641207320555,32722086
2023-05-17,797.4102172851562,803.0314612780545,791.0346460503185,803.0314612780545,30466868
2023-05-18,800.5980224609375,804.953835962047,798.1645938212387,802.0580796447568,49646942
2023-05-19,801.5227661132812,803.0314800422937,794.0521518021368,802.0581085513332,30460332
2023-05-22,798.6756591796875,804.4428733296279,794.6117857136817,800.5980440930408,28334032
2023-05-23,796.8018798828125,802.8367950174272,794.9768083346355,802.5447954516952,22470074
2023-05-24,786.3868408203125,795.6095118101778,785.3160965486113,792.1053982534182,33588112
2023-05-25,783.3693237304688,788.455225154943,777.407423655138,786.3380947431477,29776930
2023-05-26,786.3868408203125,787.944211421121,779.7922252930767,787.944211421121,26635066
2023-05-29,795.9744873046875,798.6512587386072,790.7912725552128,792.5676872978805,21816292
2023-05-30,796.5828857421875,799.4543434930372,792.5920864341458,795.0498137776772,37125928
2023-05-31,783.9777221679688,795.706836766176,780.9602943063138,793.249109394473,43334270
2023-06-01,780.6439819335938,788.3822976265084,778.6972388365025,788.3822976265084,50366938
2023-06-02,781.860595703125,785.9001108734474,779.1838242892643,784.7563519232599,17859710
2023-06-05,780.838623046875,786.7275086936293,779.889550195903,785.7541372012771,18697242
2023-06-06,778.4051513671875,783.4909933701617,774.9253365920524,782.4203085516023,32182852
2023-06-07,782.4446411132812,784.8051144822347,776.7504417142903,780.3762267164857,24949026
2023-06-08,782.9312744140625,791.350960923385,780.278861070367,780.278861070367,37395522
2023-06-09,783.8560791015625,787.7009085166137,782.1040222342899,786.4355374130215,18212578
2023-06-12,779.0865478515625,786.3868338718737,778.4294745818307,784.8051052341397,13408292
2023-06-13,780.4005737304688,783.0773452649356,773.8789730190645,773.8789730190645,27926108
2023-06-14,779.5488891601562,784.5374180278894,778.7945024942541,783.7830313619872,20113968
2023-06-15,769.961181640625,781.5929230405386,768.4767664026215,780.6439096325554,35377476
2023-06-16,780.0355224609375,783.1746215295391,770.9101653895649,772.4432372595309,15779272
2023-06-19,780.7169189453125,785.6324328940507,777.8941179716442,784.0507042851576,24829146
2023-06-20,782.3473510742188,784.0507512165266,774.1467079853705,780.7169656771292,20005626
2023-06-21,796.023193359375,796.8262367213268,784.0507359035319,786.4841646307309,24308946
2023-06-22,799.9166870117188,806.7059888717916,797.7023024946114,798.1646301932708,56596140
2023-06-23,799.8680419921875,807.8497002925832,795.2688853504051,796.9722855006775,21339218
2023-06-26,795.9988403320312,803.3964393933287,792.6649956756461,800.5979965482512,16130314
2023-06-27,807.2169799804688,814.1766100290189,797.4589662553369,799.6003360457688,33831864
2023-06-28,815.75830078125,817.5833722744769,808.1416572008739,812.7651716503821,59562950
2023-06-30,828.047119140625,831.6486054517263,819.2137611926184,829.3124901661796,40699016
2023-07-03,837.0021362304688,855.3501643562647,832.232592346636,833.4493066629323,44104116
2023-07-04,841.0902709960938,850.2399866599931,834.0820438772298,838.778513734139,38795188
2023-07-05,814.3712768554688,837.0994772709068,812.0595195781218,835.2744057361592,37165754
2023-07-06,815.1986083984375,821.4525082286525,808.0930085295972,814.2252369257229,52156544
2023-07-07,808.093017578125,815.1986175265295,806.0976179186929,810.3317601084606,19926336
2023-07-10,806.1705932617188,816.0503378295722,802.8854644229833,808.3850372058562,38398442
2023-07-11,802.2528076171875,815.6853225262156,800.841407050649,809.3584077333511,50670426
2023-07-12,794.7334594726562,810.9644765133695,791.9107178120092,805.6352319869237,70958358
2023-07-13,798.6998901367188,806.65718944724,797.2155343981111,806.2921751723549,41913546
2023-07-14,800.3546752929688,804.7835035114284,795.7311609024043,804.7835035114284,24727214
2023-07-17,817.0966796875,818.6053935606003,794.7577929158504,803.0314502823962,49252928
2023-07-18,816.415283203125,829.3124545920268,812.7651403572094,826.3923403152943,81076818
2023-07-19,820.1141357421875,821.8905505906512,815.1986216073076,818.1673927652148,32935134
2023-07-20,821.8905639648438,823.4722926593728,817.6320636334198,818.1917641303833,56210948
2023-07-21,815.5636596679688,822.4016183376864,814.3469452719253,817.6320741412428,42154248
2023-07-24,816.8533325195312,819.8951183000274,812.813817239081,816.9019892100436,32179444
2023-07-25,825.7110595703125,826.879117291901,816.853402383876,819.8951884245319,55992596
2023-07-26,822.8395385742188,827.1710534459679,821.5255108693627,827.1710534459679,24794358
2023-07-27,814.2982788085938,828.8258366410838,811.5241343729674,827.317122690067,59741302
2023-07-28,799.8680419921875,812.2298721075693,798.6999842928814,808.6283856221597,41015684
2023-07-31,803.615478515625,806.3409662159895,797.5319067020986,803.0558374366854,34565006
2023-08-01,808.9933471679688,811.5240891764785,803.0314470309211,805.1971747453257,35394188
2023-08-02,798.407958984375,803.7615021412346,794.830830666086,799.1379875966741,28116322
2023-08-03,792.6407470703125,803.6884896703888,789.8909607409018,798.1646183703506,57673946
2023-08-04,804.1021118164062,806.1948841477191,792.932698459204,795.8041560498854,37388304
2023-08-07,803.6398315429688,809.4070457041624,801.8391180613743,809.4070457041624,28300918
2023-08-08,802.9828491210938,805.7569341954113,799.1623777784342,803.8588478451442,43773828
2023-08-09,803.2748413085938,805.2215843350914,793.8331257481036,804.4915557001548,33361236
2023-08-10,796.1448364257812,805.099865704745,793.7844225264857,801.5957522263969,50781118
2023-08-11,787.8468627929688,797.385890968424,786.5814324003055,797.385890968424,28225822
2023-08-14,784.0020751953125,785.9974748594191,778.8188601509507,784.0507318876311,31304410
2023-08-16,781.714599609375,783.3937010320665,769.5961724006356,770.4721710730195,34137542
2023-08-17,777.3831176757812,783.5153458133944,775.7770310495571,777.529087744607,52884040
2023-08-18,774.1953125,776.8964420218484,771.6402124587459,772.6379419530916,25633366
2023-08-21,773.5869750976562,778.9405181779168,772.3702607612333,778.9405181779168,21837270
2023-08-22,770.2774658203125,777.7237811054864,768.963438139342,776.9207377849476,32273570
2023-08-23,772.1755981445312,774.0980425006611,765.6783552717781,768.9634840803492,36498588
2023-08-24,768.622802734375,776.8477441031978,767.0897307917666,775.4364030038525,43145792
2023-08-25,759.9597778320312,767.746749618975,758.4510639302869,766.3110504597091,30069756
2023-08-28,767.868408203125,770.2531801549441,759.9597651143588,759.9597651143588,28867238
2023-08-29,773.9763793945312,775.1200790359981,769.6691629379135,773.6843204138314,35538932
2023-08-30,768.3307495117188,780.6195643753474,765.8973208258516,780.6195643753474,28084204
2023-08-31,764.8023071289062,770.4965661172561,760.7384929502665,768.4768083488655,100075772
2023-09-01,766.384033203125,768.4768057096691,758.9134187598048,764.5833196769412,43226776
2023-09-04,771.1779174804688,774.5360015777221,766.4813881806992,773.8303310146484,25073638
2023-09-05,766.4813842773438,773.0516417713671,764.38861183011,773.0516417713671,38712082
2023-09-06,776.507080078125,778.6971658570981,766.4813659496907,767.4060807161218,56320910
2023-09-07,783.9777221679688,785.510794150052,772.4432937501639,776.5071078478363,34208342
2023-09-08,790.0856323242188,794.7091467964383,782.3959739643648,782.7366896240351,34502210
2023-09-11,794.173828125,796.4612273788786,790.3776555229446,792.762427572447,31573022
2023-09-12,796.6559448242188,799.576059429664,790.888730360441,798.164658821722,39033340
2023-09-13,800.0626831054688,803.8101394610018,792.6163676755281,793.9304547919241,46420094
2023-09-14,799.5759887695312,803.0314455319658,795.7798163539742,800.2330026157181,23538848
2023-09-15,808.7500610351562,812.7652185519548,803.0315033597159,803.0315033597159,173411202
2023-09-18,792.83544921875,805.4649207376626,791.3996906023217,804.8565635467733,37056288
2023-09-20,761.0304565429688,778.2104866731253,759.4244292708094,778.2104866731253,115474648
2023-09-21,755.9932861328125,763.5855718328563,748.0603441770149,755.8229580049356,72841442
2023-09-22,744.4588623046875,761.3711919566923,741.5874045249608,758.7430770496563,61704250
2023-09-25,745.1158447265625,749.8366724935371,742.195730377536,742.195730377536,40208754
2023-09-26,748.3523559570312,749.4960555884529,742.1957693327212,742.1957693327212,27575308
2023-09-27,743.0961303710938,745.8459167585748,737.3289160778081,741.2224021033014,39338538
2023-09-28,741.5630493164062,748.3279930851168,738.9592924506106,746.5759362770035,55354188
2023-09-29,742.8284301757812,747.2815569377753,740.8816873168103,741.5629997895483,32053782
2023-10-03,733.9464111328125,743.1690816035621,732.9486816600946,743.1690816035621,38971694
2023-10-04,744.41015625,747.0625696224938,724.7966982477518,727.5951410981291,54649430
2023-10-05,747.4276123046875,755.1172706279191,745.8945403681716,747.0869560565192,48512674
2023-10-06,746.6002807617188,751.9294658332841,744.5561650144963,751.4427800948807,17759356
2023-10-09,737.9371948242188,744.6291232191622,735.8687805930545,743.6557518162614,16454972
2023-10-10,742.1227416992188,744.1424994102023,737.426212407623,740.0300286548502,33266292
2023-10-11,749.3013916015625,750.5424640657517,743.8991914942775,744.6778768359782,31333360
2023-10-12,754.2899169921875,755.3363032633498,745.4079018281694,747.5979877590232,22025336
2023-10-13,747.4276123046875,753.7788848660191,744.6048112974557,749.4960266639874,39745300
2023-10-16,744.4345092773438,746.794923276397,740.0056808464606,745.3592240817852,17856084
2023-10-17,750.0800170898438,757.1613181665532,747.0625893528261,757.1613181665532,32902558
2023-10-18,739.640625,750.0800099587005,738.8375816778204,750.0800099587005,31216200
2023-10-19,737.3045654296875,742.8041382598725,731.5860077723223,732.6567520860139,30252364
2023-10-20,741.125,743.1690561547468,732.4619708663353,732.4619708663353,21094010
2023-10-23,732.9730834960938,744.0208260452915,730.0772676931944,741.4657259067877,22376136
2023-10-25,728.3252563476562,741.1251158897211,725.8674694399969,740.2490577379119,28311996
2023-10-26,712.2158813476562,726.1350808000519,710.6828094760561,725.7700665168079,55561798
2023-10-27,715.0143432617188,719.3215000369331,713.9193003827721,715.1846713831347,31940532
2023-10-30,722.7770385742188,725.1374527205985,711.485952264384,712.1429661841146,23310982
2023-10-31,718.5914916992188,731.9753494856925,717.3747773549939,731.9753494856925,32634824
2023-11-01,717.6180419921875,719.0537409979071,711.6561423554264,711.6561423554264,33877466
2023-11-02,718.7131958007812,725.4051249981815,714.041024388573,722.7283533192214,45225154
2023-11-03,722.1199340820312,725.8430917067044,721.0979059562075,724.18834838353,18095340
2023-11-06,727.3518676757812,729.0552678342725,721.7549814407384,729.0552678342725,25593730
2023-11-07,723.8233642578125,727.1084929912065,718.9321488241404,727.1084929912065,41952848
2023-11-08,725.9161987304688,726.8408541843154,720.7816399888761,722.2173392755413,31399546
2023-11-09,723.044677734375,726.4271198457463,721.9982915168673,723.2150058605088,22116740
2023-11-10,725.8917846679688,728.0818705084018,720.3192566823748,720.3435553235623,14015186
2023-11-13,724.5777587890625,728.0575143276742,723.1663582507371,726.1837860969108,20605914
2023-11-15,732.1700439453125,735.3577999173147,730.2963157159859,732.0240144584016,41245460
2023-11-16,734.0924072265625,739.2756221207742,731.8536647558356,734.7494210785321,29713838
2023-11-17,732.5106811523438,733.6787387876133,724.6750527726409,725.16173850318,23701874
2023-11-20,732.559326171875,736.3554985735485,730.7829708116128,736.3554985735485,19331452
2023-11-21,738.7645874023438,740.7356883923068,735.9174877356371,739.2756311878541,24959972
2023-11-22,736.1365966796875,739.7623819588872,731.7564246812467,739.7623819588872,29123650
2023-11-23,740.3950805664062,741.6360936254299,734.1654789893513,734.1654789893513,13046220
2023-11-24,745.6512451171875,746.1622889319527,739.6893445243804,740.3463584220192,16469192
2023-11-28,743.9721069335938,748.1575920701932,742.5850645710412,747.1598626215828,28489338
2023-11-29,758.8161010742188,760.6898293348779,746.0892567948611,746.5272858530379,34042488
2023-11-30,758.645751953125,765.2889647471237,750.542422535641,763.6829374580863,69491440
2023-12-01,756.9910278320312,762.028213465217,755.3849410922298,758.2077422076743,22153536
2023-12-04,783.2720336914062,784.5374047202694,765.873018667368,772.8569470817542,50662456
2023-12-05,790.2315673828125,797.6778825457567,786.7274540178253,796.4611682648754,52230820
2023-12-06,792.2271118164062,797.4102676843459,786.8005536561491,797.4102676843459,38613060
2023-12-07,793.5167236328125,795.2444817359088,786.5814519897668,790.86431017188,20450386
2023-12-08,804.5888061523438,805.4648642096952,793.5167060552014,793.5167060552014,33728038
2023-12-11,803.5181884765625,809.6990738547369,801.5714454396721,803.0558607692541,23187620
2023-12-12,795.5364990234375,806.0732571804058,794.1981132379304,805.0755276490755,36581476
2023-12-13,793.7357788085938,796.2178641804811,786.0461204150259,794.4901060535459,29346914
2023-12-14,803.1044311523438,807.3872297272943,800.5979878797419,801.0846735866597,35172366
2023-12-15,806.2192993164062,811.7918273650013,801.3767404796611,803.0314839042278,138837130
2023-12-18,805.8055419921875,810.1857135762941,803.4937847672423,808.2389706500245,18014754
2023-12-19,804.44287109375,807.2413140972394,800.135714179051,803.0314705665357,24008446
2023-12-20,806.438232421875,812.2541029714071,800.3303029144753,806.9249181384845,34232520
2023-12-21,820.892822265625,822.3772375517154,803.1531506256655,806.4382794041677,36589240
2023-12-22,813.1788330078125,820.5034769444852,811.3537615362043,819.3840760112807,48578850
2023-12-26,818.8244018554688,820.5278019503709,812.059517577905,814.3469167985355,18045856
2023-12-27,828.9718627929688,830.5292334309963,816.9506891067552,818.3620896655261,27009078
2023-12-28,829.9208374023438,837.7808237889657,828.3391087868577,831.8919383640549,44076470
2023-12-29,831.8676147460938,834.6174011041943,825.4190285852712,825.9057143332578,25011426
2024-01-01,826.4410400390625,831.8189412093673,823.4722689184366,830.285869252277,14239686
2024-01-02,826.927734375,828.7285072707376,821.8661907638304,826.781764297971,29242092
2024-01-03,814.1766357421875,829.6532075675672,812.2541913065818,828.339179753768,28389762
2024-01-04,822.91259765625,824.9079973714623,813.1058678027235,816.6586975811834,26734056
2024-01-05,818.7027587890625,829.7505611476026,811.8405014795056,821.1118889384027,31889470
2024-01-08,809.577392578125,818.7757651976441,807.8983504931613,816.9020369293803,17998470
2024-01-09,803.2748413085938,816.5613862283932,801.4497697212522,811.3781710383666,25326888
2024-01-10,805.92724609375,807.8739890989318,798.8460040583302,799.6246893784266,16115824
2024-01-11,802.5447998046875,809.309743595266,799.6246853117656,807.8983430417109,18314010
2024-01-12,798.74853515625,805.9515071727096,795.0497357734226,804.004764401761,19773552
2024-01-15,814.1279296875,818.0700722997735,799.916670432672,801.9120700848223,28320356
2024-01-16,817.2183837890625,819.4084696501124,806.9736250528656,814.2252545636514,25322500
2024-01-17,748.279296875,777.1397839265529,743.8504686909188,764.0965828252033,170145236
2024-01-18,723.2879638671875,737.3288344094451,720.3191929835535,727.1084347245617,161070930
2024-01-19,715.744384765625,735.0171279009493,714.6493418669147,732.924355486129,109600538
2024-01-23,694.6708374023438,717.7153939258839,693.527137863982,712.9945662952517,115469402
2024-01-24,708.5657958984375,709.8068089160445,671.7480069982282,671.7480069982282,86004404
2024-01-25,698.3453979492188,709.27146932584,690.8017687875753,706.9110553088505,98941852
2024-01-29,707.9574584960938,711.923959354735,703.6503013666003,704.7453443356181,65645498
2024-01-30,702.9202880859375,712.1186016988493,701.2655445701624,707.9088172760645,41728768
2024-01-31,711.80224609375,717.8371016849802,699.2700884068386,700.5841161285045,65761040
2024-02-01,713.651611328125,717.1800828855794,708.6387839338071,713.0189555223712,32690740
2024-02-02,703.820556640625,720.7085271394582,701.8251570967384,717.8614275967279,44867754
2024-02-05,703.1878051757812,706.6189630437951,697.9316353856925,703.7475055995538,38605046
2024-02-06,702.8228759765625,705.5483042801744,697.2259898811583,703.5286059562596,41075740
2024-02-07,695.9362182617188,707.5437201567751,694.330191039234,707.1543478186637,54837086
2024-02-08,682.8444213867188,700.3163911601653,681.6033490400813,695.8875630019661,69106124
2024-02-09,683.112060546875,688.2709172654594,675.033089526087,677.5395328507874,56642124
2024-02-12,676.4932250976562,688.0033555217624,673.2567528222265,681.1897546934406,34447812
2024-02-13,678.6588745117188,683.4770749934498,673.7433606505093,677.4421602188512,57580994
2024-02-14,673.5974731445312,677.2232584177402,663.6204147201233,669.6796288773342,91320810
2024-02-15,688.197998046875,688.903668609651,673.7433958465795,674.0597534612269,41584944
2024-02-16,691.0451049804688,694.8412181662663,685.4725175238648,692.9918479710976,32175742
2024-02-19,689.682373046875,695.4739454261017,688.7576582283627,695.4739454261017,34451756
2024-02-20,707.7870483398438,709.22274741334,687.1029057664576,688.660276266856,56133508
2024-02-21,700.4137573242188,712.507885437546,698.3939997287421,712.507885437546,45893136
2024-02-22,690.8748168945312,695.3766603212918,687.2976289140083,689.9987587340186,50560882
2024-02-23,691.3857421875,697.85868621692,690.1203711604371,692.334815015207,29833452
2024-02-26,692.213134765625,698.3210050066913,687.9546346452112,687.9546346452112,23506870
2024-02-27,691.1668090820312,694.3545652339111,687.7113519923358,687.9546948776648,32087150
2024-02-28,685.9348754882812,693.1377886016653,683.3067606806109,691.1667470533215,25321986
2024-02-29,683.0147094726562,686.4215093038766,680.0459386445675,682.3819943114798,53295700
2024-03-01,696.3256225585938,697.2989940386686,681.360036052442,681.360036052442,34738898
2024-03-04,697.2745971679688,699.3673694975699,693.1864847071581,696.4228971703204,35616474
2024-03-05,701.2411499023438,702.2875361451739,691.8968072809968,692.0671354112525,37991672
2024-03-06,702.0928344726562,707.0813632922424,697.6883641851937,697.6883641851937,42409530
2024-03-07,703.7962646484375,706.205394802925,701.5088653436588,703.5042650748312,49348046
2024-03-11,694.889892578125,703.7231908402335,692.553777365576,695.9605773947812,50531094
2024-03-12,710.3421630859375,712.5078907659129,695.5955620745772,697.9073192338245,65418454
2024-03-13,710.755859375,716.2067158438075,705.7429725398497,713.2379447418698,63067454
2024-03-14,708.3467407226562,713.4812990740788,702.9202422173576,711.5832127948388,52432158
2024-03-15,706.9840698242188,710.2205419583659,701.9225261192986,705.6943406988961,143613804
2024-03-18,703.7719116210938,708.6144107880084,698.7833829737194,704.2342392927528,21437856
2024-03-19,705.3779907226562,706.8624060469253,698.6374048635253,698.6374048635253,36183594
2024-03-20,696.4716796875,706.4973944482159,693.3568789456579,705.2320233558721,43606094
2024-03-21,703.6258544921875,706.3026258563286,700.000069771983,702.0927826471133,28922860
2024-03-22,702.2145385742188,706.0593679691759,699.7324530743978,701.3141817980924,45980326
2024-03-26,693.7218627929688,699.8297331586394,692.1401341445468,694.5978614753975,56844290
2024-03-27,701.1680908203125,704.6965622791422,691.7020773602309,692.8214782766382,62168668
2024-03-28,704.6723022460938,710.8045307526719,701.1681292352769,701.1681292352769,55592142
2024-04-01,715.67138671875,717.2774734382766,708.4197572494843,709.5878149173326,25199570
2024-04-02,720.367919921875,727.5221766350272,712.1429189199621,713.0676337207477,41225446
2024-04-03,721.414306640625,727.9115494819865,716.109420115624,716.450076374618,45584386
2024-04-04,743.4611206054688,744.62917825726,731.9753490842609,731.9753490842609,88935066
2024-04-05,754.1439208984375,756.5529915753328,744.7022055513205,749.0093625181328,59055902
2024-04-08,752.7081298828125,757.891344732456,750.2504026191882,756.7719438017782,20482940
2024-04-09,753.6572875976562,756.7233723625303,749.64212991684,756.7233723625303,21884494
2024-04-10,747.7196655273438,754.3142814277871,746.0649220391629,754.3142814277871,27807400
2024-04-12,739.251220703125,744.5561067183442,736.574449351488,740.2489501526853,41084208
2024-04-15,727.4491577148438,734.8954733611977,726.1594880212867,728.8362596129997,23415248
2024-04-16,734.5304565429688,736.3068713842836,721.3899415012858,723.7016987771374,20744886
2024-04-18,727.4491577148438,739.2026303131596,725.6728022773389,734.7981599763604,34234884
2024-04-19,745.2619018554688,747.0382572891224,720.4165709168466,723.4827148610226,34576434
2024-04-22,735.9661254882812,757.9643557818745,734.0680986992392,757.9643557818745,42298438
2024-04-23,733.7274169921875,742.9257894510552,731.6103458842442,742.8284760660457,26827060
2024-04-24,735.7227783203125,740.613993564681,734.4331086916868,737.3288649584306,22441580
2024-04-25,735.260498046875,739.616311752735,733.0704121681982,733.0704121681982,35445204
2024-04-26,734.7981567382812,743.6558134751455,732.729742335618,739.6650141563123,24854694
2024-04-29,744.3858642578125,746.7949349875348,733.216449914726,737.3289207914913,36093350
2024-04-30,739.8109741210938,749.2526892649995,737.2802320622603,744.2398024289921,52307382
2024-05-02,745.7242431640625,748.0360004850149,739.9326708359107,740.7357142083232,33475006
2024-05-03,739.567626953125,749.7880273318675,733.5327119903678,746.2108990812835,31865242
2024-05-06,741.0520629882812,746.819277196089,738.3752913854279,740.7357053714223,28793396
2024-05-07,733.021728515625,741.7334150168236,732.0483570497901,740.7113274497933,28480602
2024-05-08,721.5845947265625,728.5441648774708,720.465193806477,728.0574791574124,41687862
2024-05-09,704.4776000976562,723.5800151607533,703.4069152466064,717.83709973452,46281278
2024-05-10,709.3616333007812,716.2929072582592,703.8856637079383,709.9042861034679,27276608
2024-05-13,717.9208984375,720.1655815796556,705.6122976051453,706.4509373389452,27047202
2024-05-14,720.7328491210938,722.9775322143812,715.4789152317669,716.4408878596623,25665142
2024-05-15,709.6575317382812,720.1161379403006,708.3255604595557,720.1161379403006,38931996
2024-05-16,720.3875122070312,721.5221990437014,708.1775543730138,713.3822271543565,34945236
2024-05-17,722.286865234375,724.210870736283,713.4562165510583,713.4562165510583,20920190
2024-05-21,719.6722412109375,725.0495080646152,715.380219686854,715.380219686854,43769978
2024-05-22,719.8695678710938,723.0269026870767,714.4182889056816,719.2035821431577,39996278
2024-05-23,736.3468017578125,737.8514873644924,718.808897899437,719.5982164877166,40861920
2024-05-24,748.4827270507812,749.814758588212,733.0908042399884,733.8308016870678,31060206
2024-05-27,753.6627807617188,762.1974428837648,749.3955099218479,751.5168000055969,29385440
2024-05-28,755.0441284179688,757.7821433020647,752.2321619595608,754.8467837037828,27908904
2024-05-29,744.0921630859375,751.763434227272,740.6141508121484,748.8774560751649,35147706
2024-05-30,747.3234252929688,751.6400771573121,738.8381451452329,739.6027730570852,33755350
2024-05-31,755.5620727539062,757.7573743920395,746.9040786650703,749.370736784836,74079588
2024-06-03,775.6160278320312,788.8373406823981,764.6640888415991,788.8373406823981,72637256
2024-06-04,731.684814453125,769.1040063078372,717.304185485308,768.1173430540747,89531240
2024-06-05,765.5520629882812,769.4000136473305,731.2901444599279,737.062160780223,81631650
2024-06-06,769.4493408203125,772.2859977724349,762.9867083301413,772.0147015010076,46422870
2024-06-07,776.183349609375,781.6099978301712,765.6754214599775,770.1154063679018,36712216
2024-06-10,770.2387084960938,779.7846636223554,768.4133453075493,776.5039961939522,22454058
2024-06-11,771.9653930664062,775.0240252200629,765.7493660748642,767.6240504407497,29545326
2024-06-12,776.5780029296875,783.5586575880445,772.7546827700062,776.9973227739393,39280436
2024-06-13,779.8340454101562,782.2760131134276,776.5040566032491,780.3273770852536,24120192
2024-06-14,787.80126953125,788.8372538804852,778.3292663726063,781.4372796414563,25540554
2024-06-18,793.1786499023438,794.5106212671108,784.1259659599784,787.8013228802739,32415714
2024-06-19,817.869873046875,823.8145435842582,791.3039754417663,795.941305047812,90131196
2024-06-20,823.5431518554688,829.5124525875813,814.983860042712,823.7651872236406,41408742
2024-06-21,821.7671508789062,825.2697933574087,810.6178682451445,825.2697933574087,51630776
2024-06-24,825.0478515625,826.3798229097616,811.9005512360641,812.5172157896385,28544994
2024-06-25,844.2631225585938,847.025767804676,824.4065232844747,824.4065232844747,74521548
2024-06-26,839.40380859375,844.041138181783,834.2731473521208,842.5857736709851,47596666
2024-06-27,836.7644653320312,845.0770913433391,832.0531241260426,836.7397746618053,55074650
2024-06-28,830.6718139648438,841.9197388781129,828.3037980772367,837.4797542547091,26476046
2024-07-01,841.2291259765625,842.2651706437105,828.7971921822882,828.7971921822882,21187024
2024-07-02,853.7597045898438,855.8810546817267,840.0204307746837,846.0637432263002,45921690
2024-07-03,872.5310668945312,885.0370126375711,870.5577402219837,883.5570176331604,123217802
2024-07-04,852.0578002929688,868.1404005851939,850.9231133709549,868.1404005851939,45848658
2024-07-05,813.0598754882812,831.2638253093144,810.1492067263514,831.2638253093144,82242548
2024-07-08,806.7698974609375,816.4391857049037,802.7246020410699,811.678583484828,39087800
2024-07-09,807.3372192382812,812.3691778178521,799.369901303005,801.6639054458949,48550878
2024-07-10,802.2066040039062,809.0639261539534,799.5672916548901,804.1059188594888,45507182
2024-07-11,800.1345825195312,802.0832183690328,789.8239394111588,801.1458762280633,44177074
2024-07-12,800.5292358398438,808.2745787950348,794.8312914757237,800.1839277769812,56049960
2024-07-15,800.2332763671875,804.031966294815,796.8292758573642,800.9239527377698,33375694
2024-07-16,799.073974609375,802.6506292263948,797.6186702674619,799.5673062806881,28950324
2024-07-18,796.6319580078125,801.1458943462288,788.9113057816174,793.2772787604164,33717064
2024-07-19,792.9320068359375,800.6772898644657,791.0573224261681,797.2239682199486,26002152
2024-07-22,810.3218994140625,814.4905276323838,795.5712715150735,797.7172520784763,53744822
2024-07-23,798.407958984375,812.9119216218081,791.7973027922226,812.7885887086006,52002152
2024-07-24,791.3286743164062,799.6906218755655,783.4353677463822,793.3513220807449,61728206
2024-07-25,797.5199584960938,801.6639565310072,785.8773432331659,785.8773432331659,25535732
2024-07-26,798.2846069335938,800.0605887969758,787.5792741911353,791.7972838101718,43810540
2024-07-29,791.822021484375,805.0432741154053,788.4920327099303,796.7306475152811,51001148
2024-07-30,797.001953125,806.4738965011826,788.8372904146756,790.3172853310259,54595834
2024-07-31,797.1005859375,803.0945773220608,793.8692396532248,796.237255579839,37820484
2024-08-01,808.471923828125,814.0219048337823,798.1859108540549,800.627938629233,26215174
2024-08-02,818.5111694335938,824.1104712768188,804.6238722852388,804.6238722852388,44119238
2024-08-05,797.1005859375,812.02386783421,789.8239443515008,809.1131991555811,41333634
2024-08-06,789.922607421875,805.5858871810888,786.0253355957136,804.1305829139676,45116050
2024-08-07,800.9238891601562,804.130544706532,790.415901512036,797.7172336137804,42346264
2024-08-08,810.3958740234375,815.6252376687839,798.8272709671206,801.1705962949537,33976950
2024-08-09,814.0958251953125,820.1885189537674,811.9252142176729,814.9838462106346,26644618
2024-08-12,818.9798583984375,826.7991529902637,812.6898798741655,814.9838840860709,39316196
2024-08-13,790.9092407226562,805.314560371115,789.8979470194763,803.1438891669751,54055042
2024-08-14,793.1786499023438,796.0892584565494,790.9092761384464,792.5372946697382,32334428
2024-08-16,805.1666259765625,806.1779800129083,794.757339532809,803.3906439659711,27849246
2024-08-19,804.895263671875,807.9045746403995,801.0225621096914,807.9045746403995,19502164
2024-08-20,807.9292602539062,812.0239372458545,802.8726105839366,802.8726105839366,31134494
2024-08-21,802.0586547851562,806.3753069063249,798.1120014172305,803.1932814957441,47630904
2024-08-22,804.77197265625,808.2252943260683,803.1439540663039,805.1172807347715,21300638
2024-08-23,801.6885986328125,806.1038926835937,800.6772446912317,806.1038926835937,20333422
2024-08-26,809.0392456054688,812.9858989531632,805.2159251748899,805.2159251748899,22364266
2024-08-27,807.9539184570312,812.714580974844,805.2159036816922,810.7412543536698,35773244
2024-08-28,807.6332397460938,808.9405806750858,804.2292392849356,807.9539173658313,26921188
2024-08-29,808.3485717773438,811.2345497877237,804.6979056469421,810.0505418236547,49052604
2024-08-30,807.5346069335938,819.9172195651064,799.7646332824804,816.9572296027775,445342100
2024-09-02,802.6258544921875,812.4185353190471,800.7758609185206,812.4185353190471,34049680
2024-09-03,807.756591796875,809.0392420850643,801.466613051357,806.1039427589494,37282860
2024-09-04,809.951904296875,811.4318992052836,805.1172301742814,808.5705516272349,24682744
2024-09-05,811.7525024414062,813.947864316631,810.0505324148638,812.0238589250097,22876318
2024-09-06,807.5592041015625,812.8872099026286,806.1532209716318,808.2252499925564,26029602
2024-09-09,812.2705688476562,813.2572321563082,804.1799176724811,808.0772497858858,23792914
2024-09-10,814.1698608398438,815.9705333718649,808.0772271240113,815.9705333718649,26606646
2024-09-11,810.9879150390625,815.2305552034559,808.6692201411954,814.1945707781381,22226684
2024-09-12,822.1865234375,823.8638631072175,812.541925723635,815.970556634334,32424046
2024-09-13,821.8658447265625,825.8371886289187,817.4752411837702,825.8371886289187,23860532
2024-09-16,824.3324584960938,827.7118283198007,820.9285184448568,822.383822656841,15172820
2024-09-17,823.2718505859375,827.8104775064535,820.9778464556504,827.8104775064535,20127122
2024-09-18,836.0984497070312,838.1210972952287,824.4064542356848,824.7764529489335,40917342
2024-09-19,842.8571166992188,848.0370989791965,838.2444778560398,838.2691083056365,30651776
2024-09-20,858.989013671875,860.8390072921377,842.3884524296358,846.8037464482039,60623386
2024-09-23,868.1651000976562,871.3963864151646,858.5204418257773,862.8370939539058,26965350
2024-09-24,872.2350463867188,878.9443447710721,865.4270455398441,870.7303607683197,33039036
2024-09-25,877.686279296875,882.0769427901153,868.3376691203036,868.3376691203036,31965312
2024-09-26,879.8323364257812,882.0770195965482,872.2350769395101,874.7017352717152,31899644
2024-09-27,864.6376953125,877.2422823547212,863.3303544458242,876.6503084858455,35613502
2024-09-30,854.47509765625,864.0456833682003,850.701098537286,862.738402689165,26383534
2024-10-01,851.5890502929688,859.3837142697525,848.5797393423385,850.5037447767241,24572284
2024-10-03,829.7838134765625,851.5644172954591,825.5164827720641,846.3844351066934,48473398
2024-10-04,817.771240234375,834.0511850540141,815.4772359655595,826.083866681385,48683232
2024-10-07,798.1119384765625,818.4371776300311,795.7439225540929,815.0824984433904,94458296
2024-10-08,814.5152587890625,817.3519158252083,800.1839500223357,804.1306032900168,29734406
2024-10-09,805.6845703125,817.3271848335777,803.4892084079638,813.7505304861846,41125642
2024-10-10,820.114501953125,821.6191272702827,805.363874384187,808.5705299330368,21754766
2024-10-11,814.4905395507812,821.1258260358886,810.6672193318118,821.1258260358886,23672594
2024-10-14,832.7931518554688,834.741848018609,815.9705545228965,816.9819085005773,18527508
2024-10-15,830.81982421875,837.6771462351046,826.5771840500105,835.7038196244212,19651130
2024-10-16,838.565185546875,842.585790426718,828.8465156450762,828.8465156450762,20470682
2024-10-17,825.4178466796875,837.5044718768119,821.4958240034423,836.1724403142362,14695732
2024-10-18,829.7098388671875,834.2238355924767,816.0198853262701,820.4598702584595,24809724
2024-10-21,852.8223876953125,862.4177242903107,844.1151323678729,846.063768270474,46548354
2024-10-22,845.841796875,858.3970631644344,843.9424218629189,853.4884373802005,38875280
2024-10-23,856.3251342773438,861.603759041874,841.1551854708522,841.1551854708522,38036090
2024-10-24,863.15771484375,872.5310159915173,857.4597103207274,857.4597103207274,30832258
2024-10-25,860.0744018554688,867.2030200365818,852.8223905419693,865.7970368926951,26130478
2024-10-28,855.5357055664062,863.8237012026692,852.9210840084185,859.383716444917,22012142
2024-10-29,864.2430419921875,870.2370336046123,851.0464203091243,851.5644426318723,35794926
2024-10-30,855.7330322265625,865.6736766021975,850.6023712370916,859.3836983279829,32715724
2024-10-31,856.2757568359375,857.8544543150349,848.2344867353692,852.4771270596069,22895912
2024-11-01,857.0650634765625,860.4196824223525,851.5397130969706,854.9437133825962,1759692
2024-11-04,845.6197509765625,860.8637106769045,844.0411138190809,860.8637106769045,28089248
2024-11-05,867.2030029296875,869.5956493162819,837.6277954866241,840.1437747820238,44232406
2024-11-06,865.9203491210938,873.9369881601011,861.0363539084846,873.9369881601011,27787910
2024-11-07,861.62841796875,868.7323455565536,857.4104082699865,860.5184217555121,18895456
2024-11-08,865.525634765625,869.15167034177,861.2829948869464,864.3169963876733,19902986
2024-11-11,871.3717041015625,879.5116762015548,863.9223481240455,865.5750573030832,24565362
2024-11-12,847.6424560546875,875.6637191561447,842.931174712482,874.1837241378527,31395406
2024-11-13,829.463134765625,853.1677439816382,825.3438276461692,846.9270867373347,35728500
2024-11-14,835.087158203125,841.05645917869,824.8998474928816,825.39317914741,27146470
2024-11-18,841.1797485351562,847.987749103584,836.1971111266544,838.6637692715708,27081968
2024-11-19,859.507080078125,865.1803941380466,839.9957889401087,845.5704607570133,50981272
2024-11-21,858.989013671875,867.7703408111802,855.5356922473849,863.0343691875372,35716512
2024-11-22,861.15966796875,865.4516892160756,853.2417315623627,860.148374275574,24773612
2024-11-25,880.8929443359375,889.7482832055338,870.6810037082952,880.6216480727867,427737274
2024-11-26,880.8683471679688,892.9302818593218,873.0983737208503,892.9302818593218,30935566
2024-11-27,894.06494140625,896.5562300169572,880.6709755435701,883.0143007972586,32714976
2024-11-28,884.6176147460938,905.8061839354122,882.07694483503,897.3702251985009,35722392
2024-11-29,886.04833984375,890.2662893460416,879.561016559754,888.6383310231244,27669536
2024-12-02,890.3156127929688,892.0176431336934,875.6636867426915,889.7236388960249,15110876
2024-12-03,900.9715576171875,906.4475265301775,895.9395389832724,899.1955156163089,43410242
2024-12-04,917.6461791992188,920.0635162996781,903.3642521901575,906.7435619082082,44669084
2024-12-05,920.4335327148438,927.4388181075851,905.3622266087298,917.596875706611,39682714
2024-12-06,915.5494995117188,919.6688066050771,909.7035317020062,916.1168429341786,17783156
2024-12-09,922.5302124023438,927.4635290462065,912.1702474502318,914.4642517338581,26947912
2024-12-10,921.5928344726562,926.3288062229569,916.881553393078,926.3288062229569,13325480
2024-12-11,919.1261596679688,923.4675021564423,915.9935158212785,918.4354833328279,14045426
2024-12-12,917.2268676757812,921.864197216933,912.0221946944998,913.1568815747593,17293790
2024-12-13,923.3934936523438,924.9968214762359,902.4268990322158,918.8301759997277,19009002
2024-12-16,920.1621704101562,922.5054957499956,915.2535445762154,920.1128492893367,13107082
2024-12-17,904.4002685546875,918.7562078618506,901.0702798391582,915.7962178924912,21079532
2024-12-18,893.275634765625,905.7569501607671,891.5243434620028,902.7229483325016,23422312
2024-12-19,884.790283203125,888.5395915672278,877.6369745293333,887.7995941182149,25380770
2024-12-20,873.93701171875,886.7883251977108,871.7417099804251,879.2156362475025,25692348
2024-12-23,888.4902954101562,890.956953642833,878.7716860618692,879.1169941259847,11044592
2024-12-24,887.0596313476562,892.2889348142179,882.8416818560752,889.0083275055933,14485834
2024-12-26,883.4336547851562,893.916952377888,878.5003382709294,887.2816657547127,10481678
2024-12-27,887.1336669921875,890.9322967259654,882.6196702111419,885.4316968356189,7259330
2024-12-30,877.0943603515625,895.3969526845203,873.6903598921683,884.1489668763874,22222218
2024-12-31,874.6029663085938,879.0183205202264,871.0263119988338,873.3450067875037,14117236
2025-01-01,879.4869995117188,885.0369805772112,868.80635723923,874.8989910757854,7313806
2025-01-02,884.9136352539062,889.6989281059142,874.6770036544534,876.699651347947,18558576
2025-01-03,862.9356689453125,885.6536147489581,861.5050553855514,883.5569553072743,24426194
2025-01-06,843.84375,866.8823129474961,841.5251154360177,858.4463541498661,18816348
2025-01-07,845.2744140625,849.0237223493897,838.6637582765616,846.063732614296,13527906
2025-01-08,835.8518676757812,844.4111600559388,830.4498497882179,842.7338203435289,19738190
2025-01-09,822.778564453125,833.237171528912,817.9932112311335,830.844525028491,40420222
2025-01-10,817.3272094726562,826.2811909461473,815.9705474379197,824.3571854708366,17453280
2025-01-13,804.5499267578125,812.3939122066796,801.3186405131205,809.0639234971638,21669066
2025-01-14,812.3198852539062,817.0558570637163,807.5839134440961,809.0145872775671,26661432
2025-01-15,810.568603515625,820.2625224034592,807.2386148292592,817.2038902170349,14022892
2025-01-16,815.0086059570312,819.2019251337407,810.4699184801376,815.4032351586193,21212454
2025-01-17,807.4605712890625,814.2438814190301,803.3905852110819,810.7905598983193,23112076
2025-01-20,814.6138916015625,819.3991845447669,802.1572673696536,802.1572673696536,17557618
2025-01-21,810.2479248046875,819.4485722440602,805.6352858599316,818.0672195171876,31158144
2025-01-22,821.9152221679688,824.8012002853578,801.8859089377631,810.2479165643738,30619306
2025-01-23,821.347900390625,832.2505181334424,814.6139111249832,832.2505181334424,34909158
2025-01-24,813.8986206054688,824.0119199318104,811.2839386423929,818.9305795964561,24236200
2025-01-27,804.0319213867188,810.839861804967,802.157237088582,809.6065327196525,22804166
2025-01-28,824.0612182617188,830.9185403912116,812.5172453545283,812.5172453545283,30179312
2025-01-29,827.4651489257812,829.3644636153648,823.2964606110903,826.3304621132276,12619890
2025-01-30,834.4705200195312,837.6278547525732,825.1219089590883,829.2905374831995,25744846
2025-01-31,838.047119140625,840.9824182950722,830.7457868177106,832.3738053097981,15821686
2025-02-01,834.1991577148438,845.0771450539991,826.8485640579613,837.4305042201771,5587528
2025-02-03,827.8104858398438,832.1518283284162,820.6324864421063,823.8638327488314,20276540
2025-02-04,848.9744873046875,851.391824544325,828.8219005259823,833.0891713164636,28616502
2025-02-05,857.311767578125,860.4690419690123,847.9877873258422,854.9437515638108,23675506
2025-02-06,860.29638671875,862.8370567631686,850.5037655001158,856.1770794811201,26760716
2025-02-07,854.8204345703125,871.7170439392539,850.997114202158,863.3304057123341,23509600
2025-02-10,846.4337158203125,850.2323451556149,842.8570616226162,847.1984039096569,17195950
2025-02-11,839.3544311523438,844.090402664855,833.0890834393857,840.1437497009048,22724704
2025-02-12,842.0184326171875,844.5837329512449,829.38909497558,835.2104321766692,22809570
2025-02-13,837.5291137695312,845.6937766231139,835.4818356095761,838.1704689996619,12602434
2025-02-14,836.1231079101562,839.601120018604,828.7971451888767,839.601120018604,19959892
2025-02-17,847.2230834960938,848.5304243918573,829.413823260936,831.3624591587258,12938946
2025-02-18,850.0350952148438,854.2284140997132,841.697778564227,845.1017788797033,16350910
2025-02-19,852.0823974609375,857.3610822217985,844.8057556604201,847.0504387449713,11884112
2025-02-20,832.2998046875,845.9157460199498,831.4118438608401,844.0904430253034,26390510
2025-02-21,834.9638061523438,836.1724445897772,827.4404985932164,829.2411711352042,15680940
2025-02-24,827.366455078125,830.8690975664632,819.4731490892408,829.339781575346,20693646
2025-02-25,829.9564819335938,832.7438177754724,824.406500920576,824.406500920576,24138708
2025-02-27,839.0091552734375,843.9671626938127,830.0552335524236,830.0552335524236,35786800
2025-02-28,854.6477661132812,857.0404125816553,831.2638337603047,831.2638337603047,54516728
2025-03-03,839.428466796875,859.9017296292334,835.7531099870528,858.2984018170607,21205364
2025-03-04,843.5971069335938,845.7184570804238,835.3338019387764,837.6771272358142,19920958
2025-03-05,833.73046875,843.991790915382,832.8671383829512,839.6257577393887,21583872
2025-03-06,834.3224487304688,838.6144701478811,824.973838204501,832.2504799228543,32966088
2025-03-07,833.3604736328125,839.2311321984157,827.6131479773222,829.7838192395386,13372914
2025-03-10,832.4971313476562,838.6144556459366,830.3018296675241,833.2371287977431,15604050
2025-03-11,831.510498046875,835.7038170818192,823.8885481247595,829.9811819724781,19898430
2025-03-12,844.1644287109375,847.7904041385841,834.4951408301645,834.4951408301645,18784106
2025-03-13,841.9197998046875,848.9251455168071,838.6885135609504,846.5818201293218,15736264
2025-03-17,843.79443359375,850.5037317302232,841.1304307424771,841.1304307424771,18950652
2025-03-18,843.79443359375,843.79443359375,843.79443359375,843.79443359375,0
2025-03-19,860.4197387695312,863.823739278078,854.5490799535085,855.930432694155,15221406
2025-03-20,872.5803833007812,875.1703745445009,862.985106495842,865.3037412350927,17833978
2025-03-21,873.3696899414062,875.2196836615442,866.0684175252852,866.0684175252852,33508264
2025-03-24,887.9969482421875,890.1676194932312,874.997671627427,877.6369838460287,17393736
2025-03-25,898.5789184570312,909.5555477752322,888.7369760332164,890.4143157035983,39101416
2025-03-26,891.2283325195312,901.5636066855513,888.9836493829623,900.3302775382388,24478442
2025-03-27,900.5029296875,908.2235821777275,887.0596420099644,887.9969842041877,41658100
2025-03-28,901.908935546875,905.7569466636451,890.8829847599874,902.3036249715724,28773648
2025-04-01,872.1363525390625,892.8809726796349,870.9030234039785,888.9836405685396,28511006
2025-04-02,886.4676513671875,887.602278026219,873.5423260418547,873.5423260418547,11573564
2025-04-03,885.456298828125,889.9702954640933,876.6503409310941,878.6729886492828,11250038
2025-04-04,896.5316162109375,908.6921929973271,893.4729239008652,894.4102660639704,33540454
2025-04-07,867.1289672851562,878.0562747489253,857.5090006629878,869.6450067324856,37995450
2025-04-08,872.7777099609375,879.1170096868965,863.4784203033727,870.730371547347,35563872
2025-04-09,870.7303466796875,875.6636630914704,865.0570328061372,870.7303466796875,22454608
2025-04-11,891.3269653320312,897.567622795633,875.540352413462,875.540352413462,32775766
2025-04-15,920.01416015625,925.8848185421238,915.1301650210728,920.0634812745557,49298344
2025-04-16,926.476806640625,929.3381542000717,917.8435030643678,929.3381542000717,19136820
2025-04-17,940.6353759765625,947.0486870380013,925.8354273732423,928.4501090482869,35703084
2025-04-21,950.6994018554688,962.3420166432835,942.2634427629204,949.170085798879,34247298
2025-04-22,967.7686767578125,972.1593405008402,954.5967457498784,954.5967457498784,45961750
2025-04-23,949.1207885742188,976.2540297557508,947.4434488933124,976.2540297557508,30570642
2025-04-24,945.6181030273438,949.1207455952106,939.8460867592294,942.2634238174406,25931754
2025-04-25,942.8554077148438,953.6100615716746,933.2848220611925,949.5647662059754,18500878
2025-04-28,947.29541015625,951.982060830828,941.4741328194633,942.8554253066497,13920492
2025-04-29,941.6715087890625,951.5381421157663,937.4288082816594,946.6048254524144,18918308
2025-04-30,949.6633911132812,955.5340495753018,942.4114402150566,943.7434115323153,31936870
2025-05-02,948.1340942382812,958.0007270723939,947.1967520748111,952.0314262519853,17840404
2025-05-05,955.4847412109375,962.9833580251333,953.2647488384409,956.5700467268101,15068024
2025-05-06,952.9686889648438,957.112686715781,949.3180830668039,952.1300492793257,17490156
2025-05-07,959.8259887695312,961.3553047488027,948.3807192627594,954.1033540161453,21420778
2025-05-08,951.3900756835938,964.364722012384,946.752746184645,964.364722012384,34803430
2025-05-09,932.248779296875,946.7034204881495,930.8181657127636,942.3127568324845,17188796
2025-05-12,965.5486450195312,966.8806765571811,943.3981029435623,946.0127244576516,18618972
2025-05-13,948.4794311523438,967.7686868855955,947.1967808891196,961.9967305905121,24242102
2025-05-14,942.5594482421875,952.2287366384547,938.8101397074491,948.2327622761527,15445308
2025-05-15,954.0047607421875,959.4314088460198,935.85013208818,943.9901042439285,32241458
2025-05-16,954.44873046875,958.9380967138302,951.340777169636,954.0047801554118,15868010
2025-05-19,956.4220581054688,959.5300716290252,952.6234284399217,955.5834183781088,10202964
2025-05-20,944.6807861328125,954.3993955236706,943.7434439560598,951.1927398071444,23879090
2025-05-21,950.5514526367188,960.4674068130723,947.739426083267,950.6500948788123,15132040
2025-05-22,947.1474609375,949.2687509312965,939.895449442171,944.828766015395,21306670
2025-05-23,953.906005859375,955.583345407158,944.4833839865793,947.2460290070277,9566072
2025-05-26,957.1620483398438,961.947401503022,950.6007734925844,954.5967478346391,10802860
2025-05-27,950.3048095703125,961.0100826032541,945.3714929245052,952.9194312599001,26162148
2025-05-28,948.9234619140625,954.3501102535763,946.0621141556768,947.295443323748,18157594
2025-05-29,950.896728515625,957.4580633637506,940.9314535555673,951.1433943336576,28917794
2025-05-30,959.4807739257812,961.4047794767922,949.8608063918771,953.0674622365118,28748078
2025-06-02,953.1660766601562,955.0900821550082,941.276795842849,952.1794133521448,14668822
2025-06-03,949.466064453125,962.9833634640112,947.1967509482078,956.0767204883472,24377584
2025-06-04,957.6553955078125,958.6914401720352,947.6407989299088,947.6901200517409,12961542
2025-06-05,961.7993774414062,966.3873858970264,957.1620478647775,961.0100588418235,22255418
2025-06-06,976.1552734375,984.8379583134906,958.3953347348495,959.0366899431259,30127008
2025-06-09,976.2539672851562,984.196594423998,974.7739724063232,984.196594423998,13202588
2025-06-10,969.5447387695312,978.1780428487654,967.472709657825,978.1780428487654,15533126
2025-06-11,962.194091796875,970.6793723493836,960.516752091058,970.6793723493836,11096394
2025-06-12,958.74072265625,967.4233474890254,954.7447484104943,961.9966994408974,16349130
2025-06-13,946.0127563476562,953.6100757725884,943.7434428106371,947.19676434732,12117762
2025-06-16,954.7940673828125,956.520728121515,947.2460692080249,949.1700746468088,16513746
2025-06-17,951.9327392578125,957.852719054467,946.7527569357399,955.5834055099792,16978736
2025-06-18,954.0540771484375,955.2380851367438,945.7167603313338,945.7167603313338,18433816
2025-06-19,954.7447509765625,960.4180648603083,949.9593979158449,954.0540746334422,16876220
2025-06-20,969.2486572265625,971.8140179089729,952.9193918485255,952.9193918485255,32900408
2025-06-23,961.2073364257812,965.8939867961492,957.9513597916495,961.2073364257812,11739518
2025-06-24,967.3740234375,976.3033140635843,964.7593416610487,969.3966711141703,22625322
2025-06-25,976.8953247070312,977.7833457795492,968.854054817417,969.8900392545883,18405932
2025-06-26,997.41796875,1000.032590400823,976.7966813877978,977.4873577522009,50084830
2025-06-27,1004.9491577148438,1007.393088107433,994.2258430942326,1004.0015037809444,28213384
2025-06-30,998.2658081054688,1004.400566128524,995.2732550959096,1003.2533964547342,13649020
2025-07-01,1003.5526123046875,1005.4977838847651,999.5126780283082,1000.0114368496795,14389386
2025-07-02,990.5350341796875,1007.4429706558585,986.4950998423908,1007.4429706558585,18878250
2025-07-03,991.0836181640625,1001.507689459166,989.6871300276722,994.9739612315547,16860506
2025-07-04,992.1809692382812,999.2633203019867,987.5424877454124,991.0836632772651,7863944
2025-07-07,991.2332763671875,996.7196233059492,989.4377568185034,992.0312782906421,11349426
2025-07-08,998.2159423828125,1000.0114620081927,986.0462146584523,986.0462146584523,15224316
2025-07-09,1003.1036987304688,1004.4005203490875,996.5699704674603,1001.0089360727129,13861428
2025-07-10,1000.6099243164062,1005.9965439473215,997.5176439735463,1005.4977851253348,17030310
2025-07-11,989.3878784179688,999.9117385623401,987.9913902076418,996.5201541247731,12516922
2025-07-14,989.0387573242188,991.8816582943851,982.8541356715338,989.0387573242188,13088850
2025-07-15,995.2732543945312,999.3131887778599,984.0511806165923,984.0511806165923,14498168
2025-07-16,995.6722412109375,1008.8394251469304,993.826797075495,1006.4952830829005,17994612
2025-07-17,990.98388671875,999.9116815490105,988.8890631972324,999.5126501495852,22529158
2025-07-18,976.2705078125,996.0213445308241,974.0759568696542,990.9838927216935,16129446
2025-07-21,997.7670288085938,998.5151670456409,985.7968170158388,986.6446826643673,22309078
2025-07-22,1001.058837890625,1006.4953213272488,999.0139388595042,1004.051390877723,14836814
2025-07-23,1009.6375122070312,1012.3806857402005,999.0139248978445,1003.0039954915454,13634916
2025-07-24,1004.5999755859375,1016.3208076773761,1001.7072110041944,1016.3208076773761,19107176
2025-07-25,1002.2999877929688,1007.5,999.5,1007.5,9306598
2025-07-28,1004.25,1010.7000122070312,1000.25,1001.5,12059580
2025-07-29,1010.7999877929688,1013.25,998.1500244140625,999.9500122070312,19895696
2025-07-30,1012.9000244140625,1016.2999877929688,1008.5,1014.0,15154036
2025-07-31,1009.0999755859375,1015.7000122070312,1004.0,1007.2999877929688,22183032
2025-08-01,1006.0999755859375,1014.1500244140625,1004.6500244140625,1007.0,11317258
2025-08-04,996.0,1009.25,994.0499877929688,1005.0499877929688,13933946
2025-08-05,988.7999877929688,997.2000122070312,982.75,993.25,23978058
2025-08-06,992.6500244140625,994.0,985.0,985.5499877929688,14080204
2025-08-07,997.7000122070312,1000.7999877929688,988.4000244140625,990.0499877929688,13081186
2025-08-08,986.9500122070312,996.4000244140625,985.0,993.5499877929688,13895264
2025-08-11,997.7999877929688,998.7999877929688,986.5499877929688,987.9500122070312,9105854
2025-08-12,984.9500122070312,998.0,983.75,995.9500122070312,12937802
2025-08-13,990.1500244140625,997.0,984.5499877929688,997.0,13577396
2025-08-14,995.5499877929688,998.0,985.5999755859375,989.0,17511716
2025-08-18,1001.7999877929688,1013.2999877929688,997.7999877929688,1005.0,19284796
2025-08-19,995.5499877929688,1003.0499877929688,993.3499755859375,999.1500244140625,12352438
2025-08-20,994.0999755859375,996.0,989.5,993.5,9950228
2025-08-21,995.5999755859375,998.75,991.5999755859375,998.75,12439850
2025-08-22,982.2999877929688,998.0,978.5499877929688,994.9500122070312,19833502
2025-08-25,982.0499877929688,988.7000122070312,978.5,980.0999755859375,17518044
2025-08-26,973.4000244140625,985.7000122070312,968.0,979.5,16917731
2025-08-28,957.7999877929688,972.2000122070312,955.0,967.0,25438255
2025-08-29,951.5999755859375,963.2999877929688,950.0999755859375,954.0,14823813
2025-09-01,950.5999755859375,957.4500122070312,946.3499755859375,949.5999755859375,20178344
2025-09-02,944.5,954.7999877929688,944.0,951.0,14196320
2025-09-03,954.4500122070312,956.2999877929688,940.0,945.0,16083481
2025-09-04,961.25,965.7000122070312,956.25,960.2000122070312,17597657
2025-09-05,963.4000244140625,967.5,954.0499877929688,967.5,11602111
2025-09-08,966.0,973.1500244140625,960.4500122070312,969.0,11711307
2025-09-09,965.1500244140625,974.4000244140625,962.7000122070312,974.0,13985539
2025-09-10,965.9000244140625,973.9000244140625,961.7000122070312,973.9000244140625,18091100
2025-09-11,967.7999877929688,969.25,959.9000244140625,960.2999877929688,15113633
2025-09-12,967.2999877929688,970.75,962.25,969.9000244140625,14363519
2025-09-15,967.0499877929688,972.3499755859375,965.0,969.5999755859375,14486377
2025-09-16,966.8499755859375,969.3499755859375,961.2000122070312,961.2000122070312,18661794
2025-09-17,966.5,974.4000244140625,964.3499755859375,965.1500244140625,17361476
2025-09-18,976.9000244140625,979.6500244140625,969.25,973.2999877929688,17791598
2025-09-19,966.9000244140625,976.7000122070312,962.0999755859375,974.9000244140625,31243267
2025-09-22,964.2000122070312,971.2000122070312,961.9500122070312,964.0,10854415
2025-09-23,957.2000122070312,968.2000122070312,955.5,967.0,21022298
2025-09-24,951.0499877929688,956.4500122070312,943.0,952.2000122070312,15117220
2025-09-25,949.8499755859375,958.0,947.4000244140625,952.5,31413279
2025-09-26,945.0499877929688,951.4500122070312,941.2999877929688,945.0999755859375,14874656
2025-09-29,950.2999877929688,956.7999877929688,939.0999755859375,946.0499877929688,32398179
2025-09-30,951.0,960.0,946.2999877929688,958.0499877929688,28296687
2025-10-01,965.25,969.5999755859375,946.0,952.7000122070312,25350832
2025-10-03,965.1500244140625,966.75,952.0,952.0,26658296
2025-10-06,973.4500122070312,977.4000244140625,962.0,971.9000244140625,18542683
2025-10-07,982.5,989.8499755859375,971.0,974.0,25535736
2025-10-08,978.7000122070312,985.9000244140625,974.5499877929688,976.0,15939710
2025-10-09,977.0999755859375,979.0,970.1500244140625,974.5,15370950
2025-10-10,980.9000244140625,986.2000122070312,978.0999755859375,979.0,13757080
2025-10-13,977.0,981.0,972.0,974.2999877929688,18634254
2025-10-14,977.1500244140625,980.4500122070312,967.0,970.0,22934382
2025-10-15,978.25,984.9000244140625,973.3499755859375,975.0,23310447
2025-10-16,994.3499755859375,996.5999755859375,981.5,982.6500244140625,22936566
2025-10-17,1002.5499877929688,1009.0,986.0,993.9500122070312,25210511
2025-10-20,1002.9500122070312,1020.0,997.0,997.0,22195202
2025-10-21,1007.7000122070312,1010.0,1004.0,1006.0,3471600
2025-10-23,1008.7999877929688,1020.5,1006.0,1016.0,43526526
2025-10-24,994.75,1011.9500122070312,991.2999877929688,1011.0,17707768
2025-10-27,1002.9500122070312,1009.0499877929688,996.2000122070312,996.5,15700796
2025-10-28,1003.5499877929688,1008.0,995.0,997.6500244140625,33904289
2025-10-29,1007.8499755859375,1012.5,1000.0,1004.9000244140625,17769445
2025-10-30,998.1500244140625,1009.5,997.0999755859375,1000.0,19962917
2025-10-31,987.2999877929688,1004.4500122070312,981.1500244140625,994.0,23221330
2025-11-03,992.6500244140625,994.5499877929688,983.2999877929688,985.0,16607180
2025-11-04,985.25,997.0,983.7000122070312,987.0,20024544
2025-11-06,984.6500244140625,991.0499877929688,974.0,981.0,22279516
2025-11-07,982.2999877929688,984.9000244140625,974.75,980.0,15004568
2025-11-10,984.5,990.9500122070312,980.2000122070312,982.2999877929688,15988262
2025-11-11,991.7000122070312,993.5,978.0,983.5,10200530
2025-11-12,989.5,999.0,987.7000122070312,998.7999877929688,13137263
2025-11-13,986.6500244140625,990.0999755859375,982.5999755859375,984.0,14124839
2025-11-14,989.5999755859375,991.6500244140625,976.0499877929688,976.0499877929688,21386965
2025-11-17,996.5499877929688,997.9500122070312,985.5999755859375,991.25,18396408
2025-11-18,992.4500122070312,999.0,990.0,997.6500244140625,20002640
2025-11-19,994.5999755859375,996.5499877929688,984.0,990.0,19813847
2025-11-20,1008.8499755859375,1011.5999755859375,992.4500122070312,995.2999877929688,19850865
2025-11-21,998.0499877929688,1008.2999877929688,996.5499877929688,1003.0999755859375,17499897
2025-11-24,999.1500244140625,1011.4500122070312,993.5999755859375,1000.0,32204053
2025-11-25,989.7999877929688,1006.0999755859375,988.4000244140625,1004.0,24989383
2025-11-26,1003.9000244140625,1006.9500122070312,981.2999877929688,981.2999877929688,19494356
2025-11-27,1009.5,1016.7999877929688,1001.0,1002.0999755859375,25536848
2025-11-28,1007.5999755859375,1012.0499877929688,1004.2000122070312,1007.0,15988807
2025-12-01,1002.0999755859375,1017.5,999.2999877929688,1017.5,16746566
2025-12-02,989.7999877929688,994.4000244140625,985.0,988.0,27316662
2025-12-03,1000.5,1002.2999877929688,986.0,986.0,15448777
2025-12-04,997.2000122070312,1004.7000122070312,993.0,1000.0,14528169
2025-12-05,1003.2999877929688,1008.0,990.2000122070312,992.0,12843366
2025-12-08,1003.0999755859375,1006.5,997.5,1000.0,12901022
2025-12-09,997.0999755859375,1002.7999877929688,994.0,994.9000244140625,15294322
2025-12-10,989.7999877929688,998.5,985.2999877929688,997.5,15322830
2025-12-11,1000.2999877929688,1002.7000122070312,988.5,990.0,11844809
2025-12-12,1001.5,1004.7000122070312,998.2000122070312,1003.0,11988618
2025-12-15,996.0999755859375,1001.7999877929688,992.0,992.0,9790060
2025-12-16,994.2999877929688,998.7000122070312,990.0999755859375,990.0999755859375,20049088
2025-12-17,984.0,996.0,980.7999877929688,996.0,19080922
2025-12-18,979.7000122070312,987.4000244140625,973.2999877929688,973.2999877929688,14912404
2025-12-19,985.5,988.0,978.7000122070312,987.0,25952384
2025-12-22,987.7000122070312,992.9000244140625,983.9000244140625,988.0,13540411
2025-12-23,996.5999755859375,998.9000244140625,987.7000122070312,990.5,17927849
2025-12-24,997.2000122070312,999.4000244140625,993.0,993.0,13699996
2025-12-26,992.0999755859375,997.2000122070312,987.7000122070312,996.0,9360853
2025-12-29,991.7000122070312,997.4000244140625,987.2000122070312,993.0999755859375,13545749
2025-12-30,990.9000244140625,995.0,982.2000122070312,990.2000122070312,33155849
2025-12-31,991.2000122070312,997.5999755859375,987.5999755859375,991.0,10963454
2026-01-01,991.1500244140625,997.5499877929688,989.5,993.5,7132074
2026-01-02,1001.5999755859375,1003.2000122070312,988.7999877929688,991.1500244140625,11751459
2026-01-05,977.5,1006.4000244140625,976.2999877929688,1005.75,27647379
2026-01-06,962.2000122070312,966.7000122070312,956.0,962.7000122070312,31988783
2026-01-07,949.0499877929688,956.4500122070312,946.0,956.0,52884712
2026-01-08,946.7000122070312,953.0,941.4000244140625,944.7000122070312,21928849
2026-01-09,939.0,950.5999755859375,933.2999877929688,945.0,38183839
2026-01-12,936.9500122070312,942.0,929.5999755859375,937.5,21071666
2026-01-13,937.3499755859375,947.7000122070312,932.5999755859375,947.7000122070312,32042827
2026-01-14,925.4500122070312,940.0499877929688,920.2000122070312,930.0,36688248
2026-01-15,925.4500122070312,925.4500122070312,925.4500122070312,925.4500122070312,0
2026-01-16,931.0999755859375,935.9500122070312,919.2000122070312,922.0,37780235
2026-01-19,927.9000244140625,936.1500244140625,919.5,935.9000244140625,38191942
2026-01-20,931.2000122070312,934.5,919.5999755859375,929.2999877929688,36022727
2026-01-21,920.3499755859375,932.1500244140625,915.5,925.0,32766854
2026-01-22,918.7000122070312,928.2999877929688,913.2000122070312,928.0,44444755
2026-01-23,916.0999755859375,926.0999755859375,909.25,920.0,30985247
2026-01-27,926.4000244140625,931.2000122070312,905.0,906.0,44753093
2026-01-28,932.7000122070312,941.4500122070312,928.4000244140625,932.5,35347138
2026-01-29,935.5,939.2999877929688,924.3499755859375,930.0999755859375,37175628
2026-01-30,929.25,938.9000244140625,927.75,930.0,29691233
2026-02-02,928.0999755859375,929.7999877929688,909.2999877929688,915.0,28032106
2026-02-03,948.7000122070312,994.0,945.0,983.75,50336968
2026-02-04,953.0999755859375,957.2000122070312,947.9500122070312,952.5,24366770
2026-02-05,949.7000122070312,956.0499877929688,946.7000122070312,956.0,28101059
